team,player_name,birth_date,age_years,market_value_eur,position,club,jersey_number,caps,career_goals,captain,wc2026_apps,wc2026_goals,wc2026_yellow,wc2026_red,source,retrieved_at
Czechia,Matěj Kovář,2000-05-17,26.1,,GK,PSV Eindhoven,1,20,0,False,3,0,0,0,26worldcup (Wikipedia),2026-07-13T08:49:41.814862+00:00
Czechia,Jindřich Staněk,1996-04-27,30.1,,GK,Slavia Prague,16,14,0,False,0,0,0,0,26worldcup (Wikipedia),2026-07-13T08:49:41.814862+00:00
Czechia,Lukáš Horníček,2002-07-13,23.9,,GK,Braga,23,1,0,False,0,0,0,0,26worldcup (Wikipedia),2026-07-13T08:49:41.814862+00:00
Czechia,David Zima,2000-11-08,25.6,,DF,Slavia Prague,2,25,1,False,1,0,0,0,26worldcup (Wikipedia),2026-07-13T08:49:41.814862+00:00
Czechia,Tomáš Holeš,1993-03-31,33.2,,DF,Slavia Prague,3,41,2,False,2,0,0,0,26worldcup (Wikipedia),2026-07-13T08:49:41.814862+00:00
Czechia,Robin Hranáč,2000-01-29,26.4,,DF,TSG Hoffenheim,4,14,1,False,3,0,0,0,26worldcup (Wikipedia),2026-07-13T08:49:41.814862+00:00
Czechia,Vladimír Coufal,1992-08-22,33.8,,DF,TSG Hoffenheim,5,62,2,False,3,0,0,0,26worldcup (Wikipedia),2026-07-13T08:49:41.814862+00:00
Czechia,Štěpán Chaloupek,2003-03-08,23.3,,DF,Slavia Prague,6,5,0,False,1,0,0,0,26worldcup (Wikipedia),2026-07-13T08:49:41.814862+00:00
Czechia,Ladislav Krejčí,1999-04-20,27.1,,DF,Wolverhampton Wanderers,7,27,5,False,3,1,1,0,26worldcup (Wikipedia),2026-07-13T08:49:41.814862+00:00
Czechia,David Jurásek,2000-08-07,25.8,,DF,Slavia Prague,14,18,1,False,0,0,0,0,26worldcup (Wikipedia),2026-07-13T08:49:41.814862+00:00
Czechia,Jaroslav Zelený,1992-08-20,33.8,,DF,Sparta Prague,20,23,0,False,2,0,0,0,26worldcup (Wikipedia),2026-07-13T08:49:41.814862+00:00
Czechia,David Douděra,1998-05-31,28.0,,DF,Slavia Prague,21,17,2,False,1,0,0,0,26worldcup (Wikipedia),2026-07-13T08:49:41.814862+00:00
Czechia,Vladimír Darida,1990-08-08,35.8,,MF,Hradec Králové,8,79,8,False,1,0,0,0,26worldcup (Wikipedia),2026-07-13T08:49:41.814862+00:00
Czechia,Lukáš Červ,2001-04-10,25.2,,MF,Viktoria Plzeň,12,17,2,False,2,0,0,0,26worldcup (Wikipedia),2026-07-13T08:49:41.814862+00:00
Czechia,Lukáš Provod,1996-10-23,29.6,,MF,Slavia Prague,17,38,3,False,3,0,0,0,26worldcup (Wikipedia),2026-07-13T08:49:41.814862+00:00
Czechia,Michal Sadílek,1999-05-31,27.0,,MF,Slavia Prague,18,35,1,False,3,1,0,0,26worldcup (Wikipedia),2026-07-13T08:49:41.814862+00:00
Czechia,Tomáš Souček,1995-02-27,31.3,,MF,West Ham United,22,90,17,False,3,0,0,0,26worldcup (Wikipedia),2026-07-13T08:49:41.814862+00:00
Czechia,Alexandr Sojka,2003-04-02,23.2,,MF,Viktoria Plzeň,24,2,0,False,3,0,0,0,26worldcup (Wikipedia),2026-07-13T08:49:41.814862+00:00
Czechia,Hugo Sochůrek,2008-06-07,18.0,,MF,Sparta Prague,25,1,0,False,0,0,0,0,26worldcup (Wikipedia),2026-07-13T08:49:41.814862+00:00
Czechia,Adam Hložek,2002-07-25,23.9,,FW,TSG Hoffenheim,9,43,5,False,3,0,0,0,26worldcup (Wikipedia),2026-07-13T08:49:41.814862+00:00
Czechia,Patrik Schick,1996-01-24,30.4,,FW,Bayer Leverkusen,10,53,26,False,3,0,0,0,26worldcup (Wikipedia),2026-07-13T08:49:41.814862+00:00
Czechia,Jan Kuchta,1997-01-08,29.4,,FW,Sparta Prague,11,31,3,False,0,0,0,0,26worldcup (Wikipedia),2026-07-13T08:49:41.814862+00:00
Czechia,Mojmír Chytil,1999-04-29,27.1,,FW,Slavia Prague,13,22,6,False,1,0,0,0,26worldcup (Wikipedia),2026-07-13T08:49:41.814862+00:00
Czechia,Pavel Šulc,2000-12-29,25.4,,FW,Lyon,15,21,5,False,3,0,0,0,26worldcup (Wikipedia),2026-07-13T08:49:41.814862+00:00
Czechia,Tomáš Chorý,1995-01-26,31.4,,FW,Slavia Prague,19,22,7,False,2,0,0,0,26worldcup (Wikipedia),2026-07-13T08:49:41.814862+00:00
Czechia,Denis Višinský,2003-03-21,23.2,,FW,Viktoria Plzeň,26,2,1,False,1,0,0,0,26worldcup (Wikipedia),2026-07-13T08:49:41.814862+00:00
Mexico,Raúl Rangel,2000-02-25,26.3,,GK,Guadalajara,1,14,0,False,5,0,0,0,26worldcup (Wikipedia),2026-07-13T08:49:41.814862+00:00
Mexico,Carlos Acevedo,1996-04-19,30.1,,GK,Santos Laguna,12,7,0,False,0,0,0,0,26worldcup (Wikipedia),2026-07-13T08:49:41.814862+00:00
Mexico,Guillermo Ochoa,1985-07-13,40.9,,GK,AEL Limassol,13,152,0,False,1,0,0,0,26worldcup (Wikipedia),2026-07-13T08:49:41.814862+00:00
Mexico,Jorge Sánchez,1997-12-10,28.5,,DF,PAOK,2,59,3,False,4,0,1,0,26worldcup (Wikipedia),2026-07-13T08:49:41.814862+00:00
Mexico,César Montes,1997-02-24,29.3,,DF,Lokomotiv Moscow,3,67,4,False,4,0,0,1,26worldcup (Wikipedia),2026-07-13T08:49:41.814862+00:00
Mexico,Edson Álvarez,1997-10-24,28.6,,DF,Fenerbahçe,4,98,7,False,4,0,1,0,26worldcup (Wikipedia),2026-07-13T08:49:41.814862+00:00
Mexico,Johan Vásquez,1998-10-22,27.6,,DF,Genoa,5,46,3,False,4,0,1,0,26worldcup (Wikipedia),2026-07-13T08:49:41.814862+00:00
Mexico,Israel Reyes,2000-05-23,26.1,,DF,América,15,34,2,False,4,0,0,0,26worldcup (Wikipedia),2026-07-13T08:49:41.814862+00:00
Mexico,Mateo Chávez,2004-05-12,22.1,,DF,AZ,20,10,0,False,1,1,0,0,26worldcup (Wikipedia),2026-07-13T08:49:41.814862+00:00
Mexico,Jesús Gallardo,1994-08-15,31.8,,DF,Toluca,23,121,3,False,5,0,0,0,26worldcup (Wikipedia),2026-07-13T08:49:41.814862+00:00
Mexico,Érik Lira,2000-05-08,26.1,,MF,Cruz Azul,6,25,0,False,4,0,0,0,26worldcup (Wikipedia),2026-07-13T08:49:41.814862+00:00
Mexico,Luis Romo,1995-06-05,31.0,,MF,Guadalajara,7,63,4,False,4,1,0,0,26worldcup (Wikipedia),2026-07-13T08:49:41.814862+00:00
Mexico,Álvaro Fidalgo,1997-04-09,29.2,,MF,Real Betis,8,4,0,False,3,1,0,0,26worldcup (Wikipedia),2026-07-13T08:49:41.814862+00:00
Mexico,Orbelín Pineda,1996-03-24,30.2,,MF,AEK Athens,17,92,12,False,2,0,0,0,26worldcup (Wikipedia),2026-07-13T08:49:41.814862+00:00
Mexico,Obed Vargas,2005-08-05,20.8,,MF,Atlético Madrid,18,6,0,False,3,0,0,0,26worldcup (Wikipedia),2026-07-13T08:49:41.814862+00:00
Mexico,Gilberto Mora,2008-10-14,17.7,,MF,Tijuana,19,8,0,False,4,0,0,0,26worldcup (Wikipedia),2026-07-13T08:49:41.814862+00:00
Mexico,Luis Chávez,1996-01-15,30.4,,MF,Dynamo Moscow,24,45,5,False,1,0,0,0,26worldcup (Wikipedia),2026-07-13T08:49:41.814862+00:00
Mexico,Brian Gutiérrez,2003-06-17,23.0,,MF,Guadalajara,26,7,2,False,4,0,1,0,26worldcup (Wikipedia),2026-07-13T08:49:41.814862+00:00
Mexico,Raúl Jiménez,1991-05-05,35.1,,FW,Fulham,9,124,45,False,4,3,0,0,26worldcup (Wikipedia),2026-07-13T08:49:41.814862+00:00
Mexico,Alexis Vega,1997-11-25,28.5,,FW,Toluca,10,52,7,False,1,0,0,0,26worldcup (Wikipedia),2026-07-13T08:49:41.814862+00:00
Mexico,Santiago Giménez,2001-04-18,25.1,,FW,Milan,11,47,6,False,4,0,0,0,26worldcup (Wikipedia),2026-07-13T08:49:41.814862+00:00
Mexico,Armando González,2003-04-20,23.1,,FW,Guadalajara,14,7,1,False,1,0,0,0,26worldcup (Wikipedia),2026-07-13T08:49:41.814862+00:00
Mexico,Julián Quiñones,1997-03-24,29.2,,FW,Al-Qadsiah,16,22,2,False,5,4,0,0,26worldcup (Wikipedia),2026-07-13T08:49:41.814862+00:00
Mexico,César Huerta,2000-12-03,25.5,,FW,Anderlecht,21,26,3,False,1,0,0,0,26worldcup (Wikipedia),2026-07-13T08:49:41.814862+00:00
Mexico,Guillermo Martínez,1995-03-15,31.2,,FW,Pumas UNAM,22,12,3,False,2,0,0,0,26worldcup (Wikipedia),2026-07-13T08:49:41.814862+00:00
Mexico,Roberto Alvarado,1998-09-07,27.8,,FW,Guadalajara,25,67,5,False,5,0,0,0,26worldcup (Wikipedia),2026-07-13T08:49:41.814862+00:00
South Africa,Ronwen Williams,1992-01-21,34.4,,GK,Mamelodi Sundowns,1,62,0,False,4,0,0,0,26worldcup (Wikipedia),2026-07-13T08:49:41.814862+00:00
South Africa,Sipho Chaine,1996-12-14,29.5,,GK,Orlando Pirates,16,4,0,False,0,0,0,0,26worldcup (Wikipedia),2026-07-13T08:49:41.814862+00:00
South Africa,Ricardo Goss,1994-04-02,32.2,,GK,Siwelele,22,5,0,False,0,0,0,0,26worldcup (Wikipedia),2026-07-13T08:49:41.814862+00:00
South Africa,Thabang Matuludi,1999-01-14,27.4,,DF,Polokwane City,2,3,0,False,0,0,0,0,26worldcup (Wikipedia),2026-07-13T08:49:41.814862+00:00
South Africa,Khulumani Ndamane,2004-02-05,22.3,,DF,Mamelodi Sundowns,3,5,0,False,0,0,0,0,26worldcup (Wikipedia),2026-07-13T08:49:41.814862+00:00
South Africa,Aubrey Modiba,1995-07-22,30.9,,DF,Mamelodi Sundowns,6,44,3,False,4,0,1,0,26worldcup (Wikipedia),2026-07-13T08:49:41.814862+00:00
South Africa,Mbekezeli Mbokazi,2005-09-19,20.7,,DF,Chicago Fire FC,14,10,1,False,4,0,0,0,26worldcup (Wikipedia),2026-07-13T08:49:41.814862+00:00
South Africa,Samukele Kabini,2004-03-15,22.2,,DF,Molde,18,6,0,False,0,0,0,0,26worldcup (Wikipedia),2026-07-13T08:49:41.814862+00:00
South Africa,Nkosinathi Sibisi,1995-09-22,30.7,,DF,Orlando Pirates,19,20,0,False,1,0,1,0,26worldcup (Wikipedia),2026-07-13T08:49:41.814862+00:00
South Africa,Khuliso Mudau,1995-04-26,31.1,,DF,Mamelodi Sundowns,20,32,1,False,4,0,0,0,26worldcup (Wikipedia),2026-07-13T08:49:41.814862+00:00
South Africa,Ime Okon,2004-02-20,22.3,,DF,Hannover 96,21,8,1,False,4,0,0,0,26worldcup (Wikipedia),2026-07-13T08:49:41.814862+00:00
South Africa,Olwethu Makhanya,2004-04-30,22.1,,DF,Philadelphia Union,24,1,0,False,0,0,0,0,26worldcup (Wikipedia),2026-07-13T08:49:41.814862+00:00
South Africa,Bradley Cross,2001-01-30,25.4,,DF,Kaizer Chiefs,26,1,0,False,0,0,0,0,26worldcup (Wikipedia),2026-07-13T08:49:41.814862+00:00
South Africa,Teboho Mokoena,1997-01-24,29.4,,MF,Mamelodi Sundowns,4,51,9,False,3,1,2,0,26worldcup (Wikipedia),2026-07-13T08:49:41.814862+00:00
South Africa,Thalente Mbatha,2000-03-06,26.3,,MF,Orlando Pirates,5,15,3,False,4,0,1,0,26worldcup (Wikipedia),2026-07-13T08:49:41.814862+00:00
South Africa,Themba Zwane,1989-08-03,36.9,,MF,Mamelodi Sundowns,11,54,12,False,1,0,0,1,26worldcup (Wikipedia),2026-07-13T08:49:41.814862+00:00
South Africa,Sphephelo Sithole,1999-03-03,27.3,,MF,Tondela,13,28,1,False,3,0,0,1,26worldcup (Wikipedia),2026-07-13T08:49:41.814862+00:00
South Africa,Jayden Adams,2001-05-05,25.1,,MF,Mamelodi Sundowns,23,5,0,False,3,0,0,0,26worldcup (Wikipedia),2026-07-13T08:49:41.814862+00:00
South Africa,Oswin Appollis,2001-08-25,24.8,,FW,Orlando Pirates,7,26,8,False,4,0,0,0,26worldcup (Wikipedia),2026-07-13T08:49:41.814862+00:00
South Africa,Tshepang Moremi,2000-10-02,25.7,,FW,Orlando Pirates,8,10,1,False,2,0,0,0,26worldcup (Wikipedia),2026-07-13T08:49:41.814862+00:00
South Africa,Lyle Foster,2000-09-03,25.8,,FW,Burnley,9,27,10,False,1,0,0,0,26worldcup (Wikipedia),2026-07-13T08:49:41.814862+00:00
South Africa,Relebohile Mofokeng,2004-10-23,21.6,,FW,Orlando Pirates,10,13,0,False,3,0,0,0,26worldcup (Wikipedia),2026-07-13T08:49:41.814862+00:00
South Africa,Thapelo Maseko,2003-11-11,22.6,,FW,AEL Limassol,12,10,1,False,3,1,0,0,26worldcup (Wikipedia),2026-07-13T08:49:41.814862+00:00
South Africa,Iqraam Rayners,1995-12-19,30.5,,FW,Mamelodi Sundowns,15,14,4,False,4,0,0,0,26worldcup (Wikipedia),2026-07-13T08:49:41.814862+00:00
South Africa,Evidence Makgopa,2000-06-05,26.0,,FW,Orlando Pirates,17,26,6,False,4,0,0,0,26worldcup (Wikipedia),2026-07-13T08:49:41.814862+00:00
South Africa,Kamogelo Sebelebele,2002-07-21,23.9,,FW,Orlando Pirates,25,3,0,False,1,0,0,0,26worldcup (Wikipedia),2026-07-13T08:49:41.814862+00:00
Korea Republic,Kim Seung-gyu,1990-09-30,35.7,,GK,FC Tokyo,1,87,0,False,3,0,0,0,26worldcup (Wikipedia),2026-07-13T08:49:41.814862+00:00
Korea Republic,Song Bum-keun,1997-10-15,28.7,,GK,Jeonbuk Hyundai Motors,12,3,0,False,0,0,0,0,26worldcup (Wikipedia),2026-07-13T08:49:41.814862+00:00
Korea Republic,Jo Hyeon-woo,1991-09-25,34.7,,GK,Ulsan HD,21,48,0,False,0,0,0,0,26worldcup (Wikipedia),2026-07-13T08:49:41.814862+00:00
Korea Republic,Lee Han-beom,2002-06-17,24.0,,DF,Midtjylland,2,8,0,False,3,0,0,0,26worldcup (Wikipedia),2026-07-13T08:49:41.814862+00:00
Korea Republic,Kim Min-jae,1996-11-15,29.6,,DF,Bayern Munich,4,79,4,False,3,0,0,0,26worldcup (Wikipedia),2026-07-13T08:49:41.814862+00:00
Korea Republic,Kim Tae-hyeon,2000-09-17,25.7,,DF,Kashima Antlers,5,7,0,False,0,0,0,0,26worldcup (Wikipedia),2026-07-13T08:49:41.814862+00:00
Korea Republic,Lee Tae-seok,2002-07-28,23.9,,DF,Austria Wien,13,15,1,False,2,0,0,0,26worldcup (Wikipedia),2026-07-13T08:49:41.814862+00:00
Korea Republic,Cho Wi-je,2001-08-25,24.8,,DF,Jeonbuk Hyundai Motors,14,1,0,False,0,0,0,0,26worldcup (Wikipedia),2026-07-13T08:49:41.814862+00:00
Korea Republic,Kim Moon-hwan,1995-08-01,30.9,,DF,Daejeon Hana Citizen,15,35,0,False,1,0,0,0,26worldcup (Wikipedia),2026-07-13T08:49:41.814862+00:00
Korea Republic,Park Jin-seob,1995-10-23,30.6,,DF,Zhejiang,16,14,1,False,2,0,0,0,26worldcup (Wikipedia),2026-07-13T08:49:41.814862+00:00
Korea Republic,Seol Young-woo,1998-12-05,27.5,,DF,Red Star Belgrade,22,34,0,False,3,0,0,0,26worldcup (Wikipedia),2026-07-13T08:49:41.814862+00:00
Korea Republic,Jens Castrop,2003-07-29,22.9,,DF,Borussia Mönchengladbach,23,7,0,False,1,0,0,0,26worldcup (Wikipedia),2026-07-13T08:49:41.814862+00:00
Korea Republic,Lee Gi-hyuk,2000-07-07,25.9,,MF,Gangwon FC,3,3,0,False,3,0,1,0,26worldcup (Wikipedia),2026-07-13T08:49:41.814862+00:00
Korea Republic,Hwang In-beom,1996-09-20,29.7,,MF,Feyenoord,6,73,6,False,3,1,0,0,26worldcup (Wikipedia),2026-07-13T08:49:41.814862+00:00
Korea Republic,Paik Seung-ho,1997-03-17,29.2,,MF,Birmingham City,8,27,3,False,3,0,1,0,26worldcup (Wikipedia),2026-07-13T08:49:41.814862+00:00
Korea Republic,Lee Jae-sung,1992-08-10,33.8,,MF,Mainz 05,10,105,15,False,2,0,0,0,26worldcup (Wikipedia),2026-07-13T08:49:41.814862+00:00
Korea Republic,Hwang Hee-chan,1996-01-26,30.4,,MF,Wolverhampton Wanderers,11,79,17,False,3,0,0,0,26worldcup (Wikipedia),2026-07-13T08:49:41.814862+00:00
Korea Republic,Bae Jun-ho,2003-08-21,22.8,,MF,Stoke City,17,13,2,False,0,0,0,0,26worldcup (Wikipedia),2026-07-13T08:49:41.814862+00:00
Korea Republic,Lee Kang-in,2001-02-19,25.3,,MF,Paris Saint-Germain,19,47,11,False,3,0,1,0,26worldcup (Wikipedia),2026-07-13T08:49:41.814862+00:00
Korea Republic,Yang Hyun-jun,2002-05-25,24.0,,MF,Celtic,20,9,0,False,1,0,0,0,26worldcup (Wikipedia),2026-07-13T08:49:41.814862+00:00
Korea Republic,Kim Jin-gyu,1997-02-24,29.3,,MF,Jeonbuk Hyundai Motors,24,22,3,False,2,0,0,0,26worldcup (Wikipedia),2026-07-13T08:49:41.814862+00:00
Korea Republic,Eom Ji-sung,2002-05-09,24.1,,MF,Swansea City,25,9,2,False,2,0,0,0,26worldcup (Wikipedia),2026-07-13T08:49:41.814862+00:00
Korea Republic,Lee Dong-gyeong,1997-09-20,28.7,,MF,Ulsan HD,26,18,4,False,0,0,0,0,26worldcup (Wikipedia),2026-07-13T08:49:41.814862+00:00
Korea Republic,Son Heung-min,1992-07-08,33.9,,FW,Los Angeles FC,7,144,56,False,3,0,0,0,26worldcup (Wikipedia),2026-07-13T08:49:41.814862+00:00
Korea Republic,Cho Gue-sung,1998-01-25,28.4,,FW,Midtjylland,9,44,12,False,2,0,1,0,26worldcup (Wikipedia),2026-07-13T08:49:41.814862+00:00
Korea Republic,Oh Hyeon-gyu,2001-04-12,25.2,,FW,Beşiktaş,18,27,6,False,3,1,0,0,26worldcup (Wikipedia),2026-07-13T08:49:41.814862+00:00
Bosnia and Herzegovina,Nikola Vasilj,1995-12-02,30.5,,GK,FC St. Pauli,1,26,0,False,4,0,0,0,26worldcup (Wikipedia),2026-07-13T08:49:41.814862+00:00
Bosnia and Herzegovina,Mladen Jurkas,2007-10-07,18.7,,GK,Borac Banja Luka,12,0,0,False,0,0,0,0,26worldcup (Wikipedia),2026-07-13T08:49:41.814862+00:00
Bosnia and Herzegovina,Martin Zlomislić,1998-08-16,27.8,,GK,Rijeka,22,3,0,False,0,0,0,0,26worldcup (Wikipedia),2026-07-13T08:49:41.814862+00:00
Bosnia and Herzegovina,Nihad Mujakić,1998-04-15,28.2,,DF,Gaziantep,2,12,1,False,0,0,0,0,26worldcup (Wikipedia),2026-07-13T08:49:41.814862+00:00
Bosnia and Herzegovina,Dennis Hadžikadunić,1998-07-09,27.9,,DF,Sampdoria,3,32,0,False,1,0,0,0,26worldcup (Wikipedia),2026-07-13T08:49:41.814862+00:00
Bosnia and Herzegovina,Tarik Muharemović,2003-02-28,23.3,,DF,Sassuolo,4,14,1,False,3,0,0,1,26worldcup (Wikipedia),2026-07-13T08:49:41.814862+00:00
Bosnia and Herzegovina,Sead Kolašinac,1993-06-20,33.0,,DF,Atalanta,5,65,0,False,4,0,0,0,26worldcup (Wikipedia),2026-07-13T08:49:41.814862+00:00
Bosnia and Herzegovina,Amar Dedić,2002-08-18,23.8,,DF,Benfica,7,28,1,False,3,0,1,0,26worldcup (Wikipedia),2026-07-13T08:49:41.814862+00:00
Bosnia and Herzegovina,Nikola Katić,1996-10-10,29.7,,DF,Schalke 04,18,17,2,False,4,0,1,0,26worldcup (Wikipedia),2026-07-13T08:49:41.814862+00:00
Bosnia and Herzegovina,Stjepan Radeljić,1997-09-05,28.8,,DF,Rijeka,21,5,0,False,2,0,1,0,26worldcup (Wikipedia),2026-07-13T08:49:41.814862+00:00
Bosnia and Herzegovina,Arjan Malić,2005-08-28,20.8,,DF,Sturm Graz,24,8,0,False,1,0,0,0,26worldcup (Wikipedia),2026-07-13T08:49:41.814862+00:00
Bosnia and Herzegovina,Benjamin Tahirović,2003-03-03,23.3,,MF,Brøndby,6,28,2,False,4,0,0,0,26worldcup (Wikipedia),2026-07-13T08:49:41.814862+00:00
Bosnia and Herzegovina,Armin Gigović,2002-04-06,24.2,,MF,Young Boys,8,20,1,False,2,0,0,0,26worldcup (Wikipedia),2026-07-13T08:49:41.814862+00:00
Bosnia and Herzegovina,Ivan Bašić,2002-04-30,24.1,,MF,Astana,13,17,0,False,3,0,0,0,26worldcup (Wikipedia),2026-07-13T08:49:41.814862+00:00
Bosnia and Herzegovina,Ivan Šunjić,1996-10-09,29.7,,MF,Pafos,14,11,0,False,4,0,0,0,26worldcup (Wikipedia),2026-07-13T08:49:41.814862+00:00
Bosnia and Herzegovina,Amar Memić,2001-01-20,25.4,,MF,Viktoria Plzeň,15,13,1,False,4,0,0,0,26worldcup (Wikipedia),2026-07-13T08:49:41.814862+00:00
Bosnia and Herzegovina,Amir Hadžiahmetović,1997-03-08,29.3,,MF,Hull City,16,36,0,False,1,0,0,0,26worldcup (Wikipedia),2026-07-13T08:49:41.814862+00:00
Bosnia and Herzegovina,Dženis Burnić,1998-05-22,28.1,,MF,Karlsruher SC,17,20,0,False,2,0,0,0,26worldcup (Wikipedia),2026-07-13T08:49:41.814862+00:00
Bosnia and Herzegovina,Ermin Mahmić,2005-03-14,21.2,,MF,Slovan Liberec,26,2,0,False,3,2,1,0,26worldcup (Wikipedia),2026-07-13T08:49:41.814862+00:00
Bosnia and Herzegovina,Samed Baždar,2004-01-31,22.4,,FW,Jagiellonia Białystok,9,13,1,False,1,0,0,0,26worldcup (Wikipedia),2026-07-13T08:49:41.814862+00:00
Bosnia and Herzegovina,Ermedin Demirović,1998-03-25,28.2,,FW,VfB Stuttgart,10,40,4,False,4,0,1,0,26worldcup (Wikipedia),2026-07-13T08:49:41.814862+00:00
Bosnia and Herzegovina,Edin Džeko,1986-03-17,40.2,,FW,Schalke 04,11,148,73,False,3,0,1,0,26worldcup (Wikipedia),2026-07-13T08:49:41.814862+00:00
Bosnia and Herzegovina,Kerim Alajbegović,2007-09-21,18.7,,FW,Red Bull Salzburg,19,10,1,False,4,1,0,0,26worldcup (Wikipedia),2026-07-13T08:49:41.814862+00:00
Bosnia and Herzegovina,Esmir Bajraktarević,2005-03-10,21.3,,FW,PSV Eindhoven,20,16,1,False,4,0,0,0,26worldcup (Wikipedia),2026-07-13T08:49:41.814862+00:00
Bosnia and Herzegovina,Haris Tabaković,1994-06-20,32.0,,FW,Borussia Mönchengladbach,23,10,4,False,1,0,0,0,26worldcup (Wikipedia),2026-07-13T08:49:41.814862+00:00
Bosnia and Herzegovina,Jovo Lukić,1998-11-28,27.5,,FW,Universitatea Cluj,25,3,0,False,2,1,1,0,26worldcup (Wikipedia),2026-07-13T08:49:41.814862+00:00
Canada,Dayne St. Clair,1997-05-09,29.1,,GK,Inter Miami CF,1,20,0,False,0,0,0,0,26worldcup (Wikipedia),2026-07-13T08:49:41.814862+00:00
Canada,Maxime Crépeau,1994-05-11,32.1,,GK,Orlando City SC,16,32,0,False,5,0,0,0,26worldcup (Wikipedia),2026-07-13T08:49:41.814862+00:00
Canada,Owen Goodman,2003-11-27,22.5,,GK,Barnsley,18,0,0,False,0,0,0,0,26worldcup (Wikipedia),2026-07-13T08:49:41.814862+00:00
Canada,Alistair Johnston,1998-10-08,27.7,,DF,Celtic,2,58,1,False,5,0,1,0,26worldcup (Wikipedia),2026-07-13T08:49:41.814862+00:00
Canada,Alfie Jones,1997-10-07,28.7,,DF,Middlesbrough,3,2,0,False,0,0,0,0,26worldcup (Wikipedia),2026-07-13T08:49:41.814862+00:00
Canada,Luc de Fougerolles,2005-10-12,20.7,,DF,Dender EH,4,13,0,False,5,0,2,0,26worldcup (Wikipedia),2026-07-13T08:49:41.814862+00:00
Canada,Joel Waterman,1996-01-24,30.4,,DF,Chicago Fire FC,5,17,0,False,0,0,0,0,26worldcup (Wikipedia),2026-07-13T08:49:41.814862+00:00
Canada,Derek Cornelius,1997-11-25,28.5,,DF,Rangers,13,44,1,False,4,0,1,0,26worldcup (Wikipedia),2026-07-13T08:49:41.814862+00:00
Canada,Moïse Bombito,2000-03-30,26.2,,DF,Nice,15,20,0,False,3,0,0,0,26worldcup (Wikipedia),2026-07-13T08:49:41.814862+00:00
Canada,Alphonso Davies,2000-11-02,25.6,,DF,Bayern Munich,19,58,15,False,1,0,0,0,26worldcup (Wikipedia),2026-07-13T08:49:41.814862+00:00
Canada,Richie Laryea,1995-01-07,31.4,,DF,Toronto FC,22,75,1,False,5,0,1,0,26worldcup (Wikipedia),2026-07-13T08:49:41.814862+00:00
Canada,Niko Sigur,2003-09-09,22.8,,DF,Hajduk Split,23,19,2,False,3,0,1,0,26worldcup (Wikipedia),2026-07-13T08:49:41.814862+00:00
Canada,Mathieu Choinière,1999-02-07,27.3,,MF,Los Angeles FC,6,23,0,False,1,0,0,0,26worldcup (Wikipedia),2026-07-13T08:49:41.814862+00:00
Canada,Stephen Eustáquio,1996-12-21,29.5,,MF,Los Angeles FC,7,56,4,False,5,1,0,0,26worldcup (Wikipedia),2026-07-13T08:49:41.814862+00:00
Canada,Ismaël Koné,2002-06-16,24.0,,MF,Sassuolo,8,40,4,False,2,0,0,0,26worldcup (Wikipedia),2026-07-13T08:49:41.814862+00:00
Canada,Liam Millar,1999-09-27,26.7,,MF,Hull City,11,41,1,False,3,0,1,0,26worldcup (Wikipedia),2026-07-13T08:49:41.814862+00:00
Canada,Jacob Shaffelburg,1999-11-26,26.5,,MF,Los Angeles FC,14,31,6,False,5,0,0,0,26worldcup (Wikipedia),2026-07-13T08:49:41.814862+00:00
Canada,Jonathan Osorio,1992-06-12,34.0,,MF,Toronto FC,21,90,10,False,2,0,0,0,26worldcup (Wikipedia),2026-07-13T08:49:41.814862+00:00
Canada,Nathan Saliba,2004-02-07,22.3,,MF,Anderlecht,25,15,2,False,3,1,1,0,26worldcup (Wikipedia),2026-07-13T08:49:41.814862+00:00
Canada,Cyle Larin,1995-04-17,31.2,,FW,Southampton,9,90,30,False,4,2,2,0,26worldcup (Wikipedia),2026-07-13T08:49:41.814862+00:00
Canada,Jonathan David,2000-01-14,26.4,,FW,Juventus,10,77,39,False,5,3,1,0,26worldcup (Wikipedia),2026-07-13T08:49:41.814862+00:00
Canada,Tani Oluwaseyi,2000-05-15,26.1,,FW,Villarreal,12,24,2,False,5,0,0,0,26worldcup (Wikipedia),2026-07-13T08:49:41.814862+00:00
Canada,Tajon Buchanan,1999-02-08,27.3,,FW,Villarreal,17,60,8,False,5,0,0,0,26worldcup (Wikipedia),2026-07-13T08:49:41.814862+00:00
Canada,Ali Ahmed,2000-10-10,25.7,,FW,Norwich City,20,24,1,False,4,0,0,0,26worldcup (Wikipedia),2026-07-13T08:49:41.814862+00:00
Canada,Promise David,2001-07-03,24.9,,FW,Union Saint-Gilloise,24,10,3,False,4,1,0,0,26worldcup (Wikipedia),2026-07-13T08:49:41.814862+00:00
Canada,Jayden Nelson,2002-09-26,23.7,,FW,Austin FC,26,14,3,False,1,0,0,0,26worldcup (Wikipedia),2026-07-13T08:49:41.814862+00:00
Qatar,Mahmud Abunada,2000-02-05,26.3,,GK,Al-Rayyan,1,5,0,False,3,0,1,0,26worldcup (Wikipedia),2026-07-13T08:49:41.814862+00:00
Qatar,Salah Zakaria,1999-04-24,27.1,,GK,Al-Duhail,21,8,0,False,0,0,0,0,26worldcup (Wikipedia),2026-07-13T08:49:41.814862+00:00
Qatar,Meshaal Barsham,1998-02-14,28.3,,GK,Al-Sadd,22,52,0,False,0,0,0,0,26worldcup (Wikipedia),2026-07-13T08:49:41.814862+00:00
Qatar,Pedro Miguel,1990-08-06,35.8,,DF,Al-Sadd,2,105,3,False,3,0,0,0,26worldcup (Wikipedia),2026-07-13T08:49:41.814862+00:00
Qatar,Lucas Mendes,1990-07-03,35.9,,DF,Al-Wakrah,3,25,1,False,1,0,0,0,26worldcup (Wikipedia),2026-07-13T08:49:41.814862+00:00
Qatar,Issa Laye,1997-12-22,28.5,,DF,Al-Arabi,4,4,0,False,3,0,0,0,26worldcup (Wikipedia),2026-07-13T08:49:41.814862+00:00
Qatar,Jassem Gaber,2002-02-20,24.3,,DF,Al-Rayyan,5,32,1,False,3,0,1,0,26worldcup (Wikipedia),2026-07-13T08:49:41.814862+00:00
Qatar,Ayoub Al-Oui,2005-03-11,21.3,,DF,Al-Gharafa,13,6,0,False,2,0,0,0,26worldcup (Wikipedia),2026-07-13T08:49:41.814862+00:00
Qatar,Homam Ahmed,1999-08-25,26.8,,DF,Cultural Leonesa,14,68,3,False,2,0,0,1,26worldcup (Wikipedia),2026-07-13T08:49:41.814862+00:00
Qatar,Boualem Khoukhi,1990-07-09,35.9,,DF,Al-Sadd,16,116,20,False,3,0,0,0,26worldcup (Wikipedia),2026-07-13T08:49:41.814862+00:00
Qatar,Sultan Al-Brake,1996-04-07,30.2,,DF,Al-Duhail,18,17,0,False,2,0,0,0,26worldcup (Wikipedia),2026-07-13T08:49:41.814862+00:00
Qatar,Al-Hashmi Al-Hussain,2003-08-15,22.8,,DF,Al-Arabi,25,8,0,False,1,0,0,0,26worldcup (Wikipedia),2026-07-13T08:49:41.814862+00:00
Qatar,Abdulaziz Hatem,1990-01-01,36.4,,MF,Al-Rayyan,6,117,11,False,1,0,0,0,26worldcup (Wikipedia),2026-07-13T08:49:41.814862+00:00
Qatar,Karim Boudiaf,1990-09-16,35.7,,MF,Al-Duhail,12,118,5,False,2,0,0,0,26worldcup (Wikipedia),2026-07-13T08:49:41.814862+00:00
Qatar,Ahmed Al-Ganehi,2000-09-22,25.7,,MF,Al-Gharafa,17,13,1,False,1,0,0,0,26worldcup (Wikipedia),2026-07-13T08:49:41.814862+00:00
Qatar,Ahmed Fathy,1993-01-25,33.4,,MF,Al-Arabi,20,48,0,False,3,0,2,0,26worldcup (Wikipedia),2026-07-13T08:49:41.814862+00:00
Qatar,Assim Madibo,1996-10-22,29.6,,MF,Al-Wakrah,23,51,0,False,2,0,0,1,26worldcup (Wikipedia),2026-07-13T08:49:41.814862+00:00
Qatar,Ahmed Alaaeldin,1993-01-31,33.4,,FW,Al-Rayyan,7,68,9,False,2,0,0,0,26worldcup (Wikipedia),2026-07-13T08:49:41.814862+00:00
Qatar,Edmilson Junior,1994-08-19,31.8,,FW,Al-Duhail,8,16,0,False,3,0,0,0,26worldcup (Wikipedia),2026-07-13T08:49:41.814862+00:00
Qatar,Mohammed Muntari,1993-12-20,32.5,,FW,Al-Gharafa,9,67,16,False,0,0,0,0,26worldcup (Wikipedia),2026-07-13T08:49:41.814862+00:00
Qatar,Hassan Al-Haydos,1990-12-11,35.5,,FW,Al-Sadd,10,186,41,False,2,1,0,0,26worldcup (Wikipedia),2026-07-13T08:49:41.814862+00:00
Qatar,Akram Afif,1996-11-18,29.6,,FW,Al-Sadd,11,125,39,False,3,0,0,0,26worldcup (Wikipedia),2026-07-13T08:49:41.814862+00:00
Qatar,Yusuf Abdurisag,1999-08-06,26.8,,FW,Al-Wakrah,15,39,3,False,2,0,0,0,26worldcup (Wikipedia),2026-07-13T08:49:41.814862+00:00
Qatar,Almoez Ali,1996-08-19,29.8,,FW,Al-Duhail,19,115,55,False,1,0,0,0,26worldcup (Wikipedia),2026-07-13T08:49:41.814862+00:00
Qatar,Tahsin Jamshid,2006-06-16,20.0,,FW,Al-Duhail,24,3,0,False,0,0,0,0,26worldcup (Wikipedia),2026-07-13T08:49:41.814862+00:00
Qatar,Mohamed Manai,2002-10-25,23.6,,FW,Al-Shamal,26,10,0,False,3,0,0,0,26worldcup (Wikipedia),2026-07-13T08:49:41.814862+00:00
Switzerland,Gregor Kobel,1997-12-06,28.5,,GK,Borussia Dortmund,1,21,0,False,6,0,0,0,26worldcup (Wikipedia),2026-07-13T08:49:41.814862+00:00
Switzerland,Yvon Mvogo,1994-06-06,32.0,,GK,Lorient,12,13,0,False,0,0,0,0,26worldcup (Wikipedia),2026-07-13T08:49:41.814862+00:00
Switzerland,Marvin Keller,2002-07-03,23.9,,GK,Young Boys,21,1,0,False,0,0,0,0,26worldcup (Wikipedia),2026-07-13T08:49:41.814862+00:00
Switzerland,Miro Muheim,1998-03-24,28.2,,DF,Hamburger SV,2,10,0,False,3,0,1,0,26worldcup (Wikipedia),2026-07-13T08:49:41.814862+00:00
Switzerland,Silvan Widmer,1993-03-05,33.3,,DF,Mainz 05,3,60,5,False,5,0,0,0,26worldcup (Wikipedia),2026-07-13T08:49:41.814862+00:00
Switzerland,Nico Elvedi,1996-09-30,29.7,,DF,Borussia Mönchengladbach,4,67,3,False,6,0,1,0,26worldcup (Wikipedia),2026-07-13T08:49:41.814862+00:00
Switzerland,Manuel Akanji,1995-07-19,30.9,,DF,Inter Milan,5,81,4,False,6,0,0,0,26worldcup (Wikipedia),2026-07-13T08:49:41.814862+00:00
Switzerland,Ricardo Rodriguez,1992-08-25,33.8,,DF,Real Betis,13,138,9,False,6,0,0,0,26worldcup (Wikipedia),2026-07-13T08:49:41.814862+00:00
Switzerland,Eray Cömert,1998-02-04,28.3,,DF,Valencia,18,22,0,False,1,0,0,0,26worldcup (Wikipedia),2026-07-13T08:49:41.814862+00:00
Switzerland,Aurèle Amenda,2003-07-31,22.9,,DF,Eintracht Frankfurt,24,7,0,False,0,0,0,0,26worldcup (Wikipedia),2026-07-13T08:49:41.814862+00:00
Switzerland,Luca Jaquez,2003-06-02,23.0,,DF,VfB Stuttgart,25,3,0,False,2,0,0,0,26worldcup (Wikipedia),2026-07-13T08:49:41.814862+00:00
Switzerland,Denis Zakaria,1996-11-20,29.6,,MF,Monaco,6,65,3,False,4,0,2,0,26worldcup (Wikipedia),2026-07-13T08:49:41.814862+00:00
Switzerland,Remo Freuler,1992-04-15,34.2,,MF,Bologna,8,88,11,False,6,0,0,0,26worldcup (Wikipedia),2026-07-13T08:49:41.814862+00:00
Switzerland,Johan Manzambi,2005-10-14,20.7,,MF,SC Freiburg,9,12,3,False,4,3,0,0,26worldcup (Wikipedia),2026-07-13T08:49:41.814862+00:00
Switzerland,Granit Xhaka,1992-09-27,33.7,,MF,Sunderland,10,146,17,False,6,1,2,0,26worldcup (Wikipedia),2026-07-13T08:49:41.814862+00:00
Switzerland,Ardon Jashari,2002-07-30,23.9,,MF,Milan,14,8,0,False,3,0,0,0,26worldcup (Wikipedia),2026-07-13T08:49:41.814862+00:00
Switzerland,Djibril Sow,1997-02-06,29.3,,MF,Sevilla,15,52,0,False,4,0,0,0,26worldcup (Wikipedia),2026-07-13T08:49:41.814862+00:00
Switzerland,Michel Aebischer,1997-01-06,29.4,,MF,Pisa,20,40,2,False,4,0,0,0,26worldcup (Wikipedia),2026-07-13T08:49:41.814862+00:00
Switzerland,Fabian Rieder,2002-02-16,24.3,,MF,FC Augsburg,22,28,1,False,5,0,0,0,26worldcup (Wikipedia),2026-07-13T08:49:41.814862+00:00
Switzerland,Breel Embolo,1997-02-14,29.3,,FW,Rennes,7,86,24,False,6,2,1,1,26worldcup (Wikipedia),2026-07-13T08:49:41.814862+00:00
Switzerland,Dan Ndoye,2000-10-25,25.6,,FW,Nottingham Forest,11,31,8,False,6,2,0,0,26worldcup (Wikipedia),2026-07-13T08:49:41.814862+00:00
Switzerland,Christian Fassnacht,1993-11-11,32.6,,FW,Young Boys,16,23,5,False,1,0,0,0,26worldcup (Wikipedia),2026-07-13T08:49:41.814862+00:00
Switzerland,Rubén Vargas,1998-08-05,27.8,,FW,Sevilla,17,61,11,False,6,2,0,0,26worldcup (Wikipedia),2026-07-13T08:49:41.814862+00:00
Switzerland,Noah Okafor,2000-05-24,26.0,,FW,Leeds United,19,25,2,False,1,0,0,0,26worldcup (Wikipedia),2026-07-13T08:49:41.814862+00:00
Switzerland,Zeki Amdouni,2000-12-04,25.5,,FW,Burnley,23,29,11,False,4,0,0,0,26worldcup (Wikipedia),2026-07-13T08:49:41.814862+00:00
Switzerland,Cedric Itten,1996-12-27,29.5,,FW,Fortuna Düsseldorf,26,15,5,False,3,0,0,0,26worldcup (Wikipedia),2026-07-13T08:49:41.814862+00:00
Brazil,Alisson,1992-10-02,33.7,,GK,Liverpool,1,78,0,False,5,0,0,0,26worldcup (Wikipedia),2026-07-13T08:49:41.814862+00:00
Brazil,Weverton,1987-12-13,38.5,,GK,Grêmio,12,11,0,False,0,0,0,0,26worldcup (Wikipedia),2026-07-13T08:49:41.814862+00:00
Brazil,Ederson Moraes,1993-08-17,32.8,,GK,Fenerbahçe,23,32,0,False,0,0,0,0,26worldcup (Wikipedia),2026-07-13T08:49:41.814862+00:00
Brazil,Gabriel Magalhães,1997-12-19,28.5,,DF,Arsenal,3,17,1,False,5,0,0,0,26worldcup (Wikipedia),2026-07-13T08:49:41.814862+00:00
Brazil,Marquinhos,1994-05-14,32.1,,DF,Paris Saint-Germain,4,105,7,False,5,0,0,0,26worldcup (Wikipedia),2026-07-13T08:49:41.814862+00:00
Brazil,Alex Sandro,1991-01-26,35.4,,DF,Flamengo,6,45,2,False,1,0,0,0,26worldcup (Wikipedia),2026-07-13T08:49:41.814862+00:00
Brazil,Danilo Luiz,1991-07-15,34.9,,DF,Flamengo,13,70,1,False,5,0,2,0,26worldcup (Wikipedia),2026-07-13T08:49:41.814862+00:00
Brazil,Bremer,1997-03-18,29.2,,DF,Juventus,14,8,1,False,0,0,0,0,26worldcup (Wikipedia),2026-07-13T08:49:41.814862+00:00
Brazil,Léo Pereira,1996-01-31,30.4,,DF,Flamengo,15,4,0,False,0,0,0,0,26worldcup (Wikipedia),2026-07-13T08:49:41.814862+00:00
Brazil,Douglas Santos,1994-03-22,32.2,,DF,Zenit Saint Petersburg,16,7,0,False,5,0,1,0,26worldcup (Wikipedia),2026-07-13T08:49:41.814862+00:00
Brazil,Roger Ibañez,1998-11-23,27.5,,DF,Al-Ahli,24,7,0,False,1,0,1,0,26worldcup (Wikipedia),2026-07-13T08:49:41.814862+00:00
Brazil,Éderson Silva,1999-07-07,26.9,,MF,Atalanta,2,3,0,False,2,0,0,0,26worldcup (Wikipedia),2026-07-13T08:49:41.814862+00:00
Brazil,Casemiro,1992-02-23,34.3,,MF,Manchester United,5,86,9,False,5,1,2,0,26worldcup (Wikipedia),2026-07-13T08:49:41.814862+00:00
Brazil,Bruno Guimarães,1997-11-16,28.6,,MF,Newcastle United,8,43,3,False,5,0,0,0,26worldcup (Wikipedia),2026-07-13T08:49:41.814862+00:00
Brazil,Fabinho,1993-10-23,32.6,,MF,Al-Ittihad,17,33,0,False,3,0,1,0,26worldcup (Wikipedia),2026-07-13T08:49:41.814862+00:00
Brazil,Danilo Santos,2001-04-29,25.1,,MF,Botafogo,18,4,2,False,4,0,0,0,26worldcup (Wikipedia),2026-07-13T08:49:41.814862+00:00
Brazil,Lucas Paquetá,1997-08-27,28.8,,MF,Flamengo,20,63,13,False,4,0,0,0,26worldcup (Wikipedia),2026-07-13T08:49:41.814862+00:00
Brazil,Vinícius Júnior,2000-07-12,25.9,,FW,Real Madrid,7,49,9,False,5,4,0,0,26worldcup (Wikipedia),2026-07-13T08:49:41.814862+00:00
Brazil,Matheus Cunha,1999-05-27,27.0,,FW,Manchester United,9,23,1,False,5,3,0,0,26worldcup (Wikipedia),2026-07-13T08:49:41.814862+00:00
Brazil,Neymar,1992-02-05,34.3,,FW,Santos,10,128,79,False,2,1,1,0,26worldcup (Wikipedia),2026-07-13T08:49:41.814862+00:00
Brazil,Raphinha,1996-12-14,29.5,,FW,Barcelona,11,39,11,False,2,0,0,0,26worldcup (Wikipedia),2026-07-13T08:49:41.814862+00:00
Brazil,Endrick,2006-07-21,19.9,,FW,Lyon,19,17,4,False,4,0,0,0,26worldcup (Wikipedia),2026-07-13T08:49:41.814862+00:00
Brazil,Luiz Henrique,2001-01-02,25.4,,FW,Zenit Saint Petersburg,21,15,2,False,1,0,0,0,26worldcup (Wikipedia),2026-07-13T08:49:41.814862+00:00
Brazil,Gabriel Martinelli,2001-06-18,25.0,,FW,Arsenal,22,23,4,False,4,1,0,0,26worldcup (Wikipedia),2026-07-13T08:49:41.814862+00:00
Brazil,Igor Thiago,2001-06-26,25.0,,FW,Brentford,25,4,2,False,1,0,0,0,26worldcup (Wikipedia),2026-07-13T08:49:41.814862+00:00
Brazil,Rayan,2006-08-03,19.9,,FW,Bournemouth,26,2,1,False,4,0,0,0,26worldcup (Wikipedia),2026-07-13T08:49:41.814862+00:00
Haiti,Johny Placide,1988-01-29,38.4,,GK,Bastia,1,82,0,False,3,0,1,0,26worldcup (Wikipedia),2026-07-13T08:49:41.814862+00:00
Haiti,Alexandre Pierre,2001-02-25,25.3,,GK,Sochaux,12,16,0,False,0,0,0,0,26worldcup (Wikipedia),2026-07-13T08:49:41.814862+00:00
Haiti,Josué Duverger,2000-04-27,26.1,,GK,Cosmos Koblenz,23,7,0,False,0,0,0,0,26worldcup (Wikipedia),2026-07-13T08:49:41.814862+00:00
Haiti,Carlens Arcus,1996-06-28,30.0,,DF,Angers,2,56,1,False,3,0,1,0,26worldcup (Wikipedia),2026-07-13T08:49:41.814862+00:00
Haiti,Keeto Thermoncy,2006-03-29,20.2,,DF,Young Boys,3,1,0,False,0,0,0,0,26worldcup (Wikipedia),2026-07-13T08:49:41.814862+00:00
Haiti,Ricardo Adé,1990-05-21,36.1,,DF,LDU Quito,4,59,2,False,3,0,0,0,26worldcup (Wikipedia),2026-07-13T08:49:41.814862+00:00
Haiti,Hannes Delcroix,1999-02-28,27.3,,DF,Lugano,5,7,0,False,3,0,0,0,26worldcup (Wikipedia),2026-07-13T08:49:41.814862+00:00
Haiti,Martin Expérience,1999-03-09,27.3,,DF,Nancy,8,21,0,False,3,0,0,0,26worldcup (Wikipedia),2026-07-13T08:49:41.814862+00:00
Haiti,Duke Lacroix,1993-10-14,32.7,,DF,Colorado Springs Switchbacks FC,13,16,3,False,0,0,0,0,26worldcup (Wikipedia),2026-07-13T08:49:41.814862+00:00
Haiti,Garven Metusala,1999-12-31,26.4,,DF,Colorado Springs Switchbacks FC,14,16,0,False,0,0,0,0,26worldcup (Wikipedia),2026-07-13T08:49:41.814862+00:00
Haiti,Jean-Kévin Duverne,1997-07-12,28.9,,DF,Gent,22,17,1,False,2,0,0,0,26worldcup (Wikipedia),2026-07-13T08:49:41.814862+00:00
Haiti,Wilguens Paugain,2001-08-24,24.8,,DF,Zulte Waregem,24,8,0,False,0,0,0,0,26worldcup (Wikipedia),2026-07-13T08:49:41.814862+00:00
Haiti,Carl Sainté,2002-08-09,23.8,,MF,El Paso Locomotive FC,6,26,0,False,0,0,0,0,26worldcup (Wikipedia),2026-07-13T08:49:41.814862+00:00
Haiti,Jean-Ricner Bellegarde,1998-06-27,28.0,,MF,Wolverhampton Wanderers,10,10,0,False,3,0,1,0,26worldcup (Wikipedia),2026-07-13T08:49:41.814862+00:00
Haiti,Danley Jean Jacques,2000-05-20,26.1,,MF,Philadelphia Union,17,31,6,False,3,0,1,0,26worldcup (Wikipedia),2026-07-13T08:49:41.814862+00:00
Haiti,Dominique Simon,2000-07-29,25.9,,MF,Tatran Prešov,25,2,0,False,2,0,0,0,26worldcup (Wikipedia),2026-07-13T08:49:41.814862+00:00
Haiti,Woodensky Pierre,2004-12-30,21.4,,MF,Violette,26,1,0,False,0,0,0,0,26worldcup (Wikipedia),2026-07-13T08:49:41.814862+00:00
Haiti,Derrick Etienne Jr.,1996-11-25,29.5,,FW,Toronto FC,7,51,8,False,1,0,0,0,26worldcup (Wikipedia),2026-07-13T08:49:41.814862+00:00
Haiti,Duckens Nazon,1994-04-07,32.2,,FW,Esteghlal,9,82,44,False,1,0,1,0,26worldcup (Wikipedia),2026-07-13T08:49:41.814862+00:00
Haiti,Louicius Deedson,2001-02-11,25.3,,FW,FC Dallas,11,32,10,False,3,0,0,0,26worldcup (Wikipedia),2026-07-13T08:49:41.814862+00:00
Haiti,Ruben Providence,2001-07-07,24.9,,FW,Almere City,15,15,3,False,3,0,0,0,26worldcup (Wikipedia),2026-07-13T08:49:41.814862+00:00
Haiti,Lenny Joseph,2000-10-12,25.7,,FW,Ferencváros,16,2,1,False,3,0,0,0,26worldcup (Wikipedia),2026-07-13T08:49:41.814862+00:00
Haiti,Wilson Isidor,2000-08-27,25.8,,FW,Sunderland,18,4,2,False,3,1,0,0,26worldcup (Wikipedia),2026-07-13T08:49:41.814862+00:00
Haiti,Yassin Fortuné,1999-01-30,27.4,,FW,Vizela,19,4,0,False,1,0,0,0,26worldcup (Wikipedia),2026-07-13T08:49:41.814862+00:00
Haiti,Frantzdy Pierrot,1995-03-29,31.2,,FW,Çaykur Rizespor,20,51,34,False,3,0,1,0,26worldcup (Wikipedia),2026-07-13T08:49:41.814862+00:00
Haiti,Josué Casimir,2001-09-24,24.7,,FW,Auxerre,21,7,0,False,3,0,1,0,26worldcup (Wikipedia),2026-07-13T08:49:41.814862+00:00
Morocco,Yassine Bounou,1991-04-05,35.2,,GK,Al-Hilal,1,90,0,False,6,0,0,0,26worldcup (Wikipedia),2026-07-13T08:49:41.814862+00:00
Morocco,Munir Mohamedi,1989-05-10,37.1,,GK,RS Berkane,12,52,0,False,0,0,0,0,26worldcup (Wikipedia),2026-07-13T08:49:41.814862+00:00
Morocco,Ahmed Reda Tagnaouti,1996-04-05,30.2,,GK,AS FAR,22,3,0,False,0,0,0,0,26worldcup (Wikipedia),2026-07-13T08:49:41.814862+00:00
Morocco,Achraf Hakimi,1998-11-04,27.6,,DF,Paris Saint-Germain,2,96,11,False,6,1,1,0,26worldcup (Wikipedia),2026-07-13T08:49:41.814862+00:00
Morocco,Noussair Mazraoui,1997-11-14,28.6,,DF,Manchester United,3,45,2,False,6,0,0,0,26worldcup (Wikipedia),2026-07-13T08:49:41.814862+00:00
Morocco,Marwane Saâdane,1992-01-17,34.4,,DF,Al-Fateh,5,8,0,False,1,0,0,0,26worldcup (Wikipedia),2026-07-13T08:49:41.814862+00:00
Morocco,Zakaria El Ouahdi,2001-12-31,24.4,,DF,Genk,13,3,0,False,1,0,0,0,26worldcup (Wikipedia),2026-07-13T08:49:41.814862+00:00
Morocco,Issa Diop,1997-01-09,29.4,,DF,Fulham,14,4,0,False,5,1,3,0,26worldcup (Wikipedia),2026-07-13T08:49:41.814862+00:00
Morocco,Chadi Riad,2003-06-17,23.0,,DF,Crystal Palace,18,6,1,False,4,0,0,0,26worldcup (Wikipedia),2026-07-13T08:49:41.814862+00:00
Morocco,Youssef Belammari,1998-09-20,27.7,,DF,Al Ahly,19,18,0,False,0,0,0,0,26worldcup (Wikipedia),2026-07-13T08:49:41.814862+00:00
Morocco,Redouane Halhal,2003-03-05,23.3,,DF,Mechelen,25,3,0,False,2,0,1,0,26worldcup (Wikipedia),2026-07-13T08:49:41.814862+00:00
Morocco,Anass Salah-Eddine,2002-01-18,24.4,,DF,PSV Eindhoven,26,9,0,False,4,0,0,0,26worldcup (Wikipedia),2026-07-13T08:49:41.814862+00:00
Morocco,Sofyan Amrabat,1996-08-21,29.8,,MF,Real Betis,4,75,0,False,3,0,0,0,26worldcup (Wikipedia),2026-07-13T08:49:41.814862+00:00
Morocco,Ayyoub Bouaddi,2007-10-02,18.7,,MF,Lille,6,3,0,False,5,0,0,0,26worldcup (Wikipedia),2026-07-13T08:49:41.814862+00:00
Morocco,Chemsdine Talbi,2005-05-09,21.1,,MF,Sunderland,7,5,0,False,5,0,0,0,26worldcup (Wikipedia),2026-07-13T08:49:41.814862+00:00
Morocco,Azzedine Ounahi,2000-04-19,26.1,,MF,Girona,8,49,9,False,6,2,1,0,26worldcup (Wikipedia),2026-07-13T08:49:41.814862+00:00
Morocco,Ismael Saibari,2001-01-28,25.4,,MF,PSV Eindhoven,11,30,9,False,5,3,0,0,26worldcup (Wikipedia),2026-07-13T08:49:41.814862+00:00
Morocco,Samir El Mourabet,2005-10-06,20.7,,MF,Strasbourg,15,4,0,False,5,0,0,0,26worldcup (Wikipedia),2026-07-13T08:49:41.814862+00:00
Morocco,Gessime Yassine,2005-11-22,20.6,,MF,Strasbourg,16,4,0,False,3,1,0,0,26worldcup (Wikipedia),2026-07-13T08:49:41.814862+00:00
Morocco,Bilal El Khannouss,2004-05-10,22.1,,MF,VfB Stuttgart,23,37,3,False,6,0,1,0,26worldcup (Wikipedia),2026-07-13T08:49:41.814862+00:00
Morocco,Neil El Aynaoui,2001-07-02,24.9,,MF,Roma,24,16,2,False,6,0,0,0,26worldcup (Wikipedia),2026-07-13T08:49:41.814862+00:00
Morocco,Soufiane Rahimi,1996-06-02,30.0,,FW,Al Ain,9,37,12,False,6,2,0,0,26worldcup (Wikipedia),2026-07-13T08:49:41.814862+00:00
Morocco,Brahim Díaz,1999-08-03,26.9,,FW,Real Madrid,10,26,14,False,6,0,0,0,26worldcup (Wikipedia),2026-07-13T08:49:41.814862+00:00
Morocco,Amine Sbaï,2000-11-05,25.6,,FW,Angers,17,2,0,False,1,0,0,0,26worldcup (Wikipedia),2026-07-13T08:49:41.814862+00:00
Morocco,Ayoub El Kaabi,1993-06-25,33.0,,FW,Olympiacos,20,71,35,False,1,0,0,0,26worldcup (Wikipedia),2026-07-13T08:49:41.814862+00:00
Morocco,Ayoube Amaimouni,2004-11-30,21.5,,FW,Eintracht Frankfurt,21,2,0,False,2,0,0,0,26worldcup (Wikipedia),2026-07-13T08:49:41.814862+00:00
Scotland,Angus Gunn,1996-01-22,30.4,,GK,Nottingham Forest,1,22,0,False,3,0,0,0,26worldcup (Wikipedia),2026-07-13T08:49:41.814862+00:00
Scotland,Liam Kelly,1996-01-23,30.4,,GK,Rangers,12,3,0,False,0,0,0,0,26worldcup (Wikipedia),2026-07-13T08:49:41.814862+00:00
Scotland,Craig Gordon,1982-12-31,43.4,,GK,Heart of Midlothian,21,84,0,False,0,0,0,0,26worldcup (Wikipedia),2026-07-13T08:49:41.814862+00:00
Scotland,Aaron Hickey,2002-06-10,24.0,,DF,Brentford,2,21,0,False,1,0,1,0,26worldcup (Wikipedia),2026-07-13T08:49:41.814862+00:00
Scotland,Andy Robertson,1994-03-11,32.3,,DF,Liverpool,3,94,4,False,3,0,1,0,26worldcup (Wikipedia),2026-07-13T08:49:41.814862+00:00
Scotland,Grant Hanley,1991-11-20,34.6,,DF,Hibernian,5,68,2,False,2,0,0,0,26worldcup (Wikipedia),2026-07-13T08:49:41.814862+00:00
Scotland,Kieran Tierney,1997-06-05,29.0,,DF,Celtic,6,56,2,False,2,0,0,0,26worldcup (Wikipedia),2026-07-13T08:49:41.814862+00:00
Scotland,Jack Hendry,1995-05-07,31.1,,DF,Al-Ettifaq,13,38,3,False,3,0,0,0,26worldcup (Wikipedia),2026-07-13T08:49:41.814862+00:00
Scotland,John Souttar,1996-09-25,29.7,,DF,Rangers,15,24,2,False,0,0,0,0,26worldcup (Wikipedia),2026-07-13T08:49:41.814862+00:00
Scotland,Dominic Hyam,1995-12-20,30.5,,DF,Wrexham,16,4,0,False,0,0,0,0,26worldcup (Wikipedia),2026-07-13T08:49:41.814862+00:00
Scotland,Nathan Patterson,2001-10-16,24.7,,DF,Everton,22,26,1,False,3,0,0,0,26worldcup (Wikipedia),2026-07-13T08:49:41.814862+00:00
Scotland,Anthony Ralston,1998-11-16,27.6,,DF,Celtic,24,27,1,False,2,0,0,0,26worldcup (Wikipedia),2026-07-13T08:49:41.814862+00:00
Scotland,Scott McKenna,1996-11-12,29.6,,DF,Dinamo Zagreb,26,50,1,False,1,0,0,0,26worldcup (Wikipedia),2026-07-13T08:49:41.814862+00:00
Scotland,Scott McTominay,1996-12-08,29.5,,MF,Napoli,4,70,15,False,3,0,0,0,26worldcup (Wikipedia),2026-07-13T08:49:41.814862+00:00
Scotland,John McGinn,1994-10-18,31.6,,MF,Aston Villa,7,86,20,False,3,1,0,0,26worldcup (Wikipedia),2026-07-13T08:49:41.814862+00:00
Scotland,Tyler Fletcher,2007-03-19,19.2,,MF,Manchester United,8,2,0,False,0,0,0,0,26worldcup (Wikipedia),2026-07-13T08:49:41.814862+00:00
Scotland,Ryan Christie,1995-02-22,31.3,,MF,Bournemouth,11,68,10,False,3,0,1,0,26worldcup (Wikipedia),2026-07-13T08:49:41.814862+00:00
Scotland,Lewis Ferguson,1999-08-24,26.8,,MF,Bologna,19,24,1,False,3,0,0,0,26worldcup (Wikipedia),2026-07-13T08:49:41.814862+00:00
Scotland,Kenny McLean,1992-01-08,34.4,,MF,Norwich City,23,58,3,False,3,0,1,0,26worldcup (Wikipedia),2026-07-13T08:49:41.814862+00:00
Scotland,Lyndon Dykes,1995-10-07,30.7,,FW,Charlton Athletic,9,51,10,False,2,0,0,0,26worldcup (Wikipedia),2026-07-13T08:49:41.814862+00:00
Scotland,Ché Adams,1996-07-13,29.9,,FW,Torino,10,47,13,False,3,0,0,0,26worldcup (Wikipedia),2026-07-13T08:49:41.814862+00:00
Scotland,Ross Stewart,1996-07-11,29.9,,FW,Southampton,14,3,0,False,1,0,0,0,26worldcup (Wikipedia),2026-07-13T08:49:41.814862+00:00
Scotland,Ben Gannon-Doak,2005-11-11,20.6,,FW,Bournemouth,17,14,1,False,3,0,0,0,26worldcup (Wikipedia),2026-07-13T08:49:41.814862+00:00
Scotland,George Hirst,1999-02-15,27.3,,FW,Ipswich Town,18,10,1,False,0,0,0,0,26worldcup (Wikipedia),2026-07-13T08:49:41.814862+00:00
Scotland,Lawrence Shankland,1995-08-10,30.8,,FW,Heart of Midlothian,20,20,7,False,2,0,0,0,26worldcup (Wikipedia),2026-07-13T08:49:41.814862+00:00
Scotland,Findlay Curtis,2006-06-09,20.0,,FW,Kilmarnock,25,3,1,False,2,0,1,0,26worldcup (Wikipedia),2026-07-13T08:49:41.814862+00:00
Australia,Mathew Ryan,1992-04-08,34.2,,GK,Levante,1,104,0,False,1,0,0,0,26worldcup (Wikipedia),2026-07-13T08:49:41.814862+00:00
Australia,Paul Izzo,1995-01-06,31.4,,GK,Randers,12,4,0,False,0,0,0,0,26worldcup (Wikipedia),2026-07-13T08:49:41.814862+00:00
Australia,Patrick Beach,2003-08-06,22.8,,GK,Melbourne City,18,2,0,False,4,0,0,0,26worldcup (Wikipedia),2026-07-13T08:49:41.814862+00:00
Australia,Miloš Degenek,1994-04-28,32.1,,DF,APOEL,2,57,1,False,0,0,0,0,26worldcup (Wikipedia),2026-07-13T08:49:41.814862+00:00
Australia,Alessandro Circati,2003-10-10,22.7,,DF,Parma,3,13,1,False,4,0,1,0,26worldcup (Wikipedia),2026-07-13T08:49:41.814862+00:00
Australia,Jacob Italiano,2001-07-30,24.9,,DF,Grazer AK,4,5,0,False,2,0,1,0,26worldcup (Wikipedia),2026-07-13T08:49:41.814862+00:00
Australia,Jordan Bos,2002-10-29,23.6,,DF,Feyenoord,5,27,4,False,4,0,1,0,26worldcup (Wikipedia),2026-07-13T08:49:41.814862+00:00
Australia,Jason Geria,1993-05-10,33.1,,DF,Albirex Niigata,6,14,0,False,2,0,0,0,26worldcup (Wikipedia),2026-07-13T08:49:41.814862+00:00
Australia,Kai Trewin,2001-05-18,25.1,,DF,New York City FC,15,6,0,False,1,0,0,0,26worldcup (Wikipedia),2026-07-13T08:49:41.814862+00:00
Australia,Aziz Behich,1990-12-16,35.5,,DF,Melbourne City,16,84,3,False,3,0,0,0,26worldcup (Wikipedia),2026-07-13T08:49:41.814862+00:00
Australia,Harry Souttar,1998-10-22,27.6,,DF,Leicester City,19,38,11,False,4,0,1,0,26worldcup (Wikipedia),2026-07-13T08:49:41.814862+00:00
Australia,Cameron Burgess,1995-10-21,30.6,,DF,Swansea City,21,27,0,False,2,0,0,0,26worldcup (Wikipedia),2026-07-13T08:49:41.814862+00:00
Australia,Lucas Herrington,2007-09-05,18.8,,DF,Colorado Rapids,25,4,0,False,2,0,0,0,26worldcup (Wikipedia),2026-07-13T08:49:41.814862+00:00
Australia,Connor Metcalfe,1999-11-05,26.6,,MF,FC St. Pauli,8,36,1,False,4,1,0,0,26worldcup (Wikipedia),2026-07-13T08:49:41.814862+00:00
Australia,Aiden O'Neill,1998-07-04,27.9,,MF,New York City FC,13,31,0,False,4,0,0,0,26worldcup (Wikipedia),2026-07-13T08:49:41.814862+00:00
Australia,Cammy Devlin,1998-06-07,28.0,,MF,Heart of Midlothian,14,5,0,False,0,0,0,0,26worldcup (Wikipedia),2026-07-13T08:49:41.814862+00:00
Australia,Jackson Irvine,1993-03-07,33.3,,MF,FC St. Pauli,22,82,14,False,4,0,1,0,26worldcup (Wikipedia),2026-07-13T08:49:41.814862+00:00
Australia,Paul Okon-Engstler,2005-01-24,21.4,,MF,Sydney FC,24,6,0,False,4,0,0,0,26worldcup (Wikipedia),2026-07-13T08:49:41.814862+00:00
Australia,Mathew Leckie,1991-02-04,35.3,,FW,Melbourne City,7,80,14,False,1,0,0,0,26worldcup (Wikipedia),2026-07-13T08:49:41.814862+00:00
Australia,Mohamed Touré,2004-03-26,22.2,,FW,Norwich City,9,10,2,False,3,0,0,0,26worldcup (Wikipedia),2026-07-13T08:49:41.814862+00:00
Australia,Ajdin Hrustic,1996-07-05,29.9,,FW,Heracles Almelo,10,37,4,False,2,0,0,0,26worldcup (Wikipedia),2026-07-13T08:49:41.814862+00:00
Australia,Awer Mabil,1995-09-15,30.7,,FW,Castellón,11,38,10,False,1,0,0,0,26worldcup (Wikipedia),2026-07-13T08:49:41.814862+00:00
Australia,Nestory Irankunda,2006-02-09,20.3,,FW,Watford,17,15,5,False,4,1,0,0,26worldcup (Wikipedia),2026-07-13T08:49:41.814862+00:00
Australia,Cristian Volpato,2003-11-15,22.6,,FW,Sassuolo,20,1,0,False,3,0,0,0,26worldcup (Wikipedia),2026-07-13T08:49:41.814862+00:00
Australia,Nishan Velupillay,2001-05-07,25.1,,FW,Melbourne Victory,23,7,3,False,2,0,0,0,26worldcup (Wikipedia),2026-07-13T08:49:41.814862+00:00
Australia,Tete Yengi,2000-11-28,25.5,,FW,Machida Zelvia,26,1,1,False,2,0,0,0,26worldcup (Wikipedia),2026-07-13T08:49:41.814862+00:00
Paraguay,Gatito Fernández,1988-03-29,38.2,,GK,Cerro Porteño,1,31,0,False,0,0,0,0,26worldcup (Wikipedia),2026-07-13T08:49:41.814862+00:00
Paraguay,Orlando Gill,2000-06-11,26.0,,GK,San Lorenzo,12,6,0,False,5,0,0,0,26worldcup (Wikipedia),2026-07-13T08:49:41.814862+00:00
Paraguay,Gastón Olveira,1993-04-21,33.1,,GK,Olimpia,22,1,0,False,0,0,0,0,26worldcup (Wikipedia),2026-07-13T08:49:41.814862+00:00
Paraguay,Gustavo Velázquez,1991-04-17,35.2,,DF,Cerro Porteño,2,13,1,False,5,0,0,0,26worldcup (Wikipedia),2026-07-13T08:49:41.814862+00:00
Paraguay,Omar Alderete,1996-12-26,29.5,,DF,Sunderland,3,36,3,False,4,0,0,0,26worldcup (Wikipedia),2026-07-13T08:49:41.814862+00:00
Paraguay,Juan José Cáceres,2000-06-01,26.0,,DF,Dynamo Moscow,4,17,0,False,5,0,1,0,26worldcup (Wikipedia),2026-07-13T08:49:41.814862+00:00
Paraguay,Fabián Balbuena,1991-08-23,34.8,,DF,Grêmio,5,48,2,False,1,0,0,0,26worldcup (Wikipedia),2026-07-13T08:49:41.814862+00:00
Paraguay,Júnior Alonso,1993-02-09,33.3,,DF,Atlético Mineiro,6,71,3,False,5,0,1,0,26worldcup (Wikipedia),2026-07-13T08:49:41.814862+00:00
Paraguay,José Canale,1996-07-20,29.9,,DF,Lanús,13,2,0,False,4,0,0,0,26worldcup (Wikipedia),2026-07-13T08:49:41.814862+00:00
Paraguay,Gustavo Gómez,1993-05-06,33.1,,DF,Palmeiras,15,89,4,False,5,0,0,0,26worldcup (Wikipedia),2026-07-13T08:49:41.814862+00:00
Paraguay,Alexandro Maidana,2005-07-26,20.9,,DF,Talleres,26,2,1,False,2,0,0,0,26worldcup (Wikipedia),2026-07-13T08:49:41.814862+00:00
Paraguay,Ramón Sosa,1999-08-31,26.8,,MF,Palmeiras,7,29,1,False,1,0,0,0,26worldcup (Wikipedia),2026-07-13T08:49:41.814862+00:00
Paraguay,Diego Gómez,2003-03-27,23.2,,MF,Brighton & Hove Albion,8,24,3,False,4,0,2,0,26worldcup (Wikipedia),2026-07-13T08:49:41.814862+00:00
Paraguay,Miguel Almirón,1994-02-10,32.3,,MF,Atlanta United FC,10,76,10,False,4,0,1,1,26worldcup (Wikipedia),2026-07-13T08:49:41.814862+00:00
Paraguay,Maurício,2001-06-22,25.0,,MF,Palmeiras,11,3,0,False,4,1,0,0,26worldcup (Wikipedia),2026-07-13T08:49:41.814862+00:00
Paraguay,Andrés Cubas,1996-05-11,30.1,,MF,Vancouver Whitecaps FC,14,33,0,False,5,0,1,0,26worldcup (Wikipedia),2026-07-13T08:49:41.814862+00:00
Paraguay,Damián Bobadilla,2001-07-11,24.9,,MF,São Paulo,16,19,1,False,4,0,0,0,26worldcup (Wikipedia),2026-07-13T08:49:41.814862+00:00
Paraguay,Braian Ojeda,2000-06-27,26.0,,MF,Orlando City SC,20,17,0,False,1,0,0,0,26worldcup (Wikipedia),2026-07-13T08:49:41.814862+00:00
Paraguay,Matías Galarza,2002-02-11,24.3,,MF,Atlanta United FC,23,15,3,False,4,1,2,0,26worldcup (Wikipedia),2026-07-13T08:49:41.814862+00:00
Paraguay,Gustavo Caballero,2001-09-21,24.7,,MF,Portsmouth,24,2,1,False,2,0,0,0,26worldcup (Wikipedia),2026-07-13T08:49:41.814862+00:00
Paraguay,Antonio Sanabria,1996-03-04,30.3,,FW,Cremonese,9,48,7,False,2,0,0,0,26worldcup (Wikipedia),2026-07-13T08:49:41.814862+00:00
Paraguay,Kaku,1995-01-11,31.4,,FW,Al Ain,17,33,6,False,1,0,0,0,26worldcup (Wikipedia),2026-07-13T08:49:41.814862+00:00
Paraguay,Álex Arce,1995-06-16,31.0,,FW,Independiente Rivadavia,18,15,1,False,2,0,1,0,26worldcup (Wikipedia),2026-07-13T08:49:41.814862+00:00
Paraguay,Julio Enciso,2004-01-23,22.4,,FW,Strasbourg,19,32,4,False,5,1,0,0,26worldcup (Wikipedia),2026-07-13T08:49:41.814862+00:00
Paraguay,Gabriel Ávalos,1991-07-09,34.9,,FW,Independiente,21,23,2,False,4,0,0,0,26worldcup (Wikipedia),2026-07-13T08:49:41.814862+00:00
Paraguay,Isidro Pitta,1999-08-14,26.8,,FW,Red Bull Bragantino,25,5,0,False,1,0,0,0,26worldcup (Wikipedia),2026-07-13T08:49:41.814862+00:00
Türkiye,Mert Günok,1989-03-01,37.3,,GK,Fenerbahçe,1,37,0,False,0,0,0,0,26worldcup (Wikipedia),2026-07-13T08:49:41.814862+00:00
Türkiye,Altay Bayındır,1998-04-14,28.2,,GK,Manchester United,12,12,0,False,0,0,0,0,26worldcup (Wikipedia),2026-07-13T08:49:41.814862+00:00
Türkiye,Uğurcan Çakır,1996-04-05,30.2,,GK,Galatasaray,23,39,0,False,3,0,0,0,26worldcup (Wikipedia),2026-07-13T08:49:41.814862+00:00
Türkiye,Zeki Çelik,1997-02-17,29.3,,DF,Roma,2,61,3,False,2,0,0,0,26worldcup (Wikipedia),2026-07-13T08:49:41.814862+00:00
Türkiye,Merih Demiral,1998-03-05,28.3,,DF,Al-Ahli,3,62,6,False,2,0,0,0,26worldcup (Wikipedia),2026-07-13T08:49:41.814862+00:00
Türkiye,Çağlar Söyüncü,1996-05-23,30.1,,DF,Fenerbahçe,4,60,2,False,1,0,0,0,26worldcup (Wikipedia),2026-07-13T08:49:41.814862+00:00
Türkiye,Eren Elmalı,2000-07-07,25.9,,DF,Galatasaray,13,23,0,False,2,0,1,0,26worldcup (Wikipedia),2026-07-13T08:49:41.814862+00:00
Türkiye,Abdülkerim Bardakcı,1994-09-07,31.8,,DF,Galatasaray,14,27,2,False,3,0,0,0,26worldcup (Wikipedia),2026-07-13T08:49:41.814862+00:00
Türkiye,Ozan Kabak,2000-03-25,26.2,,DF,TSG Hoffenheim,15,30,2,False,1,0,0,0,26worldcup (Wikipedia),2026-07-13T08:49:41.814862+00:00
Türkiye,Mert Müldür,1999-04-03,27.2,,DF,Fenerbahçe,18,45,3,False,3,0,0,0,26worldcup (Wikipedia),2026-07-13T08:49:41.814862+00:00
Türkiye,Ferdi Kadıoğlu,1999-10-07,26.7,,DF,Brighton & Hove Albion,20,30,2,False,2,0,0,0,26worldcup (Wikipedia),2026-07-13T08:49:41.814862+00:00
Türkiye,Samet Akaydin,1994-03-13,32.2,,DF,Çaykur Rizespor,25,19,1,False,0,0,0,0,26worldcup (Wikipedia),2026-07-13T08:49:41.814862+00:00
Türkiye,Salih Özcan,1998-01-11,28.4,,MF,Borussia Dortmund,5,30,1,False,2,0,0,0,26worldcup (Wikipedia),2026-07-13T08:49:41.814862+00:00
Türkiye,Orkun Kökçü,2000-12-29,25.4,,MF,Beşiktaş,6,50,4,False,3,0,0,0,26worldcup (Wikipedia),2026-07-13T08:49:41.814862+00:00
Türkiye,Hakan Çalhanoğlu,1994-02-08,32.3,,MF,Inter Milan,10,105,22,False,2,0,0,0,26worldcup (Wikipedia),2026-07-13T08:49:41.814862+00:00
Türkiye,İsmail Yüksek,1999-01-26,27.4,,MF,Fenerbahçe,16,32,1,False,2,0,0,0,26worldcup (Wikipedia),2026-07-13T08:49:41.814862+00:00
Türkiye,Kaan Ayhan,1994-11-10,31.6,,MF,Galatasaray,22,73,5,False,1,1,0,0,26worldcup (Wikipedia),2026-07-13T08:49:41.814862+00:00
Türkiye,Kerem Aktürkoğlu,1998-10-21,27.6,,FW,Fenerbahçe,7,52,15,False,2,0,0,0,26worldcup (Wikipedia),2026-07-13T08:49:41.814862+00:00
Türkiye,Arda Güler,2005-02-25,21.3,,FW,Real Madrid,8,29,6,False,3,1,0,0,26worldcup (Wikipedia),2026-07-13T08:49:41.814862+00:00
Türkiye,Deniz Gül,2004-07-02,21.9,,FW,Porto,9,8,2,False,2,0,0,0,26worldcup (Wikipedia),2026-07-13T08:49:41.814862+00:00
Türkiye,Kenan Yıldız,2005-05-04,21.1,,FW,Juventus,11,28,5,False,3,0,0,0,26worldcup (Wikipedia),2026-07-13T08:49:41.814862+00:00
Türkiye,İrfan Can Kahveci,1995-07-15,30.9,,FW,Kasımpaşa,17,47,6,False,1,0,0,0,26worldcup (Wikipedia),2026-07-13T08:49:41.814862+00:00
Türkiye,Yunus Akgün,2000-07-07,25.9,,FW,Galatasaray,19,19,4,False,2,0,1,0,26worldcup (Wikipedia),2026-07-13T08:49:41.814862+00:00
Türkiye,Barış Alper Yılmaz,2000-05-23,26.1,,FW,Galatasaray,21,35,4,False,3,1,0,0,26worldcup (Wikipedia),2026-07-13T08:49:41.814862+00:00
Türkiye,Oğuz Aydın,2000-10-27,25.6,,FW,Fenerbahçe,24,11,0,False,1,0,0,0,26worldcup (Wikipedia),2026-07-13T08:49:41.814862+00:00
Türkiye,Can Uzun,2005-11-11,20.6,,FW,Eintracht Frankfurt,26,6,1,False,2,0,0,0,26worldcup (Wikipedia),2026-07-13T08:49:41.814862+00:00
USA,Matt Turner,1994-06-24,32.0,,GK,New England Revolution,1,54,0,False,1,0,0,0,26worldcup (Wikipedia),2026-07-13T08:49:41.814862+00:00
USA,Matt Freese,1998-09-02,27.8,,GK,New York City FC,24,15,0,False,4,0,0,0,26worldcup (Wikipedia),2026-07-13T08:49:41.814862+00:00
USA,Chris Brady,2004-03-03,22.3,,GK,Chicago Fire FC,25,1,0,False,0,0,0,0,26worldcup (Wikipedia),2026-07-13T08:49:41.814862+00:00
USA,Sergiño Dest,2000-11-03,25.6,,DF,PSV Eindhoven,2,39,3,False,5,0,0,0,26worldcup (Wikipedia),2026-07-13T08:49:41.814862+00:00
USA,Chris Richards,2000-03-28,26.2,,DF,Crystal Palace,3,36,3,False,4,0,1,0,26worldcup (Wikipedia),2026-07-13T08:49:41.814862+00:00
USA,Antonee Robinson,1997-08-08,28.8,,DF,Fulham,5,54,5,False,4,0,1,0,26worldcup (Wikipedia),2026-07-13T08:49:41.814862+00:00
USA,Auston Trusty,1998-08-12,27.8,,DF,Celtic,6,8,0,False,2,1,0,0,26worldcup (Wikipedia),2026-07-13T08:49:41.814862+00:00
USA,Miles Robinson,1997-03-14,29.2,,DF,FC Cincinnati,12,40,3,False,1,0,0,0,26worldcup (Wikipedia),2026-07-13T08:49:41.814862+00:00
USA,Tim Ream,1987-10-05,38.7,,DF,Charlotte FC,13,82,1,False,4,0,0,0,26worldcup (Wikipedia),2026-07-13T08:49:41.814862+00:00
USA,Alex Freeman,2004-08-09,21.8,,DF,Villarreal,16,17,2,False,5,1,0,0,26worldcup (Wikipedia),2026-07-13T08:49:41.814862+00:00
USA,Max Arfsten,2001-04-19,25.1,,DF,Columbus Crew,18,20,1,False,1,0,0,0,26worldcup (Wikipedia),2026-07-13T08:49:41.814862+00:00
USA,Mark McKenzie,1999-02-25,27.3,,DF,Toulouse,22,29,0,False,1,0,0,0,26worldcup (Wikipedia),2026-07-13T08:49:41.814862+00:00
USA,Joe Scally,2002-12-31,23.4,,DF,Borussia Mönchengladbach,23,26,0,False,2,0,0,0,26worldcup (Wikipedia),2026-07-13T08:49:41.814862+00:00
USA,Tyler Adams,1999-02-14,27.3,,MF,Bournemouth,4,54,2,False,4,0,1,0,26worldcup (Wikipedia),2026-07-13T08:49:41.814862+00:00
USA,Giovanni Reyna,2002-11-13,23.6,,MF,Borussia Mönchengladbach,7,38,9,False,5,1,0,0,26worldcup (Wikipedia),2026-07-13T08:49:41.814862+00:00
USA,Weston McKennie,1998-08-28,27.8,,MF,Juventus,8,66,12,False,5,0,1,0,26worldcup (Wikipedia),2026-07-13T08:49:41.814862+00:00
USA,Sebastian Berhalter,2001-05-10,25.1,,MF,Vancouver Whitecaps FC,14,13,1,False,5,1,1,0,26worldcup (Wikipedia),2026-07-13T08:49:41.814862+00:00
USA,Cristian Roldan,1995-06-03,31.0,,MF,Seattle Sounders FC,15,47,0,False,0,0,0,0,26worldcup (Wikipedia),2026-07-13T08:49:41.814862+00:00
USA,Malik Tillman,2002-05-28,24.0,,MF,Bayer Leverkusen,17,30,3,False,5,2,1,0,26worldcup (Wikipedia),2026-07-13T08:49:41.814862+00:00
USA,Ricardo Pepi,2003-01-09,23.4,,FW,PSV Eindhoven,9,37,13,False,5,0,0,0,26worldcup (Wikipedia),2026-07-13T08:49:41.814862+00:00
USA,Christian Pulisic,1998-09-18,27.7,,FW,Milan,10,86,33,False,4,0,0,0,26worldcup (Wikipedia),2026-07-13T08:49:41.814862+00:00
USA,Brenden Aaronson,2000-10-22,25.6,,FW,Leeds United,11,58,9,False,1,0,0,0,26worldcup (Wikipedia),2026-07-13T08:49:41.814862+00:00
USA,Haji Wright,1998-03-27,28.2,,FW,Coventry City,19,20,7,False,2,0,0,0,26worldcup (Wikipedia),2026-07-13T08:49:41.814862+00:00
USA,Folarin Balogun,2001-07-03,24.9,,FW,Monaco,20,27,9,False,4,3,1,1,26worldcup (Wikipedia),2026-07-13T08:49:41.814862+00:00
USA,Timothy Weah,2000-02-22,26.3,,FW,Marseille,21,51,7,False,2,0,0,0,26worldcup (Wikipedia),2026-07-13T08:49:41.814862+00:00
USA,Alejandro Zendejas,1998-02-07,28.3,,FW,América,26,14,2,False,1,0,0,0,26worldcup (Wikipedia),2026-07-13T08:49:41.814862+00:00
Curaçao,Eloy Room,1989-02-06,37.3,,GK,Miami FC,1,71,0,False,3,0,0,0,26worldcup (Wikipedia),2026-07-13T08:49:41.814862+00:00
Curaçao,Tyrick Bodak,2002-05-15,24.1,,GK,Telstar,25,4,0,False,0,0,0,0,26worldcup (Wikipedia),2026-07-13T08:49:41.814862+00:00
Curaçao,Trevor Doornbusch,1999-07-06,26.9,,GK,VVV-Venlo,26,8,0,False,0,0,0,0,26worldcup (Wikipedia),2026-07-13T08:49:41.814862+00:00
Curaçao,Shurandy Sambo,2001-08-19,24.8,,DF,Sparta Rotterdam,2,8,0,False,1,0,0,0,26worldcup (Wikipedia),2026-07-13T08:49:41.814862+00:00
Curaçao,Juriën Gaari,1993-12-23,32.5,,DF,Abha,3,60,1,False,2,0,1,0,26worldcup (Wikipedia),2026-07-13T08:49:41.814862+00:00
Curaçao,Roshon van Eijma,1998-06-09,28.0,,DF,RKC Waalwijk,4,28,1,False,1,0,0,0,26worldcup (Wikipedia),2026-07-13T08:49:41.814862+00:00
Curaçao,Sherel Floranus,1998-08-23,27.8,,DF,PEC Zwolle,5,28,0,False,3,0,0,0,26worldcup (Wikipedia),2026-07-13T08:49:41.814862+00:00
Curaçao,Armando Obispo,1999-03-05,27.3,,DF,PSV Eindhoven,18,6,0,False,3,0,0,0,26worldcup (Wikipedia),2026-07-13T08:49:41.814862+00:00
Curaçao,Joshua Brenet,1994-03-20,32.2,,DF,Kayserispor,20,18,2,False,2,0,0,0,26worldcup (Wikipedia),2026-07-13T08:49:41.814862+00:00
Curaçao,Riechedly Bazoer,1996-10-12,29.7,,DF,Konyaspor,23,5,0,False,1,0,0,0,26worldcup (Wikipedia),2026-07-13T08:49:41.814862+00:00
Curaçao,Deveron Fonville,2003-05-16,23.1,,DF,NEC,24,2,0,False,3,0,0,0,26worldcup (Wikipedia),2026-07-13T08:49:41.814862+00:00
Curaçao,Godfried Roemeratoe,1999-08-19,26.8,,MF,RKC Waalwijk,6,28,1,False,1,0,0,0,26worldcup (Wikipedia),2026-07-13T08:49:41.814862+00:00
Curaçao,Juninho Bacuna,1997-08-07,28.8,,MF,Volendam,7,49,15,False,3,0,2,0,26worldcup (Wikipedia),2026-07-13T08:49:41.814862+00:00
Curaçao,Livano Comenencia,2004-02-03,22.4,,MF,Zürich,8,20,2,False,3,1,1,0,26worldcup (Wikipedia),2026-07-13T08:49:41.814862+00:00
Curaçao,Leandro Bacuna,1991-08-21,34.8,,MF,Iğdır,10,72,16,False,3,0,1,0,26worldcup (Wikipedia),2026-07-13T08:49:41.814862+00:00
Curaçao,Ar'jany Martha,2003-09-04,22.8,,MF,Rotherham United,15,9,2,False,0,0,0,0,26worldcup (Wikipedia),2026-07-13T08:49:41.814862+00:00
Curaçao,Tahith Chong,1999-12-04,26.5,,MF,Sheffield United,21,6,3,False,3,0,0,0,26worldcup (Wikipedia),2026-07-13T08:49:41.814862+00:00
Curaçao,Kevin Felida,1999-11-11,26.6,,MF,Den Bosch,22,19,1,False,0,0,0,0,26worldcup (Wikipedia),2026-07-13T08:49:41.814862+00:00
Curaçao,Jürgen Locadia,1993-11-07,32.6,,FW,Miami FC,9,13,1,False,3,0,0,0,26worldcup (Wikipedia),2026-07-13T08:49:41.814862+00:00
Curaçao,Jeremy Antonisse,2002-03-29,24.2,,FW,Kifisia,11,27,4,False,2,0,0,0,26worldcup (Wikipedia),2026-07-13T08:49:41.814862+00:00
Curaçao,Sontje Hansen,2002-05-18,24.1,,FW,Middlesbrough,12,6,1,False,1,0,0,0,26worldcup (Wikipedia),2026-07-13T08:49:41.814862+00:00
Curaçao,Tyrese Noslin,2002-09-11,23.7,,FW,Telstar,13,7,1,False,1,0,0,0,26worldcup (Wikipedia),2026-07-13T08:49:41.814862+00:00
Curaçao,Kenji Gorré,1994-09-29,31.7,,FW,Maccabi Haifa,14,38,6,False,1,0,0,0,26worldcup (Wikipedia),2026-07-13T08:49:41.814862+00:00
Curaçao,Jearl Margaritha,2000-04-10,26.2,,FW,Beveren,16,22,5,False,2,0,0,0,26worldcup (Wikipedia),2026-07-13T08:49:41.814862+00:00
Curaçao,Brandley Kuwas,1992-09-19,33.7,,FW,Volendam,17,35,2,False,1,0,0,0,26worldcup (Wikipedia),2026-07-13T08:49:41.814862+00:00
Curaçao,Gervane Kastaneer,1996-06-09,30.0,,FW,Terengganu,19,29,9,False,3,0,2,0,26worldcup (Wikipedia),2026-07-13T08:49:41.814862+00:00
Ecuador,Hernán Galíndez,1987-03-30,39.2,,GK,Huracán,1,35,0,False,4,0,0,0,26worldcup (Wikipedia),2026-07-13T08:49:41.814862+00:00
Ecuador,Moisés Ramírez,2000-09-09,25.8,,GK,Kifisia,12,7,0,False,0,0,0,0,26worldcup (Wikipedia),2026-07-13T08:49:41.814862+00:00
Ecuador,Gonzalo Valle,1996-02-28,30.3,,GK,LDU Quito,22,4,0,False,0,0,0,0,26worldcup (Wikipedia),2026-07-13T08:49:41.814862+00:00
Ecuador,Félix Torres,1997-01-11,29.4,,DF,Internacional,2,49,5,False,1,0,0,0,26worldcup (Wikipedia),2026-07-13T08:49:41.814862+00:00
Ecuador,Piero Hincapié,2002-01-09,24.4,,DF,Arsenal,3,52,3,False,4,0,1,1,26worldcup (Wikipedia),2026-07-13T08:49:41.814862+00:00
Ecuador,Joel Ordóñez,2004-04-21,22.1,,DF,Club Brugge,4,17,0,False,3,0,0,0,26worldcup (Wikipedia),2026-07-13T08:49:41.814862+00:00
Ecuador,Willian Pacho,2001-10-16,24.7,,DF,Paris Saint-Germain,6,34,2,False,4,0,0,0,26worldcup (Wikipedia),2026-07-13T08:49:41.814862+00:00
Ecuador,Pervis Estupiñán,1998-01-21,28.4,,DF,Milan,7,54,5,False,2,0,0,0,26worldcup (Wikipedia),2026-07-13T08:49:41.814862+00:00
Ecuador,Ángelo Preciado,1998-02-18,28.3,,DF,Atlético Mineiro,17,55,0,False,4,0,0,0,26worldcup (Wikipedia),2026-07-13T08:49:41.814862+00:00
Ecuador,Jackson Porozo,2000-08-04,25.9,,DF,Tijuana,25,10,1,False,1,0,1,0,26worldcup (Wikipedia),2026-07-13T08:49:41.814862+00:00
Ecuador,Yaimar Medina,2004-11-05,21.6,,DF,Genk,26,6,0,False,1,0,0,0,26worldcup (Wikipedia),2026-07-13T08:49:41.814862+00:00
Ecuador,Jordy Alcívar,1999-08-05,26.9,,MF,Independiente del Valle,5,11,1,False,1,0,1,0,26worldcup (Wikipedia),2026-07-13T08:49:41.814862+00:00
Ecuador,Anthony Valencia,2003-07-21,22.9,,MF,Antwerp,8,3,1,False,0,0,0,0,26worldcup (Wikipedia),2026-07-13T08:49:41.814862+00:00
Ecuador,Kendry Páez,2007-05-04,19.1,,MF,River Plate,10,26,2,False,1,0,1,0,26worldcup (Wikipedia),2026-07-13T08:49:41.814862+00:00
Ecuador,Alan Minda,2003-05-14,23.1,,MF,Atlético Mineiro,14,20,2,False,1,0,0,0,26worldcup (Wikipedia),2026-07-13T08:49:41.814862+00:00
Ecuador,Pedro Vite,2002-03-09,24.3,,MF,Pumas UNAM,15,17,1,False,4,0,0,0,26worldcup (Wikipedia),2026-07-13T08:49:41.814862+00:00
Ecuador,Denil Castillo,2004-03-24,22.2,,MF,Midtjylland,18,5,0,False,0,0,0,0,26worldcup (Wikipedia),2026-07-13T08:49:41.814862+00:00
Ecuador,Alan Franco,1998-08-21,27.8,,MF,Atlético Mineiro,21,58,1,False,4,0,2,0,26worldcup (Wikipedia),2026-07-13T08:49:41.814862+00:00
Ecuador,Moisés Caicedo,2001-11-02,24.6,,MF,Chelsea,23,61,3,False,4,0,1,0,26worldcup (Wikipedia),2026-07-13T08:49:41.814862+00:00
Ecuador,John Yeboah,2000-06-23,26.0,,FW,Venezia,9,23,3,False,4,0,0,0,26worldcup (Wikipedia),2026-07-13T08:49:41.814862+00:00
Ecuador,Kevin Rodríguez,2000-03-04,26.3,,FW,Union Saint-Gilloise,11,31,2,False,4,0,0,0,26worldcup (Wikipedia),2026-07-13T08:49:41.814862+00:00
Ecuador,Enner Valencia,1989-11-04,36.6,,FW,Pachuca,13,105,49,False,4,0,0,0,26worldcup (Wikipedia),2026-07-13T08:49:41.814862+00:00
Ecuador,Jordy Caicedo,1997-11-18,28.6,,FW,Huracán,16,20,4,False,3,0,0,0,26worldcup (Wikipedia),2026-07-13T08:49:41.814862+00:00
Ecuador,Gonzalo Plata,2000-11-01,25.6,,FW,Flamengo,19,50,8,False,4,1,1,0,26worldcup (Wikipedia),2026-07-13T08:49:41.814862+00:00
Ecuador,Nilson Angulo,2003-06-19,23.0,,FW,Sunderland,20,14,2,False,4,1,0,0,26worldcup (Wikipedia),2026-07-13T08:49:41.814862+00:00
Ecuador,Jeremy Arévalo,2005-03-19,21.2,,FW,VfB Stuttgart,24,4,0,False,0,0,0,0,26worldcup (Wikipedia),2026-07-13T08:49:41.814862+00:00
Germany,Manuel Neuer,1986-03-27,40.2,,GK,Bayern Munich,1,124,0,False,4,0,0,0,26worldcup (Wikipedia),2026-07-13T08:49:41.814862+00:00
Germany,Oliver Baumann,1990-06-02,36.0,,GK,TSG Hoffenheim,12,13,0,False,0,0,0,0,26worldcup (Wikipedia),2026-07-13T08:49:41.814862+00:00
Germany,Alexander Nübel,1996-09-30,29.7,,GK,VfB Stuttgart,21,3,0,False,0,0,0,0,26worldcup (Wikipedia),2026-07-13T08:49:41.814862+00:00
Germany,Antonio Rüdiger,1993-03-03,33.3,,DF,Real Madrid,2,82,3,False,4,0,0,0,26worldcup (Wikipedia),2026-07-13T08:49:41.814862+00:00
Germany,Waldemar Anton,1996-07-20,29.9,,DF,Borussia Dortmund,3,13,0,False,2,0,0,0,26worldcup (Wikipedia),2026-07-13T08:49:41.814862+00:00
Germany,Jonathan Tah,1996-02-11,30.3,,DF,Bayern Munich,4,47,1,False,4,0,0,0,26worldcup (Wikipedia),2026-07-13T08:49:41.814862+00:00
Germany,Joshua Kimmich,1995-02-08,31.3,,DF,Bayern Munich,6,110,10,False,4,0,0,0,26worldcup (Wikipedia),2026-07-13T08:49:41.814862+00:00
Germany,Nico Schlotterbeck,1999-12-01,26.5,,DF,Borussia Dortmund,15,27,0,False,2,1,0,0,26worldcup (Wikipedia),2026-07-13T08:49:41.814862+00:00
Germany,Nathaniel Brown,2003-06-16,23.0,,DF,Eintracht Frankfurt,18,5,0,False,3,1,0,0,26worldcup (Wikipedia),2026-07-13T08:49:41.814862+00:00
Germany,David Raum,1998-04-22,28.1,,DF,RB Leipzig,22,37,1,False,2,0,0,0,26worldcup (Wikipedia),2026-07-13T08:49:41.814862+00:00
Germany,Malick Thiaw,2001-08-08,24.8,,DF,Newcastle United,24,5,0,False,2,0,0,0,26worldcup (Wikipedia),2026-07-13T08:49:41.814862+00:00
Germany,Aleksandar Pavlović,2004-05-03,22.1,,MF,Bayern Munich,5,11,1,False,4,0,1,0,26worldcup (Wikipedia),2026-07-13T08:49:41.814862+00:00
Germany,Leon Goretzka,1995-02-06,31.3,,MF,Bayern Munich,8,70,15,False,3,0,0,0,26worldcup (Wikipedia),2026-07-13T08:49:41.814862+00:00
Germany,Jamie Leweling,2001-02-26,25.3,,MF,VfB Stuttgart,9,5,1,False,1,0,0,0,26worldcup (Wikipedia),2026-07-13T08:49:41.814862+00:00
Germany,Jamal Musiala,2003-02-26,23.3,,MF,Bayern Munich,10,42,9,False,4,1,1,0,26worldcup (Wikipedia),2026-07-13T08:49:41.814862+00:00
Germany,Pascal Groß,1991-06-15,35.0,,MF,Brighton & Hove Albion,13,18,1,False,1,0,0,0,26worldcup (Wikipedia),2026-07-13T08:49:41.814862+00:00
Germany,Angelo Stiller,2001-04-04,25.2,,MF,VfB Stuttgart,16,8,0,False,1,0,0,0,26worldcup (Wikipedia),2026-07-13T08:49:41.814862+00:00
Germany,Florian Wirtz,2003-05-03,23.1,,MF,Liverpool,17,41,11,False,4,0,0,0,26worldcup (Wikipedia),2026-07-13T08:49:41.814862+00:00
Germany,Leroy Sané,1996-01-11,30.4,,MF,Galatasaray,19,76,17,False,4,1,0,0,26worldcup (Wikipedia),2026-07-13T08:49:41.814862+00:00
Germany,Nadiem Amiri,1996-10-27,29.6,,MF,Mainz 05,20,11,1,False,2,0,0,0,26worldcup (Wikipedia),2026-07-13T08:49:41.814862+00:00
Germany,Felix Nmecha,2000-10-10,25.7,,MF,Borussia Dortmund,23,8,1,False,4,1,0,0,26worldcup (Wikipedia),2026-07-13T08:49:41.814862+00:00
Germany,Assan Ouédraogo,2006-05-09,20.1,,MF,RB Leipzig,25,1,1,False,0,0,0,0,26worldcup (Wikipedia),2026-07-13T08:49:41.814862+00:00
Germany,Kai Havertz,1999-06-11,27.0,,FW,Arsenal,7,58,22,False,4,3,1,0,26worldcup (Wikipedia),2026-07-13T08:49:41.814862+00:00
Germany,Nick Woltemade,2002-02-14,24.3,,FW,Newcastle United,11,11,4,False,1,0,0,0,26worldcup (Wikipedia),2026-07-13T08:49:41.814862+00:00
Germany,Maximilian Beier,2002-10-17,23.6,,FW,Borussia Dortmund,14,9,0,False,1,0,0,0,26worldcup (Wikipedia),2026-07-13T08:49:41.814862+00:00
Germany,Deniz Undav,1996-07-19,29.9,,FW,VfB Stuttgart,26,9,6,False,4,3,0,0,26worldcup (Wikipedia),2026-07-13T08:49:41.814862+00:00
Côte d'Ivoire,Yahia Fofana,2000-08-21,25.8,,GK,Çaykur Rizespor,1,35,0,False,4,0,0,0,26worldcup (Wikipedia),2026-07-13T08:49:41.814862+00:00
Côte d'Ivoire,Mohamed Koné,2002-03-07,24.3,,GK,Charleroi,16,0,0,False,0,0,0,0,26worldcup (Wikipedia),2026-07-13T08:49:41.814862+00:00
Côte d'Ivoire,Alban Lafont,1999-01-23,27.4,,GK,Panathinaikos,23,4,0,False,0,0,0,0,26worldcup (Wikipedia),2026-07-13T08:49:41.814862+00:00
Côte d'Ivoire,Ousmane Diomande,2003-12-04,22.5,,DF,Sporting CP,2,15,1,False,1,0,0,0,26worldcup (Wikipedia),2026-07-13T08:49:41.814862+00:00
Côte d'Ivoire,Ghislain Konan,1995-12-27,30.5,,DF,Gil Vicente,3,54,0,False,3,0,0,0,26worldcup (Wikipedia),2026-07-13T08:49:41.814862+00:00
Côte d'Ivoire,Wilfried Singo,2000-12-25,25.5,,DF,Galatasaray,5,34,1,False,2,0,0,0,26worldcup (Wikipedia),2026-07-13T08:49:41.814862+00:00
Côte d'Ivoire,Odilon Kossounou,2001-01-04,25.4,,DF,Atalanta,7,36,0,False,4,0,0,0,26worldcup (Wikipedia),2026-07-13T08:49:41.814862+00:00
Côte d'Ivoire,Christopher Opéri,1997-04-29,29.1,,DF,İstanbul Başakşehir,13,12,0,False,1,0,0,0,26worldcup (Wikipedia),2026-07-13T08:49:41.814862+00:00
Côte d'Ivoire,Guéla Doué,2002-10-17,23.6,,DF,Strasbourg,17,20,3,False,4,0,1,0,26worldcup (Wikipedia),2026-07-13T08:49:41.814862+00:00
Côte d'Ivoire,Emmanuel Agbadou,1997-06-17,29.0,,DF,Beşiktaş,20,20,2,False,3,0,0,0,26worldcup (Wikipedia),2026-07-13T08:49:41.814862+00:00
Côte d'Ivoire,Evan Ndicka,1999-08-20,26.8,,DF,Roma,21,28,0,False,0,0,0,0,26worldcup (Wikipedia),2026-07-13T08:49:41.814862+00:00
Côte d'Ivoire,Jean Michaël Seri,1991-07-19,34.9,,MF,Maribor,4,65,4,False,1,0,0,0,26worldcup (Wikipedia),2026-07-13T08:49:41.814862+00:00
Côte d'Ivoire,Seko Fofana,1995-05-07,31.1,,MF,Porto,6,33,7,False,2,0,1,0,26worldcup (Wikipedia),2026-07-13T08:49:41.814862+00:00
Côte d'Ivoire,Franck Kessié,1996-12-19,29.5,,MF,Al-Ahli,8,102,15,False,4,1,1,0,26worldcup (Wikipedia),2026-07-13T08:49:41.814862+00:00
Côte d'Ivoire,Ibrahim Sangaré,1997-12-02,28.5,,MF,Nottingham Forest,18,57,12,False,4,0,0,0,26worldcup (Wikipedia),2026-07-13T08:49:41.814862+00:00
Côte d'Ivoire,Parfait Guiagon,2001-02-22,25.3,,MF,Charleroi,25,5,0,False,0,0,0,0,26worldcup (Wikipedia),2026-07-13T08:49:41.814862+00:00
Côte d'Ivoire,Christ Inao Oulaï,2006-04-06,20.2,,MF,Trabzonspor,26,9,0,False,4,0,0,0,26worldcup (Wikipedia),2026-07-13T08:49:41.814862+00:00
Côte d'Ivoire,Ange-Yoan Bonny,2003-10-25,22.6,,FW,Inter Milan,9,1,0,False,4,0,0,0,26worldcup (Wikipedia),2026-07-13T08:49:41.814862+00:00
Côte d'Ivoire,Simon Adingra,2002-01-01,24.4,,FW,Monaco,10,29,5,False,1,0,0,0,26worldcup (Wikipedia),2026-07-13T08:49:41.814862+00:00
Côte d'Ivoire,Yan Diomande,2006-11-14,19.6,,FW,RB Leipzig,11,10,3,False,4,0,0,0,26worldcup (Wikipedia),2026-07-13T08:49:41.814862+00:00
Côte d'Ivoire,Elye Wahi,2003-01-02,23.4,,FW,Nice,12,2,0,False,3,0,0,0,26worldcup (Wikipedia),2026-07-13T08:49:41.814862+00:00
Côte d'Ivoire,Oumar Diakité,2003-12-20,22.5,,FW,Cercle Brugge,14,30,6,False,2,0,0,0,26worldcup (Wikipedia),2026-07-13T08:49:41.814862+00:00
Côte d'Ivoire,Amad Diallo,2002-07-11,23.9,,FW,Manchester United,15,19,6,False,4,2,0,0,26worldcup (Wikipedia),2026-07-13T08:49:41.814862+00:00
Côte d'Ivoire,Nicolas Pépé,1995-05-29,31.0,,FW,Villarreal,19,56,12,False,4,2,1,0,26worldcup (Wikipedia),2026-07-13T08:49:41.814862+00:00
Côte d'Ivoire,Evann Guessand,2001-07-01,24.9,,FW,Crystal Palace,22,21,4,False,2,0,0,0,26worldcup (Wikipedia),2026-07-13T08:49:41.814862+00:00
Côte d'Ivoire,Bazoumana Touré,2006-03-02,20.3,,FW,TSG Hoffenheim,24,6,2,False,3,0,0,0,26worldcup (Wikipedia),2026-07-13T08:49:41.814862+00:00
Japan,Zion Suzuki,2002-08-21,23.8,,GK,Parma,1,24,0,False,4,0,0,0,26worldcup (Wikipedia),2026-07-13T08:49:41.814862+00:00
Japan,Keisuke Ōsako,1999-07-28,26.9,,GK,Sanfrecce Hiroshima,12,11,0,False,0,0,0,0,26worldcup (Wikipedia),2026-07-13T08:49:41.814862+00:00
Japan,Tomoki Hayakawa,1999-03-03,27.3,,GK,Kashima Antlers,23,4,0,False,0,0,0,0,26worldcup (Wikipedia),2026-07-13T08:49:41.814862+00:00
Japan,Yukinari Sugawara,2000-06-28,26.0,,DF,Werder Bremen,2,21,2,False,4,0,0,0,26worldcup (Wikipedia),2026-07-13T08:49:41.814862+00:00
Japan,Shōgo Taniguchi,1991-07-15,34.9,,DF,Sint-Truiden,3,38,1,False,3,0,1,0,26worldcup (Wikipedia),2026-07-13T08:49:41.814862+00:00
Japan,Kō Itakura,1997-01-27,29.4,,DF,Ajax,4,40,2,False,2,0,0,0,26worldcup (Wikipedia),2026-07-13T08:49:41.814862+00:00
Japan,Yūto Nagatomo,1986-09-12,39.7,,DF,FC Tokyo,5,145,4,False,1,0,0,0,26worldcup (Wikipedia),2026-07-13T08:49:41.814862+00:00
Japan,Tsuyoshi Watanabe,1997-02-05,29.3,,DF,Feyenoord,16,11,0,False,2,0,0,0,26worldcup (Wikipedia),2026-07-13T08:49:41.814862+00:00
Japan,Ayumu Seko,2000-06-07,26.0,,DF,Le Havre,20,14,0,False,2,0,0,0,26worldcup (Wikipedia),2026-07-13T08:49:41.814862+00:00
Japan,Hiroki Itō,1999-05-12,27.1,,DF,Bayern Munich,21,24,1,False,4,0,0,0,26worldcup (Wikipedia),2026-07-13T08:49:41.814862+00:00
Japan,Takehiro Tomiyasu,1998-11-05,27.6,,DF,Ajax,22,43,1,False,3,0,0,0,26worldcup (Wikipedia),2026-07-13T08:49:41.814862+00:00
Japan,Junnosuke Suzuki,2003-07-12,22.9,,DF,Copenhagen,25,6,0,False,2,0,1,0,26worldcup (Wikipedia),2026-07-13T08:49:41.814862+00:00
Japan,Ao Tanaka,1998-09-10,27.8,,MF,Leeds United,7,38,8,False,3,0,0,0,26worldcup (Wikipedia),2026-07-13T08:49:41.814862+00:00
Japan,Takefusa Kubo,2001-06-04,25.0,,MF,Real Sociedad,8,49,7,False,1,0,0,0,26worldcup (Wikipedia),2026-07-13T08:49:41.814862+00:00
Japan,Ritsu Dōan,1998-06-16,28.0,,MF,Eintracht Frankfurt,10,65,11,False,4,0,0,0,26worldcup (Wikipedia),2026-07-13T08:49:41.814862+00:00
Japan,Daizen Maeda,1997-10-20,28.6,,MF,Celtic,11,27,4,False,3,1,0,0,26worldcup (Wikipedia),2026-07-13T08:49:41.814862+00:00
Japan,Keito Nakamura,2000-07-28,25.9,,MF,Reims,13,25,10,False,4,1,0,0,26worldcup (Wikipedia),2026-07-13T08:49:41.814862+00:00
Japan,Junya Itō,1993-03-09,33.3,,MF,Genk,14,69,15,False,4,1,0,0,26worldcup (Wikipedia),2026-07-13T08:49:41.814862+00:00
Japan,Daichi Kamada,1996-08-05,29.8,,MF,Crystal Palace,15,49,12,False,4,2,1,0,26worldcup (Wikipedia),2026-07-13T08:49:41.814862+00:00
Japan,Yuito Suzuki,2001-10-25,24.6,,MF,SC Freiburg,17,6,0,False,1,0,0,0,26worldcup (Wikipedia),2026-07-13T08:49:41.814862+00:00
Japan,Kaishū Sano,2000-12-30,25.4,,MF,Mainz 05,24,13,0,False,3,1,1,0,26worldcup (Wikipedia),2026-07-13T08:49:41.814862+00:00
Japan,Shūto Machino,1999-09-30,26.7,,FW,Borussia Mönchengladbach,6,14,5,False,1,0,0,0,26worldcup (Wikipedia),2026-07-13T08:49:41.814862+00:00
Japan,Keisuke Gotō,2005-06-03,21.0,,FW,Sint-Truiden,9,4,0,False,1,0,0,0,26worldcup (Wikipedia),2026-07-13T08:49:41.814862+00:00
Japan,Ayase Ueda,1998-08-28,27.8,,FW,Feyenoord,18,39,16,False,4,2,0,0,26worldcup (Wikipedia),2026-07-13T08:49:41.814862+00:00
Japan,Kōki Ogawa,1997-08-08,28.8,,FW,NEC,19,15,11,False,3,0,0,0,26worldcup (Wikipedia),2026-07-13T08:49:41.814862+00:00
Japan,Kento Shiogai,2005-03-26,21.2,,FW,VfL Wolfsburg,26,2,0,False,1,0,0,0,26worldcup (Wikipedia),2026-07-13T08:49:41.814862+00:00
Netherlands,Bart Verbruggen,2002-08-18,23.8,,GK,Brighton & Hove Albion,1,29,0,False,4,0,0,0,26worldcup (Wikipedia),2026-07-13T08:49:41.814862+00:00
Netherlands,Robin Roefs,2003-01-17,23.4,,GK,Sunderland,13,1,0,False,0,0,0,0,26worldcup (Wikipedia),2026-07-13T08:49:41.814862+00:00
Netherlands,Mark Flekken,1993-06-13,33.0,,GK,Bayer Leverkusen,23,12,0,False,0,0,0,0,26worldcup (Wikipedia),2026-07-13T08:49:41.814862+00:00
Netherlands,Lutsharel Geertruida,2000-07-18,25.9,,DF,Sunderland,2,21,0,False,0,0,0,0,26worldcup (Wikipedia),2026-07-13T08:49:41.814862+00:00
Netherlands,Virgil van Dijk,1991-07-08,34.9,,DF,Liverpool,4,92,12,False,4,1,0,0,26worldcup (Wikipedia),2026-07-13T08:49:41.814862+00:00
Netherlands,Nathan Aké,1995-02-18,31.3,,DF,Manchester City,5,59,5,False,3,0,0,0,26worldcup (Wikipedia),2026-07-13T08:49:41.814862+00:00
Netherlands,Jan Paul van Hecke,2000-06-08,26.0,,DF,Brighton & Hove Albion,6,12,0,False,4,1,0,0,26worldcup (Wikipedia),2026-07-13T08:49:41.814862+00:00
Netherlands,Mats Wieffer,1999-11-16,26.6,,DF,Brighton & Hove Albion,12,15,1,False,0,0,0,0,26worldcup (Wikipedia),2026-07-13T08:49:41.814862+00:00
Netherlands,Micky van de Ven,2001-04-19,25.1,,DF,Tottenham Hotspur,15,21,1,False,3,0,1,0,26worldcup (Wikipedia),2026-07-13T08:49:41.814862+00:00
Netherlands,Denzel Dumfries,1996-04-18,30.1,,DF,Inter Milan,22,72,11,False,4,0,0,0,26worldcup (Wikipedia),2026-07-13T08:49:41.814862+00:00
Netherlands,Jorrel Hato,2006-03-07,20.3,,DF,Chelsea,25,8,0,False,1,0,0,0,26worldcup (Wikipedia),2026-07-13T08:49:41.814862+00:00
Netherlands,Marten de Roon,1991-03-29,35.2,,MF,Atalanta,3,43,1,False,1,0,0,0,26worldcup (Wikipedia),2026-07-13T08:49:41.814862+00:00
Netherlands,Justin Kluivert,1999-05-05,27.1,,MF,Bournemouth,7,12,0,False,2,0,0,0,26worldcup (Wikipedia),2026-07-13T08:49:41.814862+00:00
Netherlands,Ryan Gravenberch,2002-05-16,24.1,,MF,Liverpool,8,27,1,False,4,0,0,0,26worldcup (Wikipedia),2026-07-13T08:49:41.814862+00:00
Netherlands,Tijjani Reijnders,1998-07-29,27.9,,MF,Manchester City,14,32,7,False,3,0,0,0,26worldcup (Wikipedia),2026-07-13T08:49:41.814862+00:00
Netherlands,Guus Til,1997-12-22,28.5,,MF,PSV Eindhoven,16,7,1,False,1,0,0,0,26worldcup (Wikipedia),2026-07-13T08:49:41.814862+00:00
Netherlands,Teun Koopmeiners,1998-02-28,28.3,,MF,Juventus,20,28,3,False,4,0,0,0,26worldcup (Wikipedia),2026-07-13T08:49:41.814862+00:00
Netherlands,Frenkie de Jong,1997-05-12,29.1,,MF,Barcelona,21,66,2,False,4,0,0,0,26worldcup (Wikipedia),2026-07-13T08:49:41.814862+00:00
Netherlands,Quinten Timber,2001-06-17,25.0,,MF,Marseille,26,11,1,False,2,0,0,0,26worldcup (Wikipedia),2026-07-13T08:49:41.814862+00:00
Netherlands,Wout Weghorst,1992-08-07,33.8,,FW,Ajax,9,52,14,False,1,0,0,0,26worldcup (Wikipedia),2026-07-13T08:49:41.814862+00:00
Netherlands,Memphis Depay,1994-02-13,32.3,,FW,Corinthians,10,109,55,False,3,0,1,0,26worldcup (Wikipedia),2026-07-13T08:49:41.814862+00:00
Netherlands,Cody Gakpo,1999-05-07,27.1,,FW,Liverpool,11,50,21,False,4,3,0,0,26worldcup (Wikipedia),2026-07-13T08:49:41.814862+00:00
Netherlands,Noa Lang,1999-06-17,27.0,,FW,Galatasaray,17,15,3,False,2,0,0,0,26worldcup (Wikipedia),2026-07-13T08:49:41.814862+00:00
Netherlands,Donyell Malen,1999-01-19,27.4,,FW,Roma,18,53,13,False,3,0,0,0,26worldcup (Wikipedia),2026-07-13T08:49:41.814862+00:00
Netherlands,Brian Brobbey,2002-02-01,24.4,,FW,Sunderland,19,12,1,False,4,3,0,0,26worldcup (Wikipedia),2026-07-13T08:49:41.814862+00:00
Netherlands,Crysencio Summerville,2001-10-30,24.6,,FW,West Ham United,24,2,0,False,4,2,1,0,26worldcup (Wikipedia),2026-07-13T08:49:41.814862+00:00
Sweden,Jacob Widell Zetterström,1998-07-11,27.9,,GK,Derby County,1,3,0,False,2,0,0,0,26worldcup (Wikipedia),2026-07-13T08:49:41.814862+00:00
Sweden,Viktor Johansson,1998-09-14,27.7,,GK,Stoke City,12,12,0,False,0,0,0,0,26worldcup (Wikipedia),2026-07-13T08:49:41.814862+00:00
Sweden,Kristoffer Nordfeldt,1989-06-23,37.0,,GK,AIK,23,21,0,False,2,0,0,0,26worldcup (Wikipedia),2026-07-13T08:49:41.814862+00:00
Sweden,Gustaf Lagerbielke,2000-04-10,26.2,,DF,Braga,2,11,2,False,4,0,0,0,26worldcup (Wikipedia),2026-07-13T08:49:41.814862+00:00
Sweden,Victor Lindelöf,1994-07-17,31.9,,DF,Aston Villa,3,76,3,False,4,0,0,0,26worldcup (Wikipedia),2026-07-13T08:49:41.814862+00:00
Sweden,Isak Hien,1999-01-13,27.4,,DF,Atalanta,4,29,0,False,3,0,1,0,26worldcup (Wikipedia),2026-07-13T08:49:41.814862+00:00
Sweden,Gabriel Gudmundsson,1999-04-29,27.1,,DF,Leeds United,5,24,0,False,4,0,1,0,26worldcup (Wikipedia),2026-07-13T08:49:41.814862+00:00
Sweden,Herman Johansson,1997-10-16,28.7,,DF,FC Dallas,6,3,0,False,0,0,0,0,26worldcup (Wikipedia),2026-07-13T08:49:41.814862+00:00
Sweden,Daniel Svensson,2002-02-12,24.3,,DF,Borussia Dortmund,8,13,0,False,3,0,0,0,26worldcup (Wikipedia),2026-07-13T08:49:41.814862+00:00
Sweden,Hjalmar Ekdal,1998-10-21,27.6,,DF,Burnley,14,13,0,False,0,0,0,0,26worldcup (Wikipedia),2026-07-13T08:49:41.814862+00:00
Sweden,Carl Starfelt,1995-06-01,31.0,,DF,Celta Vigo,15,18,0,False,1,0,0,0,26worldcup (Wikipedia),2026-07-13T08:49:41.814862+00:00
Sweden,Eric Smith,1997-01-08,29.4,,DF,FC St. Pauli,20,2,0,False,0,0,0,0,26worldcup (Wikipedia),2026-07-13T08:49:41.814862+00:00
Sweden,Alexander Bernhardsson,1998-09-08,27.8,,DF,Holstein Kiel,21,11,0,False,3,0,0,0,26worldcup (Wikipedia),2026-07-13T08:49:41.814862+00:00
Sweden,Elliot Stroud,2002-06-22,24.0,,DF,Mjällby AIF,24,1,0,False,4,0,0,0,26worldcup (Wikipedia),2026-07-13T08:49:41.814862+00:00
Sweden,Lucas Bergvall,2006-02-02,20.4,,MF,Tottenham Hotspur,7,10,0,False,4,0,1,0,26worldcup (Wikipedia),2026-07-13T08:49:41.814862+00:00
Sweden,Benjamin Nygren,2001-07-08,24.9,,MF,Celtic,10,11,3,False,4,0,0,0,26worldcup (Wikipedia),2026-07-13T08:49:41.814862+00:00
Sweden,Ken Sema,1993-09-30,32.7,,MF,Pafos,13,33,5,False,1,0,0,0,26worldcup (Wikipedia),2026-07-13T08:49:41.814862+00:00
Sweden,Jesper Karlström,1995-06-21,31.0,,MF,Udinese,16,25,0,False,2,0,0,0,26worldcup (Wikipedia),2026-07-13T08:49:41.814862+00:00
Sweden,Yasin Ayari,2003-10-06,22.7,,MF,Brighton & Hove Albion,18,21,3,False,4,2,1,0,26worldcup (Wikipedia),2026-07-13T08:49:41.814862+00:00
Sweden,Mattias Svanberg,1999-01-05,27.4,,MF,VfL Wolfsburg,19,41,2,False,2,1,0,0,26worldcup (Wikipedia),2026-07-13T08:49:41.814862+00:00
Sweden,Besfort Zeneli,2002-11-21,23.6,,MF,Union Saint-Gilloise,22,8,0,False,2,0,0,0,26worldcup (Wikipedia),2026-07-13T08:49:41.814862+00:00
Sweden,Alexander Isak,1999-09-21,26.7,,FW,Liverpool,9,58,17,False,4,1,0,0,26worldcup (Wikipedia),2026-07-13T08:49:41.814862+00:00
Sweden,Anthony Elanga,2002-04-27,24.1,,FW,Newcastle United,11,30,6,False,4,2,0,0,26worldcup (Wikipedia),2026-07-13T08:49:41.814862+00:00
Sweden,Viktor Gyökeres,1998-06-04,28.0,,FW,Arsenal,17,33,20,False,4,1,1,0,26worldcup (Wikipedia),2026-07-13T08:49:41.814862+00:00
Sweden,Gustaf Nilsson,1997-05-23,29.1,,FW,Club Brugge,25,10,4,False,1,0,0,0,26worldcup (Wikipedia),2026-07-13T08:49:41.814862+00:00
Sweden,Taha Ali,1998-07-01,27.9,,FW,Malmö FF,26,2,0,False,2,0,0,0,26worldcup (Wikipedia),2026-07-13T08:49:41.814862+00:00
Tunisia,Mouhib Chamakh,2001-08-25,24.8,,GK,Club Africain,1,3,0,False,1,0,0,0,26worldcup (Wikipedia),2026-07-13T08:49:41.814862+00:00
Tunisia,Aymen Dahmen,1997-01-28,29.4,,GK,CS Sfaxien,16,37,0,False,2,0,0,0,26worldcup (Wikipedia),2026-07-13T08:49:41.814862+00:00
Tunisia,Sabri Ben Hessen,1996-06-13,30.0,,GK,Étoile du Sahel,22,2,0,False,0,0,0,0,26worldcup (Wikipedia),2026-07-13T08:49:41.814862+00:00
Tunisia,Ali Abdi,1993-12-20,32.5,,DF,Nice,2,46,7,False,3,0,0,0,26worldcup (Wikipedia),2026-07-13T08:49:41.814862+00:00
Tunisia,Montassar Talbi,1998-05-26,28.0,,DF,Lorient,3,64,4,False,3,0,0,0,26worldcup (Wikipedia),2026-07-13T08:49:41.814862+00:00
Tunisia,Omar Rekik,2001-12-20,24.5,,DF,Maribor,4,6,0,False,2,1,0,0,26worldcup (Wikipedia),2026-07-13T08:49:41.814862+00:00
Tunisia,Adem Arous,2004-07-17,21.9,,DF,Kasımpaşa,5,2,0,False,0,0,0,0,26worldcup (Wikipedia),2026-07-13T08:49:41.814862+00:00
Tunisia,Dylan Bronn,1995-06-19,31.0,,DF,Servette,6,52,2,False,1,0,0,0,26worldcup (Wikipedia),2026-07-13T08:49:41.814862+00:00
Tunisia,Mortadha Ben Ouanes,1994-07-02,31.9,,DF,Kasımpaşa,12,18,0,False,1,0,0,0,26worldcup (Wikipedia),2026-07-13T08:49:41.814862+00:00
Tunisia,Yan Valery,1999-02-22,27.3,,DF,Young Boys,20,22,0,False,3,0,0,0,26worldcup (Wikipedia),2026-07-13T08:49:41.814862+00:00
Tunisia,Mohamed Amine Ben Hamida,1995-12-15,30.5,,DF,Espérance de Tunis,21,13,0,False,3,0,0,0,26worldcup (Wikipedia),2026-07-13T08:49:41.814862+00:00
Tunisia,Moutaz Neffati,2004-09-04,21.8,,DF,IFK Norrköping,23,5,0,False,0,0,0,0,26worldcup (Wikipedia),2026-07-13T08:49:41.814862+00:00
Tunisia,Raed Chikhaoui,2004-06-09,22.0,,DF,US Monastir,24,0,0,False,0,0,0,0,26worldcup (Wikipedia),2026-07-13T08:49:41.814862+00:00
Tunisia,Hannibal Mejbri,2003-01-21,23.4,,MF,Burnley,10,45,1,False,3,0,0,0,26worldcup (Wikipedia),2026-07-13T08:49:41.814862+00:00
Tunisia,Ismaël Gharbi,2004-04-10,22.2,,MF,FC Augsburg,11,17,2,False,3,0,0,0,26worldcup (Wikipedia),2026-07-13T08:49:41.814862+00:00
Tunisia,Rani Khedira,1994-01-27,32.4,,MF,Union Berlin,13,3,0,False,3,0,1,0,26worldcup (Wikipedia),2026-07-13T08:49:41.814862+00:00
Tunisia,Khalil Ayari,2005-02-02,21.4,,MF,Paris Saint-Germain,14,4,0,False,0,0,0,0,26worldcup (Wikipedia),2026-07-13T08:49:41.814862+00:00
Tunisia,Hadj Mahmoud,2000-04-24,26.1,,MF,Lugano,15,9,0,False,2,0,0,0,26worldcup (Wikipedia),2026-07-13T08:49:41.814862+00:00
Tunisia,Ellyes Skhiri,1995-05-10,31.1,,MF,Eintracht Frankfurt,17,83,4,False,3,0,0,0,26worldcup (Wikipedia),2026-07-13T08:49:41.814862+00:00
Tunisia,Anis Ben Slimane,2001-03-16,25.2,,MF,Norwich City,25,41,4,False,3,0,0,0,26worldcup (Wikipedia),2026-07-13T08:49:41.814862+00:00
Tunisia,Sebastian Tounekti,2002-07-13,23.9,,MF,Celtic,26,12,1,False,3,0,0,0,26worldcup (Wikipedia),2026-07-13T08:49:41.814862+00:00
Tunisia,Elias Achouri,1999-02-10,27.3,,FW,Copenhagen,7,30,4,False,3,0,0,0,26worldcup (Wikipedia),2026-07-13T08:49:41.814862+00:00
Tunisia,Elias Saad,1999-12-27,26.5,,FW,Hannover 96,8,15,4,False,2,0,0,0,26worldcup (Wikipedia),2026-07-13T08:49:41.814862+00:00
Tunisia,Hazem Mastouri,1997-06-18,29.0,,FW,Dynamo Makhachkala,9,19,4,False,1,1,0,0,26worldcup (Wikipedia),2026-07-13T08:49:41.814862+00:00
Tunisia,Rayan Elloumi,2007-09-17,18.7,,FW,Vancouver Whitecaps FC,18,4,0,False,0,0,0,0,26worldcup (Wikipedia),2026-07-13T08:49:41.814862+00:00
Tunisia,Firas Chaouat,1996-05-08,30.1,,FW,Club Africain,19,30,6,False,3,0,0,0,26worldcup (Wikipedia),2026-07-13T08:49:41.814862+00:00
Belgium,Thibaut Courtois,1992-05-11,34.1,,GK,Real Madrid,1,109,0,False,6,0,0,0,26worldcup (Wikipedia),2026-07-13T08:49:41.814862+00:00
Belgium,Senne Lammens,2002-07-07,23.9,,GK,Manchester United,12,2,0,False,1,0,0,0,26worldcup (Wikipedia),2026-07-13T08:49:41.814862+00:00
Belgium,Mike Penders,2005-07-31,20.9,,GK,Strasbourg,13,0,0,False,0,0,0,0,26worldcup (Wikipedia),2026-07-13T08:49:41.814862+00:00
Belgium,Zeno Debast,2003-10-24,22.6,,DF,Sporting CP,2,26,1,False,0,0,0,0,26worldcup (Wikipedia),2026-07-13T08:49:41.814862+00:00
Belgium,Arthur Theate,2000-05-25,26.0,,DF,Eintracht Frankfurt,3,33,1,False,3,0,0,0,26worldcup (Wikipedia),2026-07-13T08:49:41.814862+00:00
Belgium,Brandon Mechele,1993-01-28,33.4,,DF,Club Brugge,4,9,1,False,6,0,1,0,26worldcup (Wikipedia),2026-07-13T08:49:41.814862+00:00
Belgium,Maxim De Cuyper,2000-12-22,25.5,,DF,Brighton & Hove Albion,5,19,4,False,6,0,1,0,26worldcup (Wikipedia),2026-07-13T08:49:41.814862+00:00
Belgium,Thomas Meunier,1991-09-12,34.7,,DF,Lille,15,80,10,False,3,0,0,0,26worldcup (Wikipedia),2026-07-13T08:49:41.814862+00:00
Belgium,Koni De Winter,2002-06-12,24.0,,DF,Milan,16,8,0,False,0,0,0,0,26worldcup (Wikipedia),2026-07-13T08:49:41.814862+00:00
Belgium,Joaquin Seys,2005-03-28,21.2,,DF,Club Brugge,18,5,0,False,1,0,0,0,26worldcup (Wikipedia),2026-07-13T08:49:41.814862+00:00
Belgium,Timothy Castagne,1995-12-05,30.5,,DF,Fulham,21,63,2,False,6,0,1,0,26worldcup (Wikipedia),2026-07-13T08:49:41.814862+00:00
Belgium,Nathan Ngoy,2003-06-10,23.0,,DF,Lille,25,4,0,False,4,0,0,1,26worldcup (Wikipedia),2026-07-13T08:49:41.814862+00:00
Belgium,Axel Witsel,1989-01-12,37.4,,MF,Girona,6,138,12,False,2,0,1,0,26worldcup (Wikipedia),2026-07-13T08:49:41.814862+00:00
Belgium,Kevin De Bruyne,1991-06-28,35.0,,MF,Napoli,7,119,37,False,5,1,1,0,26worldcup (Wikipedia),2026-07-13T08:49:41.814862+00:00
Belgium,Youri Tielemans,1997-05-07,29.1,,MF,Aston Villa,8,85,13,False,5,2,0,0,26worldcup (Wikipedia),2026-07-13T08:49:41.814862+00:00
Belgium,Diego Moreira,2004-08-06,21.8,,MF,Strasbourg,19,3,0,False,1,0,0,0,26worldcup (Wikipedia),2026-07-13T08:49:41.814862+00:00
Belgium,Hans Vanaken,1992-08-24,33.8,,MF,Club Brugge,20,34,7,False,6,1,0,0,26worldcup (Wikipedia),2026-07-13T08:49:41.814862+00:00
Belgium,Alexis Saelemaekers,1999-06-27,27.0,,MF,Milan,22,24,2,False,4,1,0,0,26worldcup (Wikipedia),2026-07-13T08:49:41.814862+00:00
Belgium,Nicolas Raskin,2001-02-23,25.3,,MF,Rangers,23,13,2,False,6,0,0,0,26worldcup (Wikipedia),2026-07-13T08:49:41.814862+00:00
Belgium,Amadou Onana,2001-08-16,24.8,,MF,Aston Villa,24,29,1,False,4,0,0,0,26worldcup (Wikipedia),2026-07-13T08:49:41.814862+00:00
Belgium,Romelu Lukaku,1993-05-13,33.1,,FW,Napoli,9,126,90,False,6,3,1,0,26worldcup (Wikipedia),2026-07-13T08:49:41.814862+00:00
Belgium,Leandro Trossard,1994-12-04,31.5,,FW,Arsenal,10,51,12,False,6,2,0,0,26worldcup (Wikipedia),2026-07-13T08:49:41.814862+00:00
Belgium,Jérémy Doku,2002-05-27,24.0,,FW,Manchester City,11,43,7,False,5,0,0,0,26worldcup (Wikipedia),2026-07-13T08:49:41.814862+00:00
Belgium,Dodi Lukébakio,1997-09-24,28.7,,FW,Benfica,14,30,6,False,3,0,0,0,26worldcup (Wikipedia),2026-07-13T08:49:41.814862+00:00
Belgium,Charles De Ketelaere,2001-03-10,25.3,,FW,Atalanta,17,30,6,False,5,3,0,0,26worldcup (Wikipedia),2026-07-13T08:49:41.814862+00:00
Belgium,Matias Fernandez-Pardo,2005-02-03,21.3,,FW,Lille,26,2,0,False,3,0,0,0,26worldcup (Wikipedia),2026-07-13T08:49:41.814862+00:00
Egypt,Mohamed El Shenawy,1988-12-18,37.5,,GK,Al Ahly,1,76,0,False,0,0,0,0,26worldcup (Wikipedia),2026-07-13T08:49:41.814862+00:00
Egypt,El Mahdy Soliman,1987-06-08,39.0,,GK,Zamalek,16,0,0,False,0,0,0,0,26worldcup (Wikipedia),2026-07-13T08:49:41.814862+00:00
Egypt,Mostafa Shobeir,2000-05-15,26.1,,GK,Al Ahly,23,9,0,False,5,0,1,0,26worldcup (Wikipedia),2026-07-13T08:49:41.814862+00:00
Egypt,Mohamed Alaa,1999-01-01,27.4,,GK,El Gouna,26,0,0,False,0,0,0,0,26worldcup (Wikipedia),2026-07-13T08:49:41.814862+00:00
Egypt,Yasser Ibrahim,1993-02-10,33.3,,DF,Al Ahly,2,17,1,False,5,1,2,0,26worldcup (Wikipedia),2026-07-13T08:49:41.814862+00:00
Egypt,Mohamed Hany,1996-02-02,30.4,,DF,Al Ahly,3,42,0,False,5,0,0,0,26worldcup (Wikipedia),2026-07-13T08:49:41.814862+00:00
Egypt,Hossam Abdelmaguid,2001-04-30,25.1,,DF,Zamalek,4,13,0,False,2,0,0,0,26worldcup (Wikipedia),2026-07-13T08:49:41.814862+00:00
Egypt,Ramy Rabia,1993-05-20,33.1,,DF,Al Ain,5,44,5,False,5,0,0,0,26worldcup (Wikipedia),2026-07-13T08:49:41.814862+00:00
Egypt,Mohamed Abdelmonem,1999-02-01,27.4,,DF,Nice,6,36,3,False,2,0,0,0,26worldcup (Wikipedia),2026-07-13T08:49:41.814862+00:00
Egypt,Ahmed Fatouh,1998-03-22,28.2,,DF,Zamalek,13,39,1,False,3,0,1,0,26worldcup (Wikipedia),2026-07-13T08:49:41.814862+00:00
Egypt,Karim Hafez,1996-03-12,30.2,,DF,Pyramids,15,9,0,False,3,0,0,0,26worldcup (Wikipedia),2026-07-13T08:49:41.814862+00:00
Egypt,Tarek Alaa,2002-01-05,24.4,,DF,ZED,24,3,0,False,0,0,0,0,26worldcup (Wikipedia),2026-07-13T08:49:41.814862+00:00
Egypt,Emam Ashour,1998-02-20,28.3,,MF,Al Ahly,8,29,0,False,5,2,0,0,26worldcup (Wikipedia),2026-07-13T08:49:41.814862+00:00
Egypt,Mostafa Ziko,1997-04-27,29.1,,MF,Pyramids,11,2,2,False,5,2,0,0,26worldcup (Wikipedia),2026-07-13T08:49:41.814862+00:00
Egypt,Hamdy Fathy,1994-09-29,31.7,,MF,Al-Wakrah,14,63,3,False,4,0,1,0,26worldcup (Wikipedia),2026-07-13T08:49:41.814862+00:00
Egypt,Mohanad Lasheen,1996-05-29,30.0,,MF,Pyramids,17,23,0,False,4,0,2,0,26worldcup (Wikipedia),2026-07-13T08:49:41.814862+00:00
Egypt,Nabil Emad,1996-04-06,30.2,,MF,Al-Najma,18,12,0,False,0,0,0,0,26worldcup (Wikipedia),2026-07-13T08:49:41.814862+00:00
Egypt,Marwan Attia,1998-08-01,27.9,,MF,Al Ahly,19,34,1,False,5,0,2,0,26worldcup (Wikipedia),2026-07-13T08:49:41.814862+00:00
Egypt,Mahmoud Saber,2001-07-30,24.9,,MF,ZED,21,15,1,False,2,1,1,0,26worldcup (Wikipedia),2026-07-13T08:49:41.814862+00:00
Egypt,Trézéguet,1994-10-01,31.7,,FW,Al Ahly,7,96,23,False,4,1,0,0,26worldcup (Wikipedia),2026-07-13T08:49:41.814862+00:00
Egypt,Hamza Abdelkarim,2008-01-01,18.4,,FW,Barcelona B,9,2,0,False,4,0,0,0,26worldcup (Wikipedia),2026-07-13T08:49:41.814862+00:00
Egypt,Mohamed Salah,1992-06-15,34.0,,FW,Liverpool,10,116,67,False,5,1,0,0,26worldcup (Wikipedia),2026-07-13T08:49:41.814862+00:00
Egypt,Haissem Hassan,2002-02-08,24.3,,FW,Oviedo,12,4,0,False,2,0,2,0,26worldcup (Wikipedia),2026-07-13T08:49:41.814862+00:00
Egypt,Ibrahim Adel,2001-04-23,25.1,,FW,Nordsjælland,20,24,3,False,1,0,0,0,26worldcup (Wikipedia),2026-07-13T08:49:41.814862+00:00
Egypt,Omar Marmoush,1999-02-07,27.3,,FW,Manchester City,22,50,11,False,5,0,0,0,26worldcup (Wikipedia),2026-07-13T08:49:41.814862+00:00
Egypt,Zizo,1996-01-10,30.4,,FW,Al Ahly,25,63,5,False,4,0,0,0,26worldcup (Wikipedia),2026-07-13T08:49:41.814862+00:00
IR Iran,Alireza Beiranvand,1992-09-21,33.7,,GK,Tractor,1,86,0,False,3,0,0,0,26worldcup (Wikipedia),2026-07-13T08:49:41.814862+00:00
IR Iran,Payam Niazmand,1995-04-06,31.2,,GK,Persepolis,12,15,0,False,0,0,0,0,26worldcup (Wikipedia),2026-07-13T08:49:41.814862+00:00
IR Iran,Hossein Hosseini,1992-06-30,33.9,,GK,Sepahan,22,13,0,False,0,0,0,0,26worldcup (Wikipedia),2026-07-13T08:49:41.814862+00:00
IR Iran,Saleh Hardani,1998-12-26,27.5,,DF,Esteghlal,2,18,1,False,2,0,0,0,26worldcup (Wikipedia),2026-07-13T08:49:41.814862+00:00
IR Iran,Ehsan Hajsafi,1990-02-25,36.3,,DF,Sepahan,3,146,7,False,2,0,1,0,26worldcup (Wikipedia),2026-07-13T08:49:41.814862+00:00
IR Iran,Shojae Khalilzadeh,1989-05-14,37.1,,DF,Tractor,4,58,2,False,3,0,1,0,26worldcup (Wikipedia),2026-07-13T08:49:41.814862+00:00
IR Iran,Milad Mohammadi,1993-09-29,32.7,,DF,Persepolis,5,76,1,False,3,0,0,0,26worldcup (Wikipedia),2026-07-13T08:49:41.814862+00:00
IR Iran,Hossein Kanaanizadegan,1994-03-23,32.2,,DF,Persepolis,13,65,6,False,2,0,1,0,26worldcup (Wikipedia),2026-07-13T08:49:41.814862+00:00
IR Iran,Arya Yousefi,2002-04-22,24.1,,DF,Sepahan,17,14,1,False,1,0,0,0,26worldcup (Wikipedia),2026-07-13T08:49:41.814862+00:00
IR Iran,Ali Nemati,1996-02-08,30.3,,DF,Foolad,19,18,0,False,3,0,1,0,26worldcup (Wikipedia),2026-07-13T08:49:41.814862+00:00
IR Iran,Ramin Rezaeian,1990-03-21,36.2,,DF,Foolad,23,74,8,False,3,2,0,0,26worldcup (Wikipedia),2026-07-13T08:49:41.814862+00:00
IR Iran,Danial Eiri,2003-10-26,22.6,,DF,Malavan,25,0,0,False,0,0,0,0,26worldcup (Wikipedia),2026-07-13T08:49:41.814862+00:00
IR Iran,Saeid Ezatolahi,1996-10-01,29.7,,MF,Shabab Al Ahli,6,83,2,False,3,0,2,0,26worldcup (Wikipedia),2026-07-13T08:49:41.814862+00:00
IR Iran,Alireza Jahanbakhsh,1993-08-11,32.8,,MF,Dender EH,7,98,17,False,2,0,0,0,26worldcup (Wikipedia),2026-07-13T08:49:41.814862+00:00
IR Iran,Mohammad Mohebi,1998-12-20,27.5,,MF,Rostov,8,37,14,False,3,1,0,0,26worldcup (Wikipedia),2026-07-13T08:49:41.814862+00:00
IR Iran,Saman Ghoddos,1993-09-06,32.8,,MF,Kalba,14,68,3,False,3,0,0,0,26worldcup (Wikipedia),2026-07-13T08:49:41.814862+00:00
IR Iran,Rouzbeh Cheshmi,1993-07-24,32.9,,MF,Esteghlal,15,40,3,False,0,0,0,0,26worldcup (Wikipedia),2026-07-13T08:49:41.814862+00:00
IR Iran,Mahdi Torabi,1994-09-10,31.8,,MF,Tractor,16,52,7,False,1,0,0,0,26worldcup (Wikipedia),2026-07-13T08:49:41.814862+00:00
IR Iran,Mohammad Ghorbani,2001-10-07,24.7,,MF,Al Wahda,21,16,0,False,1,0,0,0,26worldcup (Wikipedia),2026-07-13T08:49:41.814862+00:00
IR Iran,Amirmohammad Razzaghinia,2006-04-11,20.2,,MF,Esteghlal,26,4,0,False,0,0,0,0,26worldcup (Wikipedia),2026-07-13T08:49:41.814862+00:00
IR Iran,Mehdi Taremi,1992-07-18,33.9,,FW,Olympiacos,9,105,60,False,3,0,0,0,26worldcup (Wikipedia),2026-07-13T08:49:41.814862+00:00
IR Iran,Mehdi Ghayedi,1998-12-05,27.5,,FW,Al Nasr,10,30,10,False,1,0,0,0,26worldcup (Wikipedia),2026-07-13T08:49:41.814862+00:00
IR Iran,Ali Alipour,1995-11-11,30.6,,FW,Persepolis,11,14,1,False,1,0,0,0,26worldcup (Wikipedia),2026-07-13T08:49:41.814862+00:00
IR Iran,Amirhossein Hosseinzadeh,2000-10-30,25.6,,FW,Tractor,18,18,5,False,2,0,0,0,26worldcup (Wikipedia),2026-07-13T08:49:41.814862+00:00
IR Iran,Shahriyar Moghanlou,1994-12-21,31.5,,FW,Kalba,20,21,2,False,3,0,0,0,26worldcup (Wikipedia),2026-07-13T08:49:41.814862+00:00
IR Iran,Dennis Eckert,1997-01-09,29.4,,FW,Standard Liège,24,0,0,False,0,0,0,0,26worldcup (Wikipedia),2026-07-13T08:49:41.814862+00:00
New Zealand,Max Crocombe,1993-08-12,32.8,,GK,Millwall,1,24,0,False,3,0,0,0,26worldcup (Wikipedia),2026-07-13T08:49:41.814862+00:00
New Zealand,Alex Paulsen,2002-07-04,23.9,,GK,Lechia Gdańsk,12,8,0,False,0,0,0,0,26worldcup (Wikipedia),2026-07-13T08:49:41.814862+00:00
New Zealand,Michael Woud,1999-01-16,27.4,,GK,Auckland FC,22,6,0,False,0,0,0,0,26worldcup (Wikipedia),2026-07-13T08:49:41.814862+00:00
New Zealand,Tim Payne,1994-01-10,32.4,,DF,Wellington Phoenix,2,51,3,False,3,0,0,0,26worldcup (Wikipedia),2026-07-13T08:49:41.814862+00:00
New Zealand,Francis de Vries,1994-11-28,31.5,,DF,Auckland FC,3,20,1,False,2,0,0,0,26worldcup (Wikipedia),2026-07-13T08:49:41.814862+00:00
New Zealand,Tyler Bindon,2005-01-27,21.4,,DF,Sheffield United,4,25,3,False,3,0,0,0,26worldcup (Wikipedia),2026-07-13T08:49:41.814862+00:00
New Zealand,Michael Boxall,1988-08-18,37.8,,DF,Minnesota United FC,5,63,1,False,3,0,0,0,26worldcup (Wikipedia),2026-07-13T08:49:41.814862+00:00
New Zealand,Liberato Cacace,2000-09-27,25.7,,DF,Wrexham,13,37,1,False,3,0,0,0,26worldcup (Wikipedia),2026-07-13T08:49:41.814862+00:00
New Zealand,Nando Pijnaker,1999-02-25,27.3,,DF,Auckland FC,15,25,0,False,0,0,0,0,26worldcup (Wikipedia),2026-07-13T08:49:41.814862+00:00
New Zealand,Finn Surman,2003-09-23,22.7,,DF,Portland Timbers,16,19,2,False,3,1,0,0,26worldcup (Wikipedia),2026-07-13T08:49:41.814862+00:00
New Zealand,Callan Elliot,1999-07-07,26.9,,DF,Auckland FC,24,11,0,False,1,0,0,0,26worldcup (Wikipedia),2026-07-13T08:49:41.814862+00:00
New Zealand,Tommy Smith,1990-03-31,36.2,,DF,Braintree Town,26,56,2,False,0,0,0,0,26worldcup (Wikipedia),2026-07-13T08:49:41.814862+00:00
New Zealand,Joe Bell,1999-04-27,27.1,,MF,Viking,6,32,1,False,3,0,0,0,26worldcup (Wikipedia),2026-07-13T08:49:41.814862+00:00
New Zealand,Marko Stamenić,2002-02-19,24.3,,MF,Swansea City,8,39,3,False,3,0,1,0,26worldcup (Wikipedia),2026-07-13T08:49:41.814862+00:00
New Zealand,Sarpreet Singh,1999-02-20,27.3,,MF,Wellington Phoenix,10,28,3,False,3,0,1,0,26worldcup (Wikipedia),2026-07-13T08:49:41.814862+00:00
New Zealand,Elijah Just,2000-05-01,26.1,,MF,Motherwell,11,44,9,False,3,3,1,0,26worldcup (Wikipedia),2026-07-13T08:49:41.814862+00:00
New Zealand,Alex Rufer,1996-06-12,30.0,,MF,Wellington Phoenix,14,26,0,False,0,0,0,0,26worldcup (Wikipedia),2026-07-13T08:49:41.814862+00:00
New Zealand,Ben Old,2002-08-13,23.8,,MF,Saint-Étienne,19,24,2,False,3,0,0,0,26worldcup (Wikipedia),2026-07-13T08:49:41.814862+00:00
New Zealand,Callum McCowatt,1999-04-30,27.1,,MF,Silkeborg,20,32,4,False,3,0,1,0,26worldcup (Wikipedia),2026-07-13T08:49:41.814862+00:00
New Zealand,Ryan Thomas,1994-12-20,31.5,,MF,PEC Zwolle,23,25,3,False,3,0,0,0,26worldcup (Wikipedia),2026-07-13T08:49:41.814862+00:00
New Zealand,Lachlan Bayliss,2002-07-24,23.9,,MF,Newcastle Jets,25,4,0,False,0,0,0,0,26worldcup (Wikipedia),2026-07-13T08:49:41.814862+00:00
New Zealand,Logan Rogerson,1998-05-28,28.0,,FW,Auckland FC,7,18,2,False,0,0,0,0,26worldcup (Wikipedia),2026-07-13T08:49:41.814862+00:00
New Zealand,Chris Wood,1991-12-07,34.5,,FW,Nottingham Forest,9,90,45,False,3,0,0,0,26worldcup (Wikipedia),2026-07-13T08:49:41.814862+00:00
New Zealand,Kosta Barbarouses,1990-02-19,36.3,,FW,Western Sydney Wanderers,17,76,10,False,0,0,0,0,26worldcup (Wikipedia),2026-07-13T08:49:41.814862+00:00
New Zealand,Ben Waine,2001-06-11,25.0,,FW,Port Vale,18,31,9,False,0,0,0,0,26worldcup (Wikipedia),2026-07-13T08:49:41.814862+00:00
New Zealand,Jesse Randall,2002-08-19,23.8,,FW,Auckland FC,21,11,2,False,3,0,0,0,26worldcup (Wikipedia),2026-07-13T08:49:41.814862+00:00
Cabo Verde,Vozinha,1986-06-03,40.0,,GK,Chaves,1,90,0,False,4,0,0,0,26worldcup (Wikipedia),2026-07-13T08:49:41.814862+00:00
Cabo Verde,Márcio Rosa,1997-02-23,29.3,,GK,Montana,12,11,0,False,0,0,0,0,26worldcup (Wikipedia),2026-07-13T08:49:41.814862+00:00
Cabo Verde,CJ dos Santos,2000-08-24,25.8,,GK,San Diego FC,23,1,0,False,0,0,0,0,26worldcup (Wikipedia),2026-07-13T08:49:41.814862+00:00
Cabo Verde,Stopira,1988-05-20,38.1,,DF,Torreense,2,61,4,False,0,0,0,0,26worldcup (Wikipedia),2026-07-13T08:49:41.814862+00:00
Cabo Verde,Diney,1995-01-17,31.4,,DF,Al Bataeh,3,32,2,False,4,0,1,0,26worldcup (Wikipedia),2026-07-13T08:49:41.814862+00:00
Cabo Verde,Pico,1992-06-17,34.0,,DF,Shamrock Rovers,4,45,0,False,4,0,0,0,26worldcup (Wikipedia),2026-07-13T08:49:41.814862+00:00
Cabo Verde,Logan Costa,2001-04-01,25.2,,DF,Villarreal,5,28,0,False,0,0,0,0,26worldcup (Wikipedia),2026-07-13T08:49:41.814862+00:00
Cabo Verde,Sidny Lopes Cabral,2002-09-18,23.7,,DF,Benfica,13,11,3,False,3,1,2,0,26worldcup (Wikipedia),2026-07-13T08:49:41.814862+00:00
Cabo Verde,Steven Moreira,1994-08-13,31.8,,DF,Columbus Crew,22,20,0,False,4,0,0,0,26worldcup (Wikipedia),2026-07-13T08:49:41.814862+00:00
Cabo Verde,Wagner Pina,2002-11-03,23.6,,DF,Trabzonspor,24,14,0,False,1,0,1,0,26worldcup (Wikipedia),2026-07-13T08:49:41.814862+00:00
Cabo Verde,Kelvin Pires,2000-06-05,26.0,,DF,SJK,25,6,1,False,0,0,0,0,26worldcup (Wikipedia),2026-07-13T08:49:41.814862+00:00
Cabo Verde,Kevin Pina,1997-01-27,29.4,,MF,Krasnodar,6,31,3,False,4,1,1,0,26worldcup (Wikipedia),2026-07-13T08:49:41.814862+00:00
Cabo Verde,Jovane Cabral,1998-06-14,28.0,,MF,Estrela Amadora,7,29,3,False,2,0,0,0,26worldcup (Wikipedia),2026-07-13T08:49:41.814862+00:00
Cabo Verde,João Paulo,1998-05-26,28.0,,MF,FCSB,8,41,1,False,2,0,0,0,26worldcup (Wikipedia),2026-07-13T08:49:41.814862+00:00
Cabo Verde,Jamiro Monteiro,1993-11-23,32.5,,MF,PEC Zwolle,10,55,5,False,4,0,0,0,26worldcup (Wikipedia),2026-07-13T08:49:41.814862+00:00
Cabo Verde,Garry Rodrigues,1990-11-27,35.5,,MF,Apollon Limassol,11,61,10,False,2,0,0,0,26worldcup (Wikipedia),2026-07-13T08:49:41.814862+00:00
Cabo Verde,Deroy Duarte,1999-07-04,26.9,,MF,Ludogorets Razgrad,14,33,0,False,4,1,0,0,26worldcup (Wikipedia),2026-07-13T08:49:41.814862+00:00
Cabo Verde,Laros Duarte,1997-02-28,29.3,,MF,Puskás Akadémia,15,20,1,False,4,0,0,0,26worldcup (Wikipedia),2026-07-13T08:49:41.814862+00:00
Cabo Verde,Yannick Semedo,1995-12-29,30.5,,MF,Farense,16,11,1,False,2,0,0,0,26worldcup (Wikipedia),2026-07-13T08:49:41.814862+00:00
Cabo Verde,Willy Semedo,1994-04-27,32.1,,MF,Omonia,17,38,3,False,3,0,0,0,26worldcup (Wikipedia),2026-07-13T08:49:41.814862+00:00
Cabo Verde,Telmo Arcanjo,2001-06-21,25.0,,MF,Vitória de Guimarães,18,16,1,False,2,0,0,0,26worldcup (Wikipedia),2026-07-13T08:49:41.814862+00:00
Cabo Verde,Nuno da Costa,1991-02-10,35.3,,MF,İstanbul Başakşehir,21,9,2,False,4,0,0,0,26worldcup (Wikipedia),2026-07-13T08:49:41.814862+00:00
Cabo Verde,Hélio Varela,2002-05-03,24.1,,MF,Maccabi Tel Aviv,26,21,0,False,3,1,0,0,26worldcup (Wikipedia),2026-07-13T08:49:41.814862+00:00
Cabo Verde,Gilson Benchimol,2001-12-29,24.4,,FW,Akron Tolyatti,9,21,6,False,2,0,0,0,26worldcup (Wikipedia),2026-07-13T08:49:41.814862+00:00
Cabo Verde,Dailon Livramento,2001-05-04,25.1,,FW,Casa Pia,19,22,7,False,3,0,0,0,26worldcup (Wikipedia),2026-07-13T08:49:41.814862+00:00
Cabo Verde,Ryan Mendes,1990-01-08,36.4,,FW,Iğdır,20,98,22,False,4,0,0,0,26worldcup (Wikipedia),2026-07-13T08:49:41.814862+00:00
Saudi Arabia,Nawaf Al-Aqidi,2000-05-10,26.1,,GK,Al-Nassr,1,24,0,False,0,0,0,0,26worldcup (Wikipedia),2026-07-13T08:49:41.814862+00:00
Saudi Arabia,Mohammed Al-Owais,1991-10-10,34.7,,GK,Al-Ula,21,65,0,False,3,0,0,0,26worldcup (Wikipedia),2026-07-13T08:49:41.814862+00:00
Saudi Arabia,Ahmed Al-Kassar,1991-05-08,35.1,,GK,Al-Qadsiah,22,9,0,False,0,0,0,0,26worldcup (Wikipedia),2026-07-13T08:49:41.814862+00:00
Saudi Arabia,Ali Majrashi,1999-10-02,26.7,,DF,Al-Ahli,2,21,0,False,0,0,0,0,26worldcup (Wikipedia),2026-07-13T08:49:41.814862+00:00
Saudi Arabia,Ali Lajami,1996-04-24,30.1,,DF,Al-Hilal,3,24,1,False,3,0,0,0,26worldcup (Wikipedia),2026-07-13T08:49:41.814862+00:00
Saudi Arabia,Abdulelah Al-Amri,1997-01-15,29.4,,DF,Al-Nassr,4,44,1,False,3,1,1,0,26worldcup (Wikipedia),2026-07-13T08:49:41.814862+00:00
Saudi Arabia,Hassan Al-Tambakti,1999-02-09,27.3,,DF,Al-Hilal,5,54,1,False,3,0,0,0,26worldcup (Wikipedia),2026-07-13T08:49:41.814862+00:00
Saudi Arabia,Saud Abdulhamid,1999-07-18,26.9,,DF,Lens,12,55,1,False,3,0,1,0,26worldcup (Wikipedia),2026-07-13T08:49:41.814862+00:00
Saudi Arabia,Nawaf Boushal,1999-09-16,26.7,,DF,Al-Nassr,13,27,0,False,2,0,0,0,26worldcup (Wikipedia),2026-07-13T08:49:41.814862+00:00
Saudi Arabia,Hassan Kadesh,1992-09-26,33.7,,DF,Al-Ittihad,14,21,2,False,0,0,0,0,26worldcup (Wikipedia),2026-07-13T08:49:41.814862+00:00
Saudi Arabia,Moteb Al-Harbi,2000-02-20,26.3,,DF,Al-Hilal,24,13,0,False,3,0,0,0,26worldcup (Wikipedia),2026-07-13T08:49:41.814862+00:00
Saudi Arabia,Jehad Thakri,2001-07-21,24.9,,DF,Al-Qadsiah,25,8,0,False,0,0,0,0,26worldcup (Wikipedia),2026-07-13T08:49:41.814862+00:00
Saudi Arabia,Mohammed Abu Al-Shamat,2002-08-11,23.8,,DF,Al-Qadsiah,26,8,0,False,3,0,0,0,26worldcup (Wikipedia),2026-07-13T08:49:41.814862+00:00
Saudi Arabia,Nasser Al-Dawsari,1998-12-19,27.5,,MF,Al-Hilal,6,47,1,False,3,0,1,0,26worldcup (Wikipedia),2026-07-13T08:49:41.814862+00:00
Saudi Arabia,Musab Al-Juwayr,2003-06-20,23.0,,MF,Al-Qadsiah,7,37,6,False,3,0,0,0,26worldcup (Wikipedia),2026-07-13T08:49:41.814862+00:00
Saudi Arabia,Abdullah Al-Khaibari,1996-08-16,29.8,,MF,Al-Nassr,15,42,0,False,3,0,0,0,26worldcup (Wikipedia),2026-07-13T08:49:41.814862+00:00
Saudi Arabia,Ziyad Al-Johani,2001-11-11,24.6,,MF,Al-Ahli,16,12,0,False,0,0,0,0,26worldcup (Wikipedia),2026-07-13T08:49:41.814862+00:00
Saudi Arabia,Alaa Al-Hejji,1995-12-03,30.5,,MF,Neom,18,3,0,False,2,0,0,0,26worldcup (Wikipedia),2026-07-13T08:49:41.814862+00:00
Saudi Arabia,Mohamed Kanno,1994-09-22,31.7,,MF,Al-Hilal,23,79,8,False,3,0,1,0,26worldcup (Wikipedia),2026-07-13T08:49:41.814862+00:00
Saudi Arabia,Ayman Yahya,2001-05-14,25.1,,FW,Al-Nassr,8,26,0,False,0,0,0,0,26worldcup (Wikipedia),2026-07-13T08:49:41.814862+00:00
Saudi Arabia,Firas Al-Buraikan,2000-05-14,26.1,,FW,Al-Ahli,9,72,16,False,3,0,1,0,26worldcup (Wikipedia),2026-07-13T08:49:41.814862+00:00
Saudi Arabia,Salem Al-Dawsari,1991-08-19,34.8,,FW,Al-Hilal,10,111,27,False,3,0,1,0,26worldcup (Wikipedia),2026-07-13T08:49:41.814862+00:00
Saudi Arabia,Saleh Al-Shehri,1993-11-01,32.6,,FW,Al-Ittihad,11,59,17,False,0,0,0,0,26worldcup (Wikipedia),2026-07-13T08:49:41.814862+00:00
Saudi Arabia,Khalid Al-Ghannam,2000-11-08,25.6,,FW,Al-Ettifaq,17,7,0,False,1,0,0,0,26worldcup (Wikipedia),2026-07-13T08:49:41.814862+00:00
Saudi Arabia,Abdullah Al-Hamdan,1999-09-13,26.7,,FW,Al-Nassr,19,52,13,False,3,0,0,0,26worldcup (Wikipedia),2026-07-13T08:49:41.814862+00:00
Saudi Arabia,Sultan Mandash,1994-10-17,31.6,,FW,Al-Hilal,20,7,2,False,1,0,0,0,26worldcup (Wikipedia),2026-07-13T08:49:41.814862+00:00
Spain,David Raya,1995-09-15,30.7,,GK,Arsenal,1,13,0,False,0,0,0,0,26worldcup (Wikipedia),2026-07-13T08:49:41.814862+00:00
Spain,Joan Garcia,2001-05-04,25.1,,GK,Barcelona,13,2,0,False,0,0,0,0,26worldcup (Wikipedia),2026-07-13T08:49:41.814862+00:00
Spain,Unai Simón,1997-06-11,29.0,,GK,Athletic Bilbao,23,58,0,False,6,0,0,0,26worldcup (Wikipedia),2026-07-13T08:49:41.814862+00:00
Spain,Marc Pubill,2003-06-20,23.0,,DF,Atlético Madrid,2,2,0,False,1,0,0,0,26worldcup (Wikipedia),2026-07-13T08:49:41.814862+00:00
Spain,Álex Grimaldo,1995-09-20,30.7,,DF,Bayer Leverkusen,3,14,0,False,0,0,0,0,26worldcup (Wikipedia),2026-07-13T08:49:41.814862+00:00
Spain,Eric García,2001-01-09,25.4,,DF,Barcelona,4,21,0,False,0,0,0,0,26worldcup (Wikipedia),2026-07-13T08:49:41.814862+00:00
Spain,Marcos Llorente,1995-01-30,31.4,,DF,Atlético Madrid,5,24,0,False,2,0,0,0,26worldcup (Wikipedia),2026-07-13T08:49:41.814862+00:00
Spain,Pedro Porro,1999-09-13,26.7,,DF,Tottenham Hotspur,12,18,0,False,4,1,0,0,26worldcup (Wikipedia),2026-07-13T08:49:41.814862+00:00
Spain,Aymeric Laporte,1994-05-27,32.0,,DF,Athletic Bilbao,14,46,2,False,6,0,1,0,26worldcup (Wikipedia),2026-07-13T08:49:41.814862+00:00
Spain,Pau Cubarsí,2007-01-22,19.4,,DF,Barcelona,22,12,0,False,6,0,1,0,26worldcup (Wikipedia),2026-07-13T08:49:41.814862+00:00
Spain,Marc Cucurella,1998-07-22,27.9,,DF,Chelsea,24,24,1,False,6,0,0,0,26worldcup (Wikipedia),2026-07-13T08:49:41.814862+00:00
Spain,Mikel Merino,1996-06-22,30.0,,MF,Arsenal,6,43,10,False,6,2,0,0,26worldcup (Wikipedia),2026-07-13T08:49:41.814862+00:00
Spain,Fabián Ruiz,1996-04-03,30.2,,MF,Paris Saint-Germain,8,42,6,False,6,1,0,0,26worldcup (Wikipedia),2026-07-13T08:49:41.814862+00:00
Spain,Gavi,2004-08-05,21.8,,MF,Barcelona,9,30,5,False,2,0,0,0,26worldcup (Wikipedia),2026-07-13T08:49:41.814862+00:00
Spain,Álex Baena,2001-07-20,24.9,,MF,Atlético Madrid,15,17,2,False,5,1,1,0,26worldcup (Wikipedia),2026-07-13T08:49:41.814862+00:00
Spain,Rodri,1996-06-22,30.0,,MF,Manchester City,16,62,4,False,6,0,0,0,26worldcup (Wikipedia),2026-07-13T08:49:41.814862+00:00
Spain,Martín Zubimendi,1999-02-02,27.4,,MF,Arsenal,18,26,3,False,0,0,0,0,26worldcup (Wikipedia),2026-07-13T08:49:41.814862+00:00
Spain,Pedri,2002-11-25,23.5,,MF,Barcelona,20,41,6,False,6,0,1,0,26worldcup (Wikipedia),2026-07-13T08:49:41.814862+00:00
Spain,Ferran Torres,2000-02-29,26.3,,FW,Barcelona,7,57,24,False,6,0,1,0,26worldcup (Wikipedia),2026-07-13T08:49:41.814862+00:00
Spain,Dani Olmo,1998-05-07,28.1,,FW,Barcelona,10,50,12,False,6,0,0,0,26worldcup (Wikipedia),2026-07-13T08:49:41.814862+00:00
Spain,Yéremy Pino,2002-10-20,23.6,,FW,Crystal Palace,11,23,4,False,2,0,0,0,26worldcup (Wikipedia),2026-07-13T08:49:41.814862+00:00
Spain,Nico Williams,2002-07-12,23.9,,FW,Athletic Bilbao,17,30,6,False,4,0,0,0,26worldcup (Wikipedia),2026-07-13T08:49:41.814862+00:00
Spain,Lamine Yamal,2007-07-13,18.9,,FW,Barcelona,19,25,6,False,6,1,0,0,26worldcup (Wikipedia),2026-07-13T08:49:41.814862+00:00
Spain,Mikel Oyarzabal,1997-04-21,29.1,,FW,Real Sociedad,21,53,25,False,6,4,0,0,26worldcup (Wikipedia),2026-07-13T08:49:41.814862+00:00
Spain,Víctor Muñoz,2003-07-13,22.9,,FW,Osasuna,25,2,1,False,0,0,0,0,26worldcup (Wikipedia),2026-07-13T08:49:41.814862+00:00
Spain,Borja Iglesias,1993-01-17,33.4,,FW,Celta Vigo,26,8,0,False,1,0,0,0,26worldcup (Wikipedia),2026-07-13T08:49:41.814862+00:00
Uruguay,Sergio Rochet,1993-03-23,33.2,,GK,Internacional,1,35,0,False,1,0,0,0,26worldcup (Wikipedia),2026-07-13T08:49:41.814862+00:00
Uruguay,Santiago Mele,1997-09-06,28.8,,GK,Monterrey,12,8,0,False,0,0,0,0,26worldcup (Wikipedia),2026-07-13T08:49:41.814862+00:00
Uruguay,Fernando Muslera,1986-06-16,40.0,,GK,Estudiantes,23,134,0,False,3,0,0,0,26worldcup (Wikipedia),2026-07-13T08:49:41.814862+00:00
Uruguay,José María Giménez,1995-01-20,31.4,,DF,Atlético Madrid,2,99,8,False,0,0,0,0,26worldcup (Wikipedia),2026-07-13T08:49:41.814862+00:00
Uruguay,Sebastián Cáceres,1999-08-18,26.8,,DF,América,3,24,0,False,3,0,0,0,26worldcup (Wikipedia),2026-07-13T08:49:41.814862+00:00
Uruguay,Ronald Araújo,1999-03-07,27.3,,DF,Barcelona,4,27,1,False,0,0,0,0,26worldcup (Wikipedia),2026-07-13T08:49:41.814862+00:00
Uruguay,Guillermo Varela,1993-03-24,33.2,,DF,Flamengo,13,28,0,False,3,0,1,0,26worldcup (Wikipedia),2026-07-13T08:49:41.814862+00:00
Uruguay,Mathías Olivera,1997-10-31,28.6,,DF,Napoli,16,35,2,False,3,0,1,0,26worldcup (Wikipedia),2026-07-13T08:49:41.814862+00:00
Uruguay,Matías Viña,1997-11-09,28.6,,DF,River Plate,17,43,1,False,1,0,0,0,26worldcup (Wikipedia),2026-07-13T08:49:41.814862+00:00
Uruguay,Santiago Bueno,1998-11-09,27.6,,DF,Wolverhampton Wanderers,24,8,0,False,0,0,0,0,26worldcup (Wikipedia),2026-07-13T08:49:41.814862+00:00
Uruguay,Manuel Ugarte,2001-04-11,25.2,,MF,Manchester United,5,36,1,False,3,0,0,0,26worldcup (Wikipedia),2026-07-13T08:49:41.814862+00:00
Uruguay,Rodrigo Bentancur,1997-06-25,29.0,,MF,Tottenham Hotspur,6,74,3,False,3,0,1,0,26worldcup (Wikipedia),2026-07-13T08:49:41.814862+00:00
Uruguay,Nicolás de la Cruz,1997-06-01,29.0,,MF,Flamengo,7,34,5,False,3,0,1,0,26worldcup (Wikipedia),2026-07-13T08:49:41.814862+00:00
Uruguay,Federico Valverde,1998-07-22,27.9,,MF,Real Madrid,8,73,9,False,3,0,0,0,26worldcup (Wikipedia),2026-07-13T08:49:41.814862+00:00
Uruguay,Giorgian de Arrascaeta,1994-06-01,32.0,,MF,Flamengo,10,60,13,False,0,0,0,0,26worldcup (Wikipedia),2026-07-13T08:49:41.814862+00:00
Uruguay,Agustín Canobbio,1998-10-01,27.7,,MF,Fluminense,14,15,1,False,3,1,0,1,26worldcup (Wikipedia),2026-07-13T08:49:41.814862+00:00
Uruguay,Emiliano Martínez,1999-08-17,26.8,,MF,Palmeiras,15,10,0,False,0,0,0,0,26worldcup (Wikipedia),2026-07-13T08:49:41.814862+00:00
Uruguay,Maximiliano Araújo,2000-02-15,26.3,,MF,Sporting CP,20,28,3,False,3,2,0,0,26worldcup (Wikipedia),2026-07-13T08:49:41.814862+00:00
Uruguay,Joaquín Piquerez,1998-08-24,27.8,,MF,Palmeiras,22,19,0,False,0,0,0,0,26worldcup (Wikipedia),2026-07-13T08:49:41.814862+00:00
Uruguay,Juan Manuel Sanabria,2000-03-29,26.2,,MF,Real Salt Lake,25,5,1,False,3,0,1,0,26worldcup (Wikipedia),2026-07-13T08:49:41.814862+00:00
Uruguay,Rodrigo Zalazar,1999-08-12,26.8,,MF,Braga,26,8,2,False,0,0,0,0,26worldcup (Wikipedia),2026-07-13T08:49:41.814862+00:00
Uruguay,Darwin Núñez,1999-06-24,27.0,,FW,Al-Hilal,9,38,13,False,3,0,0,0,26worldcup (Wikipedia),2026-07-13T08:49:41.814862+00:00
Uruguay,Facundo Pellistri,2001-12-20,24.5,,FW,Panathinaikos,11,39,2,False,0,0,0,0,26worldcup (Wikipedia),2026-07-13T08:49:41.814862+00:00
Uruguay,Brian Rodríguez,2000-05-20,26.1,,FW,América,18,32,4,False,3,0,0,0,26worldcup (Wikipedia),2026-07-13T08:49:41.814862+00:00
Uruguay,Rodrigo Aguirre,1994-10-01,31.7,,FW,Tigres UANL,19,10,3,False,1,0,0,0,26worldcup (Wikipedia),2026-07-13T08:49:41.814862+00:00
Uruguay,Federico Viñas,1998-06-30,27.9,,FW,Oviedo,21,11,2,False,3,0,0,0,26worldcup (Wikipedia),2026-07-13T08:49:41.814862+00:00
France,Brice Samba,1994-04-25,32.1,,GK,Rennes,1,4,0,False,0,0,0,0,26worldcup (Wikipedia),2026-07-13T08:49:41.814862+00:00
France,Mike Maignan,1995-07-03,30.9,,GK,Milan,16,40,0,False,6,0,0,0,26worldcup (Wikipedia),2026-07-13T08:49:41.814862+00:00
France,Robin Risser,2004-12-02,21.5,,GK,Lens,23,0,0,False,0,0,0,0,26worldcup (Wikipedia),2026-07-13T08:49:41.814862+00:00
France,Malo Gusto,2003-05-19,23.1,,DF,Chelsea,2,11,0,False,4,0,0,0,26worldcup (Wikipedia),2026-07-13T08:49:41.814862+00:00
France,Lucas Digne,1993-07-20,32.9,,DF,Aston Villa,3,58,0,False,4,0,0,0,26worldcup (Wikipedia),2026-07-13T08:49:41.814862+00:00
France,Dayot Upamecano,1998-10-27,27.6,,DF,Bayern Munich,4,38,2,False,6,0,0,0,26worldcup (Wikipedia),2026-07-13T08:49:41.814862+00:00
France,Jules Koundé,1998-11-12,27.6,,DF,Barcelona,5,48,0,False,6,0,0,0,26worldcup (Wikipedia),2026-07-13T08:49:41.814862+00:00
France,Ibrahima Konaté,1999-05-25,27.0,,DF,Liverpool,15,28,0,False,1,0,0,0,26worldcup (Wikipedia),2026-07-13T08:49:41.814862+00:00
France,William Saliba,2001-03-24,25.2,,DF,Arsenal,17,32,0,False,5,0,0,0,26worldcup (Wikipedia),2026-07-13T08:49:41.814862+00:00
France,Théo Hernandez,1997-10-06,28.7,,DF,Al-Hilal,19,44,2,False,3,0,0,0,26worldcup (Wikipedia),2026-07-13T08:49:41.814862+00:00
France,Lucas Hernandez,1996-02-14,30.3,,DF,Paris Saint-Germain,21,42,0,False,0,0,0,0,26worldcup (Wikipedia),2026-07-13T08:49:41.814862+00:00
France,Maxence Lacroix,2000-04-06,26.2,,DF,Crystal Palace,26,4,0,False,1,0,0,0,26worldcup (Wikipedia),2026-07-13T08:49:41.814862+00:00
France,Manu Koné,2001-05-17,25.1,,MF,Roma,6,14,0,False,4,0,1,0,26worldcup (Wikipedia),2026-07-13T08:49:41.814862+00:00
France,Aurélien Tchouaméni,2000-01-27,26.4,,MF,Real Madrid,8,46,3,False,3,0,1,0,26worldcup (Wikipedia),2026-07-13T08:49:41.814862+00:00
France,N'Golo Kanté,1991-03-29,35.2,,MF,Fenerbahçe,13,69,2,False,0,0,0,0,26worldcup (Wikipedia),2026-07-13T08:49:41.814862+00:00
France,Adrien Rabiot,1995-04-03,31.2,,MF,Milan,14,59,7,False,5,0,0,0,26worldcup (Wikipedia),2026-07-13T08:49:41.814862+00:00
France,Warren Zaïre-Emery,2006-03-08,20.3,,MF,Paris Saint-Germain,18,11,1,False,1,0,0,0,26worldcup (Wikipedia),2026-07-13T08:49:41.814862+00:00
France,Rayan Cherki,2003-08-17,22.8,,MF,Manchester City,24,7,2,False,5,0,0,0,26worldcup (Wikipedia),2026-07-13T08:49:41.814862+00:00
France,Maghnes Akliouche,2002-02-25,24.3,,MF,Monaco,25,9,1,False,1,0,0,0,26worldcup (Wikipedia),2026-07-13T08:49:41.814862+00:00
France,Ousmane Dembélé,1997-05-15,29.1,,FW,Paris Saint-Germain,7,59,7,False,6,5,0,0,26worldcup (Wikipedia),2026-07-13T08:49:41.814862+00:00
France,Marcus Thuram,1997-08-06,28.8,,FW,Inter Milan,9,34,3,False,1,0,0,0,26worldcup (Wikipedia),2026-07-13T08:49:41.814862+00:00
France,Kylian Mbappé,1998-12-20,27.5,,FW,Real Madrid,10,98,56,False,6,8,0,0,26worldcup (Wikipedia),2026-07-13T08:49:41.814862+00:00
France,Michael Olise,2001-12-12,24.5,,FW,Bayern Munich,11,17,7,False,6,0,1,0,26worldcup (Wikipedia),2026-07-13T08:49:41.814862+00:00
France,Bradley Barcola,2002-09-02,23.8,,FW,Paris Saint-Germain,12,20,3,False,6,2,1,0,26worldcup (Wikipedia),2026-07-13T08:49:41.814862+00:00
France,Désiré Doué,2005-06-03,21.0,,FW,Paris Saint-Germain,20,7,2,False,6,1,0,0,26worldcup (Wikipedia),2026-07-13T08:49:41.814862+00:00
France,Jean-Philippe Mateta,1997-06-28,29.0,,FW,Crystal Palace,22,4,2,False,3,0,0,0,26worldcup (Wikipedia),2026-07-13T08:49:41.814862+00:00
Iraq,Fahad Talib,1994-10-21,31.6,,GK,Al-Talaba,1,21,0,False,0,0,0,0,26worldcup (Wikipedia),2026-07-13T08:49:41.814862+00:00
Iraq,Jalal Hassan,1991-05-18,35.1,,GK,Al-Zawraa,12,102,0,False,2,0,0,0,26worldcup (Wikipedia),2026-07-13T08:49:41.814862+00:00
Iraq,Ahmed Basil,1996-08-19,29.8,,GK,Al-Shorta,22,16,0,False,2,0,0,0,26worldcup (Wikipedia),2026-07-13T08:49:41.814862+00:00
Iraq,Rebin Sulaka,1992-04-12,34.2,,DF,Port,2,56,1,False,2,0,0,1,26worldcup (Wikipedia),2026-07-13T08:49:41.814862+00:00
Iraq,Hussein Ali,2002-03-01,24.3,,DF,Pogoń Szczecin,3,27,1,False,2,0,0,0,26worldcup (Wikipedia),2026-07-13T08:49:41.814862+00:00
Iraq,Zaid Tahseen,2001-01-29,25.4,,DF,Pakhtakor,4,28,1,False,2,0,1,0,26worldcup (Wikipedia),2026-07-13T08:49:41.814862+00:00
Iraq,Akam Hashim,1998-08-16,27.8,,DF,Al-Zawraa,5,14,1,False,3,0,0,0,26worldcup (Wikipedia),2026-07-13T08:49:41.814862+00:00
Iraq,Manaf Younis,1996-11-16,29.6,,DF,Al-Shorta,6,34,1,False,1,0,0,0,26worldcup (Wikipedia),2026-07-13T08:49:41.814862+00:00
Iraq,Ahmed Maknzi,2001-09-24,24.7,,DF,Al-Karma,15,7,0,False,1,0,0,0,26worldcup (Wikipedia),2026-07-13T08:49:41.814862+00:00
Iraq,Merchas Doski,1999-12-07,26.5,,DF,Viktoria Plzeň,23,31,1,False,3,0,1,0,26worldcup (Wikipedia),2026-07-13T08:49:41.814862+00:00
Iraq,Mustafa Saadoon,2001-05-25,25.0,,DF,Al-Shorta,25,17,0,False,1,0,0,0,26worldcup (Wikipedia),2026-07-13T08:49:41.814862+00:00
Iraq,Frans Putros,1993-07-14,32.9,,DF,Persib,26,28,0,False,1,0,0,0,26worldcup (Wikipedia),2026-07-13T08:49:41.814862+00:00
Iraq,Youssef Amyn,2003-08-21,22.8,,MF,AEK Larnaca,7,27,2,False,1,0,0,0,26worldcup (Wikipedia),2026-07-13T08:49:41.814862+00:00
Iraq,Ibrahim Bayesh,2000-05-01,26.1,,MF,Al Dhafra,8,76,8,False,3,0,0,0,26worldcup (Wikipedia),2026-07-13T08:49:41.814862+00:00
Iraq,Zidane Iqbal,2003-04-27,23.1,,MF,Utrecht,14,25,2,False,3,0,0,0,26worldcup (Wikipedia),2026-07-13T08:49:41.814862+00:00
Iraq,Amir Al-Ammari,1997-07-27,28.9,,MF,Cracovia,16,51,3,False,3,0,2,0,26worldcup (Wikipedia),2026-07-13T08:49:41.814862+00:00
Iraq,Kevin Yakob,2000-10-10,25.7,,MF,AGF,19,9,0,False,1,0,0,0,26worldcup (Wikipedia),2026-07-13T08:49:41.814862+00:00
Iraq,Aimar Sher,2002-12-20,23.5,,MF,Sarpsborg 08,20,7,0,False,1,0,0,0,26worldcup (Wikipedia),2026-07-13T08:49:41.814862+00:00
Iraq,Zaid Ismail,2002-01-03,24.4,,MF,Al-Talaba,24,6,0,False,2,0,0,0,26worldcup (Wikipedia),2026-07-13T08:49:41.814862+00:00
Iraq,Ali Al-Hamadi,2002-03-01,24.3,,FW,Luton Town,9,20,5,False,3,0,0,0,26worldcup (Wikipedia),2026-07-13T08:49:41.814862+00:00
Iraq,Mohanad Ali,2000-06-20,26.0,,FW,Dibba,10,72,27,False,1,0,0,0,26worldcup (Wikipedia),2026-07-13T08:49:41.814862+00:00
Iraq,Ahmed Qasem,2003-07-12,22.9,,FW,Nashville SC,11,3,0,False,3,0,0,0,26worldcup (Wikipedia),2026-07-13T08:49:41.814862+00:00
Iraq,Ali Yousif,1996-01-19,30.4,,FW,Al-Talaba,13,7,1,False,1,0,0,0,26worldcup (Wikipedia),2026-07-13T08:49:41.814862+00:00
Iraq,Ali Jasim,2004-01-20,22.4,,FW,Al-Najma,17,36,2,False,2,0,0,0,26worldcup (Wikipedia),2026-07-13T08:49:41.814862+00:00
Iraq,Aymen Hussein,1996-03-22,30.2,,FW,Al-Karma,18,95,33,False,2,1,0,0,26worldcup (Wikipedia),2026-07-13T08:49:41.814862+00:00
Iraq,Marko Farji,2004-03-16,22.2,,FW,Venezia,21,12,0,False,2,0,0,0,26worldcup (Wikipedia),2026-07-13T08:49:41.814862+00:00
Norway,Ørjan Nyland,1990-09-10,35.8,,GK,Sevilla,1,71,0,False,5,0,0,0,26worldcup (Wikipedia),2026-07-13T08:49:41.814862+00:00
Norway,Sander Tangvik,2002-11-29,23.5,,GK,Hamburger SV,12,0,0,False,0,0,0,0,26worldcup (Wikipedia),2026-07-13T08:49:41.814862+00:00
Norway,Egil Selvik,1997-07-30,28.9,,GK,Watford,13,7,0,False,1,0,0,0,26worldcup (Wikipedia),2026-07-13T08:49:41.814862+00:00
Norway,Kristoffer Ajer,1998-04-17,28.2,,DF,Brentford,3,52,2,False,5,0,1,0,26worldcup (Wikipedia),2026-07-13T08:49:41.814862+00:00
Norway,Leo Østigård,1999-11-28,26.5,,DF,Genoa,4,38,1,False,5,1,0,0,26worldcup (Wikipedia),2026-07-13T08:49:41.814862+00:00
Norway,David Møller Wolfe,2002-04-23,24.1,,DF,Wolverhampton Wanderers,5,22,1,False,5,0,0,0,26worldcup (Wikipedia),2026-07-13T08:49:41.814862+00:00
Norway,Fredrik André Bjørkan,1998-08-21,27.8,,DF,Bodø/Glimt,15,21,1,False,1,0,0,0,26worldcup (Wikipedia),2026-07-13T08:49:41.814862+00:00
Norway,Marcus Holmgren Pedersen,2000-07-16,25.9,,DF,Torino,16,32,0,False,4,1,0,0,26worldcup (Wikipedia),2026-07-13T08:49:41.814862+00:00
Norway,Torbjørn Heggem,1999-01-12,27.4,,DF,Bologna,17,15,0,False,5,0,0,0,26worldcup (Wikipedia),2026-07-13T08:49:41.814862+00:00
Norway,Sondre Langås,2001-02-02,25.4,,DF,Derby County,24,3,0,False,1,0,0,0,26worldcup (Wikipedia),2026-07-13T08:49:41.814862+00:00
Norway,Henrik Falchener,2003-05-08,23.1,,DF,Viking,25,1,0,False,1,0,0,0,26worldcup (Wikipedia),2026-07-13T08:49:41.814862+00:00
Norway,Julian Ryerson,1997-11-17,28.6,,DF,Borussia Dortmund,26,43,1,False,4,0,0,0,26worldcup (Wikipedia),2026-07-13T08:49:41.814862+00:00
Norway,Morten Thorsby,1996-05-05,30.1,,MF,Cremonese,2,31,0,False,1,0,0,0,26worldcup (Wikipedia),2026-07-13T08:49:41.814862+00:00
Norway,Patrick Berg,1997-11-24,28.5,,MF,Bodø/Glimt,6,43,0,False,6,0,1,0,26worldcup (Wikipedia),2026-07-13T08:49:41.814862+00:00
Norway,Sander Berge,1998-02-14,28.3,,MF,Fulham,8,66,1,False,5,0,0,0,26worldcup (Wikipedia),2026-07-13T08:49:41.814862+00:00
Norway,Martin Ødegaard,1998-12-17,27.5,,MF,Arsenal,10,68,5,False,5,0,0,0,26worldcup (Wikipedia),2026-07-13T08:49:41.814862+00:00
Norway,Fredrik Aursnes,1995-12-10,30.5,,MF,Benfica,14,22,1,False,6,0,0,0,26worldcup (Wikipedia),2026-07-13T08:49:41.814862+00:00
Norway,Kristian Thorstvedt,1999-03-13,27.2,,MF,Sassuolo,18,37,4,False,2,0,0,0,26worldcup (Wikipedia),2026-07-13T08:49:41.814862+00:00
Norway,Thelo Aasgaard,2002-05-02,24.1,,MF,Rangers,19,8,5,False,1,1,0,0,26worldcup (Wikipedia),2026-07-13T08:49:41.814862+00:00
Norway,Antonio Nusa,2005-04-17,21.1,,MF,RB Leipzig,20,24,8,False,6,1,1,0,26worldcup (Wikipedia),2026-07-13T08:49:41.814862+00:00
Norway,Andreas Schjelderup,2004-06-01,22.0,,MF,Benfica,21,12,1,False,6,1,0,0,26worldcup (Wikipedia),2026-07-13T08:49:41.814862+00:00
Norway,Oscar Bobb,2003-07-12,22.9,,MF,Fulham,22,20,2,False,6,0,0,0,26worldcup (Wikipedia),2026-07-13T08:49:41.814862+00:00
Norway,Jens Petter Hauge,1999-10-12,26.7,,MF,Bodø/Glimt,23,15,1,False,1,0,0,0,26worldcup (Wikipedia),2026-07-13T08:49:41.814862+00:00
Norway,Alexander Sørloth,1995-12-05,30.5,,FW,Atlético Madrid,7,72,26,False,5,0,0,0,26worldcup (Wikipedia),2026-07-13T08:49:41.814862+00:00
Norway,Erling Haaland,2000-07-21,25.9,,FW,Manchester City,9,50,55,False,5,7,0,0,26worldcup (Wikipedia),2026-07-13T08:49:41.814862+00:00
Norway,Jørgen Strand Larsen,2000-02-06,26.3,,FW,Crystal Palace,11,28,6,False,2,0,0,0,26worldcup (Wikipedia),2026-07-13T08:49:41.814862+00:00
Senegal,Yehvann Diouf,1999-11-16,26.6,,GK,Nice,1,2,0,False,0,0,0,0,26worldcup (Wikipedia),2026-07-13T08:49:41.814862+00:00
Senegal,Édouard Mendy,1992-03-01,34.3,,GK,Al-Ahli,16,57,0,False,2,0,0,0,26worldcup (Wikipedia),2026-07-13T08:49:41.814862+00:00
Senegal,Mory Diaw,1993-06-22,33.0,,GK,Le Havre,23,5,0,False,3,0,0,0,26worldcup (Wikipedia),2026-07-13T08:49:41.814862+00:00
Senegal,Mamadou Sarr,2005-08-29,20.8,,DF,Chelsea,2,8,0,False,0,0,0,0,26worldcup (Wikipedia),2026-07-13T08:49:41.814862+00:00
Senegal,Kalidou Koulibaly,1991-06-20,35.0,,DF,Al-Hilal,3,103,2,False,2,0,0,0,26worldcup (Wikipedia),2026-07-13T08:49:41.814862+00:00
Senegal,Abdoulaye Seck,1992-06-04,34.0,,DF,Maccabi Haifa,4,22,4,False,1,0,1,0,26worldcup (Wikipedia),2026-07-13T08:49:41.814862+00:00
Senegal,Ismail Jakobs,1999-08-17,26.8,,DF,Galatasaray,14,30,0,False,3,0,0,0,26worldcup (Wikipedia),2026-07-13T08:49:41.814862+00:00
Senegal,Krépin Diatta,1999-02-25,27.3,,DF,Monaco,15,61,2,False,4,0,0,0,26worldcup (Wikipedia),2026-07-13T08:49:41.814862+00:00
Senegal,Moussa Niakhaté,1996-03-08,30.3,,DF,Lyon,19,31,0,False,4,0,0,0,26worldcup (Wikipedia),2026-07-13T08:49:41.814862+00:00
Senegal,Antoine Mendy,2004-05-27,22.0,,DF,Nice,24,7,0,False,0,0,0,0,26worldcup (Wikipedia),2026-07-13T08:49:41.814862+00:00
Senegal,El Hadji Malick Diouf,2004-12-29,21.4,,DF,West Ham United,25,20,1,False,3,0,0,0,26worldcup (Wikipedia),2026-07-13T08:49:41.814862+00:00
Senegal,Idrissa Gueye,1989-09-26,36.7,,MF,Everton,5,131,7,False,4,0,0,0,26worldcup (Wikipedia),2026-07-13T08:49:41.814862+00:00
Senegal,Pathé Ciss,1994-03-16,32.2,,MF,Rayo Vallecano,6,30,0,False,4,0,0,0,26worldcup (Wikipedia),2026-07-13T08:49:41.814862+00:00
Senegal,Lamine Camara,2004-01-01,22.4,,MF,Monaco,8,33,7,False,4,0,1,0,26worldcup (Wikipedia),2026-07-13T08:49:41.814862+00:00
Senegal,Pape Matar Sarr,2002-09-14,23.7,,MF,Tottenham Hotspur,17,40,4,False,2,0,0,0,26worldcup (Wikipedia),2026-07-13T08:49:41.814862+00:00
Senegal,Habib Diarra,2004-01-03,22.4,,MF,Sunderland,21,21,4,False,3,2,0,0,26worldcup (Wikipedia),2026-07-13T08:49:41.814862+00:00
Senegal,Bara Sapoko Ndiaye,2007-12-31,18.4,,MF,Bayern Munich,22,1,0,False,1,0,0,0,26worldcup (Wikipedia),2026-07-13T08:49:41.814862+00:00
Senegal,Pape Gueye,1999-01-24,27.4,,MF,Villarreal,26,41,5,False,4,2,1,0,26worldcup (Wikipedia),2026-07-13T08:49:41.814862+00:00
Senegal,Assane Diao,2005-09-07,20.8,,FW,Como,7,5,0,False,1,0,0,0,26worldcup (Wikipedia),2026-07-13T08:49:41.814862+00:00
Senegal,Bamba Dieng,2000-03-23,26.2,,FW,Lorient,9,23,2,False,1,0,0,0,26worldcup (Wikipedia),2026-07-13T08:49:41.814862+00:00
Senegal,Sadio Mané,1992-04-10,34.2,,FW,Al-Nassr,10,128,55,False,4,0,0,0,26worldcup (Wikipedia),2026-07-13T08:49:41.814862+00:00
Senegal,Nicolas Jackson,2001-06-20,25.0,,FW,Bayern Munich,11,33,8,False,4,0,0,0,26worldcup (Wikipedia),2026-07-13T08:49:41.814862+00:00
Senegal,Cherif Ndiaye,1996-01-23,30.4,,FW,Samsunspor,12,19,4,False,0,0,0,0,26worldcup (Wikipedia),2026-07-13T08:49:41.814862+00:00
Senegal,Iliman Ndiaye,2000-03-06,26.3,,FW,Everton,13,40,4,False,3,1,0,0,26worldcup (Wikipedia),2026-07-13T08:49:41.814862+00:00
Senegal,Ismaïla Sarr,1998-02-25,28.3,,FW,Crystal Palace,18,83,19,False,4,4,0,0,26worldcup (Wikipedia),2026-07-13T08:49:41.814862+00:00
Senegal,Ibrahim Mbaye,2008-01-24,18.4,,FW,Paris Saint-Germain,20,11,3,False,4,1,0,0,26worldcup (Wikipedia),2026-07-13T08:49:41.814862+00:00
Algeria,Melvin Mastil,2000-02-19,26.3,,GK,Stade Nyonnais,1,3,0,False,0,0,0,0,26worldcup (Wikipedia),2026-07-13T08:49:41.814862+00:00
Algeria,Oussama Benbot,1994-10-11,31.7,,GK,USM Alger,16,4,0,False,1,0,0,0,26worldcup (Wikipedia),2026-07-13T08:49:41.814862+00:00
Algeria,Luca Zidane,1998-05-13,28.1,,GK,Granada,23,7,0,False,3,0,0,0,26worldcup (Wikipedia),2026-07-13T08:49:41.814862+00:00
Algeria,Aïssa Mandi,1991-10-22,34.6,,DF,Lille,2,120,9,False,4,0,0,0,26worldcup (Wikipedia),2026-07-13T08:49:41.814862+00:00
Algeria,Achref Abada,1999-06-15,27.0,,DF,USM Alger,3,9,1,False,0,0,0,0,26worldcup (Wikipedia),2026-07-13T08:49:41.814862+00:00
Algeria,Mohamed Amine Tougai,2000-01-22,26.4,,DF,Espérance de Tunis,4,31,2,False,0,0,0,0,26worldcup (Wikipedia),2026-07-13T08:49:41.814862+00:00
Algeria,Zineddine Belaïd,1999-03-20,27.2,,DF,JS Kabylie,5,13,1,False,2,0,0,0,26worldcup (Wikipedia),2026-07-13T08:49:41.814862+00:00
Algeria,Jaouen Hadjam,2003-03-26,23.2,,DF,Young Boys,13,19,3,False,3,0,0,0,26worldcup (Wikipedia),2026-07-13T08:49:41.814862+00:00
Algeria,Rayan Aït-Nouri,2001-06-06,25.0,,DF,Manchester City,15,31,0,False,4,0,0,0,26worldcup (Wikipedia),2026-07-13T08:49:41.814862+00:00
Algeria,Rafik Belghali,2002-06-07,24.0,,DF,Hellas Verona,17,14,1,False,4,1,0,0,26worldcup (Wikipedia),2026-07-13T08:49:41.814862+00:00
Algeria,Ramy Bensebaini,1995-04-16,31.2,,DF,Borussia Dortmund,21,82,9,False,4,0,0,0,26worldcup (Wikipedia),2026-07-13T08:49:41.814862+00:00
Algeria,Samir Chergui,1999-02-06,27.3,,DF,Paris FC,26,6,0,False,1,0,0,0,26worldcup (Wikipedia),2026-07-13T08:49:41.814862+00:00
Algeria,Ramiz Zerrouki,1998-05-26,28.0,,MF,Twente,6,54,3,False,3,0,1,0,26worldcup (Wikipedia),2026-07-13T08:49:41.814862+00:00
Algeria,Houssem Aouar,1998-06-30,27.9,,MF,Al-Ittihad,8,23,6,False,3,0,0,0,26worldcup (Wikipedia),2026-07-13T08:49:41.814862+00:00
Algeria,Farès Chaïbi,2002-11-28,23.5,,MF,Eintracht Frankfurt,10,32,3,False,4,0,1,0,26worldcup (Wikipedia),2026-07-13T08:49:41.814862+00:00
Algeria,Hicham Boudaoui,1999-09-23,26.7,,MF,Nice,14,35,0,False,3,0,1,0,26worldcup (Wikipedia),2026-07-13T08:49:41.814862+00:00
Algeria,Nabil Bentaleb,1994-11-24,31.5,,MF,Lille,19,62,6,False,4,0,0,0,26worldcup (Wikipedia),2026-07-13T08:49:41.814862+00:00
Algeria,Ibrahim Maza,2005-11-24,20.5,,MF,Bayer Leverkusen,22,18,2,False,4,0,0,0,26worldcup (Wikipedia),2026-07-13T08:49:41.814862+00:00
Algeria,Yacine Titraoui,2003-07-26,22.9,,MF,Charleroi,24,5,0,False,0,0,0,0,26worldcup (Wikipedia),2026-07-13T08:49:41.814862+00:00
Algeria,Riyad Mahrez,1991-02-21,35.3,,FW,Al-Ahli,7,117,38,False,4,2,0,0,26worldcup (Wikipedia),2026-07-13T08:49:41.814862+00:00
Algeria,Amine Gouiri,2000-02-16,26.3,,FW,Marseille,9,24,12,False,4,1,0,0,26worldcup (Wikipedia),2026-07-13T08:49:41.814862+00:00
Algeria,Anis Hadj Moussa,2002-02-11,24.3,,FW,Feyenoord,11,16,3,False,3,0,0,0,26worldcup (Wikipedia),2026-07-13T08:49:41.814862+00:00
Algeria,Nadhir Benbouali,2000-04-17,26.1,,FW,Győri ETO,12,5,1,False,1,1,0,0,26worldcup (Wikipedia),2026-07-13T08:49:41.814862+00:00
Algeria,Mohamed Amoura,2000-05-09,26.1,,FW,VfL Wolfsburg,18,48,19,False,1,0,0,0,26worldcup (Wikipedia),2026-07-13T08:49:41.814862+00:00
Algeria,Adil Boulbina,2003-05-02,23.1,,FW,Al-Duhail,20,11,4,False,2,0,0,0,26worldcup (Wikipedia),2026-07-13T08:49:41.814862+00:00
Algeria,Farès Ghedjemis,2002-09-06,23.8,,FW,Frosinone,25,1,1,False,1,0,0,0,26worldcup (Wikipedia),2026-07-13T08:49:41.814862+00:00
Argentina,Juan Musso,1994-05-06,32.1,,GK,Atlético Madrid,1,4,0,False,0,0,0,0,26worldcup (Wikipedia),2026-07-13T08:49:41.814862+00:00
Argentina,Gerónimo Rulli,1992-05-20,34.1,,GK,Marseille,12,8,0,False,0,0,0,0,26worldcup (Wikipedia),2026-07-13T08:49:41.814862+00:00
Argentina,Emiliano Martínez,1992-09-02,33.8,,GK,Aston Villa,23,59,0,False,6,0,0,0,26worldcup (Wikipedia),2026-07-13T08:49:41.814862+00:00
Argentina,Marcos Senesi,1997-05-10,29.1,,DF,Bournemouth,2,3,0,False,1,0,0,0,26worldcup (Wikipedia),2026-07-13T08:49:41.814862+00:00
Argentina,Nicolás Tagliafico,1992-08-31,33.8,,DF,Lyon,3,76,1,False,5,0,0,0,26worldcup (Wikipedia),2026-07-13T08:49:41.814862+00:00
Argentina,Gonzalo Montiel,1997-01-01,29.4,,DF,River Plate,4,39,2,False,4,0,1,0,26worldcup (Wikipedia),2026-07-13T08:49:41.814862+00:00
Argentina,Lisandro Martínez,1998-01-18,28.4,,DF,Manchester United,6,28,1,False,5,1,0,0,26worldcup (Wikipedia),2026-07-13T08:49:41.814862+00:00
Argentina,Cristian Romero,1998-04-27,28.1,,DF,Tottenham Hotspur,13,51,3,False,5,1,0,0,26worldcup (Wikipedia),2026-07-13T08:49:41.814862+00:00
Argentina,Nicolás Otamendi,1988-02-12,38.3,,DF,Benfica,19,132,8,False,5,0,0,0,26worldcup (Wikipedia),2026-07-13T08:49:41.814862+00:00
Argentina,Facundo Medina,1999-05-28,27.0,,DF,Marseille,25,9,0,False,4,0,1,0,26worldcup (Wikipedia),2026-07-13T08:49:41.814862+00:00
Argentina,Nahuel Molina,1998-04-06,28.2,,DF,Atlético Madrid,26,58,1,False,5,0,0,0,26worldcup (Wikipedia),2026-07-13T08:49:41.814862+00:00
Argentina,Leandro Paredes,1994-06-29,32.0,,MF,Boca Juniors,5,77,5,False,5,0,1,0,26worldcup (Wikipedia),2026-07-13T08:49:41.814862+00:00
Argentina,Rodrigo De Paul,1994-05-24,32.0,,MF,Inter Miami CF,7,87,2,False,5,0,0,0,26worldcup (Wikipedia),2026-07-13T08:49:41.814862+00:00
Argentina,Valentín Barco,2004-07-23,21.9,,MF,Strasbourg,8,4,2,False,1,0,0,0,26worldcup (Wikipedia),2026-07-13T08:49:41.814862+00:00
Argentina,Giovani Lo Celso,1996-04-09,30.2,,MF,Real Betis,11,67,4,False,1,1,0,0,26worldcup (Wikipedia),2026-07-13T08:49:41.814862+00:00
Argentina,Exequiel Palacios,1998-10-05,27.7,,MF,Bayer Leverkusen,14,40,0,False,1,0,0,0,26worldcup (Wikipedia),2026-07-13T08:49:41.814862+00:00
Argentina,Nicolás González,1998-04-06,28.2,,MF,Atlético Madrid,15,51,6,False,5,0,0,0,26worldcup (Wikipedia),2026-07-13T08:49:41.814862+00:00
Argentina,Alexis Mac Allister,1998-12-24,27.5,,MF,Liverpool,20,46,6,False,6,1,0,0,26worldcup (Wikipedia),2026-07-13T08:49:41.814862+00:00
Argentina,Enzo Fernández,2001-01-17,25.4,,MF,Chelsea,24,42,6,False,5,1,0,0,26worldcup (Wikipedia),2026-07-13T08:49:41.814862+00:00
Argentina,Julián Alvarez,2000-01-31,26.4,,FW,Atlético Madrid,9,51,14,False,6,1,0,0,26worldcup (Wikipedia),2026-07-13T08:49:41.814862+00:00
Argentina,Lionel Messi,1987-06-24,39.0,,FW,Inter Miami CF,10,199,117,False,6,8,0,0,26worldcup (Wikipedia),2026-07-13T08:49:41.814862+00:00
Argentina,Thiago Almada,2001-04-26,25.1,,FW,Atlético Madrid,16,16,5,False,5,0,1,0,26worldcup (Wikipedia),2026-07-13T08:49:41.814862+00:00
Argentina,Giuliano Simeone,2002-12-18,23.5,,FW,Atlético Madrid,17,13,2,False,1,0,0,0,26worldcup (Wikipedia),2026-07-13T08:49:41.814862+00:00
Argentina,Nico Paz,2004-09-08,21.8,,FW,Como,18,9,1,False,2,0,0,0,26worldcup (Wikipedia),2026-07-13T08:49:41.814862+00:00
Argentina,José Manuel López,2000-12-06,25.5,,FW,Palmeiras,21,5,0,False,2,0,1,0,26worldcup (Wikipedia),2026-07-13T08:49:41.814862+00:00
Argentina,Lautaro Martínez,1997-08-22,28.8,,FW,Inter Milan,22,77,37,False,6,2,1,0,26worldcup (Wikipedia),2026-07-13T08:49:41.814862+00:00
Austria,Alexander Schlager,1996-02-01,30.4,,GK,Red Bull Salzburg,1,26,0,False,4,0,0,0,26worldcup (Wikipedia),2026-07-13T08:49:41.814862+00:00
Austria,Florian Wiegele,2001-03-21,25.2,,GK,Viktoria Plzeň,12,1,0,False,0,0,0,0,26worldcup (Wikipedia),2026-07-13T08:49:41.814862+00:00
Austria,Patrick Pentz,1997-01-02,29.4,,GK,Brøndby,13,18,0,False,0,0,0,0,26worldcup (Wikipedia),2026-07-13T08:49:41.814862+00:00
Austria,David Affengruber,2001-03-19,25.2,,DF,Elche,2,1,0,False,0,0,0,0,26worldcup (Wikipedia),2026-07-13T08:49:41.814862+00:00
Austria,Kevin Danso,1998-09-19,27.7,,DF,Tottenham Hotspur,3,32,0,False,4,0,0,0,26worldcup (Wikipedia),2026-07-13T08:49:41.814862+00:00
Austria,Stefan Posch,1997-05-14,29.1,,DF,Mainz 05,5,52,5,False,4,0,2,0,26worldcup (Wikipedia),2026-07-13T08:49:41.814862+00:00
Austria,David Alaba,1992-06-24,34.0,,DF,Real Madrid,8,113,15,False,4,0,0,0,26worldcup (Wikipedia),2026-07-13T08:49:41.814862+00:00
Austria,Philipp Lienhart,1996-07-11,29.9,,DF,SC Freiburg,15,41,3,False,2,0,0,0,26worldcup (Wikipedia),2026-07-13T08:49:41.814862+00:00
Austria,Phillipp Mwene,1994-01-29,32.4,,DF,Mainz 05,16,30,0,False,2,0,0,0,26worldcup (Wikipedia),2026-07-13T08:49:41.814862+00:00
Austria,Marco Friedl,1998-03-16,28.2,,DF,Werder Bremen,23,11,0,False,1,0,0,0,26worldcup (Wikipedia),2026-07-13T08:49:41.814862+00:00
Austria,Michael Svoboda,1998-10-15,27.7,,DF,Venezia,25,4,0,False,0,0,0,0,26worldcup (Wikipedia),2026-07-13T08:49:41.814862+00:00
Austria,Xaver Schlager,1997-09-28,28.7,,MF,RB Leipzig,4,51,4,False,4,0,0,0,26worldcup (Wikipedia),2026-07-13T08:49:41.814862+00:00
Austria,Nicolas Seiwald,2001-05-04,25.1,,MF,RB Leipzig,6,47,1,False,4,0,0,0,26worldcup (Wikipedia),2026-07-13T08:49:41.814862+00:00
Austria,Marcel Sabitzer,1994-03-17,32.2,,MF,Borussia Dortmund,9,98,26,False,4,1,1,0,26worldcup (Wikipedia),2026-07-13T08:49:41.814862+00:00
Austria,Florian Grillitsch,1995-08-07,30.8,,MF,Braga,10,58,1,False,2,0,0,0,26worldcup (Wikipedia),2026-07-13T08:49:41.814862+00:00
Austria,Carney Chukwuemeka,2003-10-20,22.6,,MF,Borussia Dortmund,17,3,1,False,3,0,0,0,26worldcup (Wikipedia),2026-07-13T08:49:41.814862+00:00
Austria,Romano Schmid,2000-01-27,26.4,,MF,Werder Bremen,18,34,3,False,4,1,0,0,26worldcup (Wikipedia),2026-07-13T08:49:41.814862+00:00
Austria,Dejan Ljubičić,1997-10-08,28.7,,MF,Schalke 04,19,9,1,False,0,0,0,0,26worldcup (Wikipedia),2026-07-13T08:49:41.814862+00:00
Austria,Konrad Laimer,1997-05-27,29.0,,MF,Bayern Munich,20,57,7,False,4,0,1,0,26worldcup (Wikipedia),2026-07-13T08:49:41.814862+00:00
Austria,Alexander Prass,2001-05-26,25.0,,MF,TSG Hoffenheim,22,19,0,False,2,0,0,0,26worldcup (Wikipedia),2026-07-13T08:49:41.814862+00:00
Austria,Paul Wanner,2005-12-23,20.5,,MF,PSV Eindhoven,24,3,0,False,4,0,0,0,26worldcup (Wikipedia),2026-07-13T08:49:41.814862+00:00
Austria,Alessandro Schöpf,1994-02-07,32.3,,MF,Wolfsberger AC,26,35,6,False,0,0,0,0,26worldcup (Wikipedia),2026-07-13T08:49:41.814862+00:00
Austria,Marko Arnautović,1989-04-19,37.1,,FW,Red Star Belgrade,7,133,47,False,4,2,1,0,26worldcup (Wikipedia),2026-07-13T08:49:41.814862+00:00
Austria,Michael Gregoritsch,1994-04-18,32.1,,FW,FC Augsburg,11,75,24,False,3,0,0,0,26worldcup (Wikipedia),2026-07-13T08:49:41.814862+00:00
Austria,Saša Kalajdžić,1997-07-07,28.9,,FW,LASK,14,22,4,False,3,1,0,0,26worldcup (Wikipedia),2026-07-13T08:49:41.814862+00:00
Austria,Patrick Wimmer,2001-05-30,25.0,,FW,VfL Wolfsburg,21,30,1,False,2,0,0,0,26worldcup (Wikipedia),2026-07-13T08:49:41.814862+00:00
Jordan,Yazeed Abulaila,1993-01-08,33.4,,GK,Al-Hussein,1,76,0,False,3,0,0,0,26worldcup (Wikipedia),2026-07-13T08:49:41.814862+00:00
Jordan,Nour Bani Attiah,1993-01-25,33.4,,GK,Al-Faisaly,12,5,0,False,0,0,0,0,26worldcup (Wikipedia),2026-07-13T08:49:41.814862+00:00
Jordan,Abdallah Al-Fakhouri,2000-01-22,26.4,,GK,Al-Wehdat,22,11,0,False,0,0,0,0,26worldcup (Wikipedia),2026-07-13T08:49:41.814862+00:00
Jordan,Mohammad Abu Hashish,1995-05-09,31.1,,DF,Al-Karma,2,56,1,False,1,0,0,0,26worldcup (Wikipedia),2026-07-13T08:49:41.814862+00:00
Jordan,Abdallah Nasib,1994-02-25,32.3,,DF,Al-Zawraa,3,65,3,False,3,0,0,0,26worldcup (Wikipedia),2026-07-13T08:49:41.814862+00:00
Jordan,Husam Abu Dahab,2000-05-13,26.1,,DF,Al-Faisaly,4,18,0,False,2,0,1,0,26worldcup (Wikipedia),2026-07-13T08:49:41.814862+00:00
Jordan,Yazan Al-Arab,1996-01-31,30.4,,DF,FC Seoul,5,80,3,False,3,0,1,0,26worldcup (Wikipedia),2026-07-13T08:49:41.814862+00:00
Jordan,Mo Abualnadi,2001-02-08,25.3,,DF,Selangor,16,18,0,False,1,0,0,0,26worldcup (Wikipedia),2026-07-13T08:49:41.814862+00:00
Jordan,Salim Obaid,1992-01-17,34.4,,DF,Al-Hussein,17,11,0,False,3,0,0,0,26worldcup (Wikipedia),2026-07-13T08:49:41.814862+00:00
Jordan,Saed Al-Rosan,1997-02-01,29.4,,DF,Al-Hussein,19,21,2,False,1,0,0,0,26worldcup (Wikipedia),2026-07-13T08:49:41.814862+00:00
Jordan,Ihsan Haddad,1994-02-05,32.3,,DF,Al-Hussein,23,92,2,False,3,0,0,0,26worldcup (Wikipedia),2026-07-13T08:49:41.814862+00:00
Jordan,Anas Badawi,1997-09-13,28.7,,DF,Al-Faisaly,26,1,0,False,0,0,0,0,26worldcup (Wikipedia),2026-07-13T08:49:41.814862+00:00
Jordan,Amer Jamous,2002-07-03,23.9,,MF,Al-Zawraa,6,19,1,False,1,0,0,0,26worldcup (Wikipedia),2026-07-13T08:49:41.814862+00:00
Jordan,Noor Al-Rawabdeh,1997-02-24,29.3,,MF,Selangor,8,68,3,False,3,0,0,0,26worldcup (Wikipedia),2026-07-13T08:49:41.814862+00:00
Jordan,Rajaei Ayed,1993-07-25,32.9,,MF,Al-Hussein,14,72,0,False,0,0,0,0,26worldcup (Wikipedia),2026-07-13T08:49:41.814862+00:00
Jordan,Ibrahim Sadeh,2000-04-27,26.1,,MF,Al-Karma,15,57,3,False,0,0,0,0,26worldcup (Wikipedia),2026-07-13T08:49:41.814862+00:00
Jordan,Mohammad Taha,2005-07-13,20.9,,MF,Al-Hussein,18,2,0,False,0,0,0,0,26worldcup (Wikipedia),2026-07-13T08:49:41.814862+00:00
Jordan,Mohannad Abu Taha,2003-02-02,23.4,,MF,Al-Quwa Al-Jawiya,20,29,1,False,3,0,1,0,26worldcup (Wikipedia),2026-07-13T08:49:41.814862+00:00
Jordan,Nizar Al-Rashdan,1999-03-23,27.2,,MF,Qatar SC,21,47,4,False,3,1,0,0,26worldcup (Wikipedia),2026-07-13T08:49:41.814862+00:00
Jordan,Mohammad Al-Dawoud,1992-04-12,34.2,,MF,Al-Wehdat,25,13,1,False,1,0,0,0,26worldcup (Wikipedia),2026-07-13T08:49:41.814862+00:00
Jordan,Mohammad Abu Zrayq,1997-12-30,28.4,,FW,Raja Casablanca,7,41,5,False,2,0,1,0,26worldcup (Wikipedia),2026-07-13T08:49:41.814862+00:00
Jordan,Ali Olwan,2000-03-26,26.2,,FW,Al-Sailiya,9,66,29,False,3,1,0,0,26worldcup (Wikipedia),2026-07-13T08:49:41.814862+00:00
Jordan,Musa Al-Taamari,1997-06-10,29.0,,FW,Rennes,10,92,24,False,3,1,0,0,26worldcup (Wikipedia),2026-07-13T08:49:41.814862+00:00
Jordan,Odeh Al-Fakhouri,2005-11-22,20.6,,FW,Pyramids,11,10,1,False,3,0,0,0,26worldcup (Wikipedia),2026-07-13T08:49:41.814862+00:00
Jordan,Mahmoud Al-Mardi,1993-10-06,32.7,,FW,Al-Hussein,13,89,9,False,3,0,0,0,26worldcup (Wikipedia),2026-07-13T08:49:41.814862+00:00
Jordan,Ali Azaizeh,2004-04-13,22.2,,FW,Al-Shabab,24,4,0,False,3,0,0,0,26worldcup (Wikipedia),2026-07-13T08:49:41.814862+00:00
Colombia,David Ospina,1988-08-31,37.8,,GK,Atlético Nacional,1,130,0,False,0,0,0,0,26worldcup (Wikipedia),2026-07-13T08:49:41.814862+00:00
Colombia,Camilo Vargas,1989-03-09,37.3,,GK,Atlas,12,42,0,False,5,0,0,0,26worldcup (Wikipedia),2026-07-13T08:49:41.814862+00:00
Colombia,Álvaro Montero,1995-03-29,31.2,,GK,Vélez Sarsfield,24,12,0,False,0,0,0,0,26worldcup (Wikipedia),2026-07-13T08:49:41.814862+00:00
Colombia,Daniel Muñoz,1996-05-26,30.0,,DF,Crystal Palace,2,46,3,False,5,2,0,0,26worldcup (Wikipedia),2026-07-13T08:49:41.814862+00:00
Colombia,Jhon Lucumí,1998-06-26,28.0,,DF,Bologna,3,37,1,False,5,0,1,0,26worldcup (Wikipedia),2026-07-13T08:49:41.814862+00:00
Colombia,Santiago Arias,1992-01-13,34.4,,DF,Independiente,4,68,0,False,1,0,0,0,26worldcup (Wikipedia),2026-07-13T08:49:41.814862+00:00
Colombia,Yerry Mina,1994-09-23,31.7,,DF,Cagliari,13,54,8,False,1,0,0,0,26worldcup (Wikipedia),2026-07-13T08:49:41.814862+00:00
Colombia,Gustavo Puerta,2003-07-23,22.9,,DF,Racing Santander,14,6,1,False,5,0,1,0,26worldcup (Wikipedia),2026-07-13T08:49:41.814862+00:00
Colombia,Johan Mojica,1992-08-21,33.8,,DF,Mallorca,17,45,1,False,4,0,1,0,26worldcup (Wikipedia),2026-07-13T08:49:41.814862+00:00
Colombia,Willer Ditta,1998-01-23,28.4,,DF,Cruz Azul,18,5,0,False,0,0,0,0,26worldcup (Wikipedia),2026-07-13T08:49:41.814862+00:00
Colombia,Deiver Machado,1993-09-02,32.8,,DF,Nantes,22,15,0,False,1,0,0,0,26worldcup (Wikipedia),2026-07-13T08:49:41.814862+00:00
Colombia,Davinson Sánchez,1996-06-12,30.0,,DF,Galatasaray,23,79,4,False,5,0,1,0,26worldcup (Wikipedia),2026-07-13T08:49:41.814862+00:00
Colombia,Kevin Castaño,2000-09-29,25.7,,MF,River Plate,5,25,0,False,2,0,0,0,26worldcup (Wikipedia),2026-07-13T08:49:41.814862+00:00
Colombia,Richard Ríos,2000-06-02,26.0,,MF,Benfica,6,32,2,False,5,0,1,0,26worldcup (Wikipedia),2026-07-13T08:49:41.814862+00:00
Colombia,Jorge Carrascal,1998-05-25,28.0,,MF,Flamengo,8,24,2,False,0,0,0,0,26worldcup (Wikipedia),2026-07-13T08:49:41.814862+00:00
Colombia,James Rodríguez,1991-07-12,34.9,,MF,Minnesota United FC,10,126,31,False,5,0,0,0,26worldcup (Wikipedia),2026-07-13T08:49:41.814862+00:00
Colombia,Jhon Arias,1997-09-21,28.7,,MF,Palmeiras,11,38,6,False,5,1,1,0,26worldcup (Wikipedia),2026-07-13T08:49:41.814862+00:00
Colombia,Juan Portilla,1998-09-12,27.7,,MF,Athletico Paranaense,15,10,0,False,0,0,0,0,26worldcup (Wikipedia),2026-07-13T08:49:41.814862+00:00
Colombia,Jefferson Lerma,1994-10-25,31.6,,MF,Crystal Palace,16,65,5,False,5,0,1,0,26worldcup (Wikipedia),2026-07-13T08:49:41.814862+00:00
Colombia,Juan Fernando Quintero,1993-01-18,33.4,,MF,River Plate,20,49,6,False,4,0,0,0,26worldcup (Wikipedia),2026-07-13T08:49:41.814862+00:00
Colombia,Luis Díaz,1997-01-13,29.4,,FW,Bayern Munich,7,74,22,False,5,1,0,0,26worldcup (Wikipedia),2026-07-13T08:49:41.814862+00:00
Colombia,Jhon Córdoba,1993-05-11,33.1,,FW,Krasnodar,9,21,6,False,3,0,0,0,26worldcup (Wikipedia),2026-07-13T08:49:41.814862+00:00
Colombia,Cucho Hernández,1999-04-20,27.1,,FW,Real Betis,19,9,2,False,2,0,0,0,26worldcup (Wikipedia),2026-07-13T08:49:41.814862+00:00
Colombia,Jaminton Campaz,2000-05-24,26.0,,FW,Rosario Central,21,10,1,False,3,1,0,0,26worldcup (Wikipedia),2026-07-13T08:49:41.814862+00:00
Colombia,Luis Suárez,1997-12-02,28.5,,FW,Sporting CP,25,12,5,False,5,0,1,0,26worldcup (Wikipedia),2026-07-13T08:49:41.814862+00:00
Colombia,Andrés Gómez,2002-09-12,23.7,,FW,Vasco da Gama,26,8,2,False,1,0,0,0,26worldcup (Wikipedia),2026-07-13T08:49:41.814862+00:00
Congo DR,Lionel Mpasi,1994-08-01,31.9,,GK,Le Havre,1,29,0,False,4,0,0,0,26worldcup (Wikipedia),2026-07-13T08:49:41.814862+00:00
Congo DR,Timothy Fayulu,1999-07-24,26.9,,GK,Noah,16,3,0,False,0,0,0,0,26worldcup (Wikipedia),2026-07-13T08:49:41.814862+00:00
Congo DR,Matthieu Epolo,2005-01-15,21.4,,GK,Standard Liège,21,1,0,False,0,0,0,0,26worldcup (Wikipedia),2026-07-13T08:49:41.814862+00:00
Congo DR,Aaron Wan-Bissaka,1997-11-26,28.5,,DF,West Ham United,2,12,0,False,4,0,0,0,26worldcup (Wikipedia),2026-07-13T08:49:41.814862+00:00
Congo DR,Steve Kapuadi,1998-04-30,28.1,,DF,Widzew Łódź,3,4,0,False,2,0,0,0,26worldcup (Wikipedia),2026-07-13T08:49:41.814862+00:00
Congo DR,Axel Tuanzebe,1997-11-14,28.6,,DF,Burnley,4,14,1,False,4,0,0,0,26worldcup (Wikipedia),2026-07-13T08:49:41.814862+00:00
Congo DR,Dylan Batubinsika,1996-02-15,30.3,,DF,AEL,5,14,1,False,0,0,0,0,26worldcup (Wikipedia),2026-07-13T08:49:41.814862+00:00
Congo DR,Joris Kayembe,1994-08-08,31.8,,DF,Genk,12,26,1,False,4,0,0,0,26worldcup (Wikipedia),2026-07-13T08:49:41.814862+00:00
Congo DR,Chancel Mbemba,1994-08-08,31.8,,DF,Lille,22,109,7,False,4,0,1,0,26worldcup (Wikipedia),2026-07-13T08:49:41.814862+00:00
Congo DR,Gédéon Kalulu,1997-08-29,28.8,,DF,Aris Limassol,24,28,0,False,1,0,0,0,26worldcup (Wikipedia),2026-07-13T08:49:41.814862+00:00
Congo DR,Arthur Masuaku,1993-11-07,32.6,,DF,Lens,26,45,4,False,4,0,0,0,26worldcup (Wikipedia),2026-07-13T08:49:41.814862+00:00
Congo DR,Ngal'ayel Mukau,2004-11-03,21.6,,MF,Lille,6,14,0,False,4,0,0,0,26worldcup (Wikipedia),2026-07-13T08:49:41.814862+00:00
Congo DR,Nathanaël Mbuku,2002-03-16,24.2,,MF,Montpellier,7,19,2,False,3,0,1,0,26worldcup (Wikipedia),2026-07-13T08:49:41.814862+00:00
Congo DR,Samuel Moutoussamy,1996-08-12,29.8,,MF,Atromitos,8,58,0,False,4,0,1,0,26worldcup (Wikipedia),2026-07-13T08:49:41.814862+00:00
Congo DR,Théo Bongonda,1995-11-20,30.6,,MF,Spartak Moscow,10,38,7,False,2,0,0,0,26worldcup (Wikipedia),2026-07-13T08:49:41.814862+00:00
Congo DR,Noah Sadiki,2004-12-17,21.5,,MF,Sunderland,14,20,0,False,4,0,2,0,26worldcup (Wikipedia),2026-07-13T08:49:41.814862+00:00
Congo DR,Aaron Tshibola,1995-01-02,31.4,,MF,Kilmarnock,15,17,1,False,0,0,0,0,26worldcup (Wikipedia),2026-07-13T08:49:41.814862+00:00
Congo DR,Charles Pickel,1997-05-15,29.1,,MF,Espanyol,18,34,1,False,2,0,1,0,26worldcup (Wikipedia),2026-07-13T08:49:41.814862+00:00
Congo DR,Edo Kayembe,1998-06-03,28.0,,MF,Watford,25,43,2,False,3,0,0,0,26worldcup (Wikipedia),2026-07-13T08:49:41.814862+00:00
Congo DR,Brian Cipenga,1998-03-11,28.3,,FW,Castellón,9,8,0,False,2,1,0,0,26worldcup (Wikipedia),2026-07-13T08:49:41.814862+00:00
Congo DR,Gaël Kakuta,1991-06-21,35.0,,FW,AEL,11,31,5,False,0,0,0,0,26worldcup (Wikipedia),2026-07-13T08:49:41.814862+00:00
Congo DR,Meschak Elia,1997-08-06,28.8,,FW,Alanyaspor,13,69,12,False,2,0,0,0,26worldcup (Wikipedia),2026-07-13T08:49:41.814862+00:00
Congo DR,Cédric Bakambu,1991-04-11,35.2,,FW,Real Betis,17,70,21,False,3,0,0,0,26worldcup (Wikipedia),2026-07-13T08:49:41.814862+00:00
Congo DR,Fiston Mayele,1994-06-24,32.0,,FW,Pyramids,19,37,6,False,2,1,0,0,26worldcup (Wikipedia),2026-07-13T08:49:41.814862+00:00
Congo DR,Yoane Wissa,1996-09-03,29.8,,FW,Newcastle United,20,38,9,False,4,3,0,0,26worldcup (Wikipedia),2026-07-13T08:49:41.814862+00:00
Congo DR,Simon Banza,1996-08-13,29.8,,FW,Al Jazira,23,15,2,False,2,0,0,0,26worldcup (Wikipedia),2026-07-13T08:49:41.814862+00:00
Portugal,Diogo Costa,1999-09-19,26.7,,GK,Porto,1,43,0,False,5,0,0,0,26worldcup (Wikipedia),2026-07-13T08:49:41.814862+00:00
Portugal,José Sá,1993-01-17,33.4,,GK,Wolverhampton Wanderers,12,5,0,False,0,0,0,0,26worldcup (Wikipedia),2026-07-13T08:49:41.814862+00:00
Portugal,Rui Silva,1994-02-07,32.3,,GK,Sporting CP,22,3,0,False,0,0,0,0,26worldcup (Wikipedia),2026-07-13T08:49:41.814862+00:00
Portugal,Nélson Semedo,1993-11-16,32.6,,DF,Fenerbahçe,2,50,0,False,4,0,1,0,26worldcup (Wikipedia),2026-07-13T08:49:41.814862+00:00
Portugal,Rúben Dias,1997-05-14,29.1,,DF,Manchester City,3,76,3,False,4,0,1,0,26worldcup (Wikipedia),2026-07-13T08:49:41.814862+00:00
Portugal,Tomás Araújo,2002-05-16,24.1,,DF,Benfica,4,5,0,False,1,0,1,0,26worldcup (Wikipedia),2026-07-13T08:49:41.814862+00:00
Portugal,Diogo Dalot,1999-03-18,27.2,,DF,Manchester United,5,35,3,False,2,0,0,0,26worldcup (Wikipedia),2026-07-13T08:49:41.814862+00:00
Portugal,Renato Veiga,2003-07-29,22.9,,DF,Villarreal,13,13,1,False,5,0,2,0,26worldcup (Wikipedia),2026-07-13T08:49:41.814862+00:00
Portugal,Gonçalo Inácio,2001-08-25,24.8,,DF,Sporting CP,14,22,2,False,0,0,0,0,26worldcup (Wikipedia),2026-07-13T08:49:41.814862+00:00
Portugal,João Cancelo,1994-05-27,32.0,,DF,Barcelona,20,68,12,False,5,0,0,0,26worldcup (Wikipedia),2026-07-13T08:49:41.814862+00:00
Portugal,Samú Costa,2000-11-27,25.5,,DF,Mallorca,24,6,0,False,1,0,0,0,26worldcup (Wikipedia),2026-07-13T08:49:41.814862+00:00
Portugal,Nuno Mendes,2002-06-19,24.0,,DF,Paris Saint-Germain,25,44,1,False,5,1,0,0,26worldcup (Wikipedia),2026-07-13T08:49:41.814862+00:00
Portugal,Matheus Nunes,1998-08-27,27.8,,MF,Manchester City,6,20,2,False,1,0,0,0,26worldcup (Wikipedia),2026-07-13T08:49:41.814862+00:00
Portugal,Bruno Fernandes,1994-09-08,31.8,,MF,Manchester United,8,89,29,False,5,0,0,0,26worldcup (Wikipedia),2026-07-13T08:49:41.814862+00:00
Portugal,Bernardo Silva,1994-08-10,31.8,,MF,Manchester City,10,109,14,False,4,0,2,0,26worldcup (Wikipedia),2026-07-13T08:49:41.814862+00:00
Portugal,João Neves,2004-09-27,21.7,,MF,Paris Saint-Germain,15,22,3,False,5,1,0,0,26worldcup (Wikipedia),2026-07-13T08:49:41.814862+00:00
Portugal,Rúben Neves,1997-03-13,29.2,,MF,Al-Hilal,21,67,1,False,2,0,0,0,26worldcup (Wikipedia),2026-07-13T08:49:41.814862+00:00
Portugal,Vitinha,2000-02-13,26.3,,MF,Paris Saint-Germain,23,38,0,False,5,0,0,0,26worldcup (Wikipedia),2026-07-13T08:49:41.814862+00:00
Portugal,Cristiano Ronaldo,1985-02-05,41.3,,FW,Al-Nassr,7,228,143,False,5,3,0,0,26worldcup (Wikipedia),2026-07-13T08:49:41.814862+00:00
Portugal,Gonçalo Ramos,2001-06-20,25.0,,FW,Paris Saint-Germain,9,25,10,False,2,1,0,0,26worldcup (Wikipedia),2026-07-13T08:49:41.814862+00:00
Portugal,João Félix,1999-11-10,26.6,,FW,Al-Nassr,11,54,12,False,3,0,0,0,26worldcup (Wikipedia),2026-07-13T08:49:41.814862+00:00
Portugal,Francisco Trincão,1999-12-29,26.5,,FW,Sporting CP,16,18,3,False,1,0,0,0,26worldcup (Wikipedia),2026-07-13T08:49:41.814862+00:00
Portugal,Rafael Leão,1999-06-10,27.0,,FW,Milan,17,44,5,False,5,1,0,0,26worldcup (Wikipedia),2026-07-13T08:49:41.814862+00:00
Portugal,Pedro Neto,2000-03-09,26.3,,FW,Chelsea,18,25,3,False,5,0,0,0,26worldcup (Wikipedia),2026-07-13T08:49:41.814862+00:00
Portugal,Gonçalo Guedes,1996-11-29,29.5,,FW,Real Sociedad,19,34,8,False,0,0,0,0,26worldcup (Wikipedia),2026-07-13T08:49:41.814862+00:00
Portugal,Francisco Conceição,2002-12-14,23.5,,FW,Juventus,26,17,4,False,4,0,0,0,26worldcup (Wikipedia),2026-07-13T08:49:41.814862+00:00
Uzbekistan,Utkir Yusupov,1991-01-04,35.4,,GK,Navbahor Namangan,1,40,0,False,1,0,0,0,26worldcup (Wikipedia),2026-07-13T08:49:41.814862+00:00
Uzbekistan,Abduvohid Nematov,2001-03-20,25.2,,GK,Nasaf,12,8,0,False,2,0,0,0,26worldcup (Wikipedia),2026-07-13T08:49:41.814862+00:00
Uzbekistan,Botirali Ergashev,1995-06-23,31.0,,GK,Neftchi Fergana,16,2,0,False,0,0,0,0,26worldcup (Wikipedia),2026-07-13T08:49:41.814862+00:00
Uzbekistan,Abdukodir Khusanov,2004-02-29,22.3,,DF,Manchester City,2,27,0,False,3,0,2,0,26worldcup (Wikipedia),2026-07-13T08:49:41.814862+00:00
Uzbekistan,Khojiakbar Alijonov,1997-04-19,29.1,,DF,Pakhtakor,3,40,2,False,2,0,0,0,26worldcup (Wikipedia),2026-07-13T08:49:41.814862+00:00
Uzbekistan,Farrukh Sayfiev,1991-01-17,35.4,,DF,Neftchi Fergana,4,46,1,False,1,0,0,0,26worldcup (Wikipedia),2026-07-13T08:49:41.814862+00:00
Uzbekistan,Rustam Ashurmatov,1996-07-07,29.9,,DF,Esteghlal,5,49,1,False,3,0,0,0,26worldcup (Wikipedia),2026-07-13T08:49:41.814862+00:00
Uzbekistan,Sherzod Nasrullaev,1998-07-23,27.9,,DF,Nasaf,13,31,2,False,3,0,1,0,26worldcup (Wikipedia),2026-07-13T08:49:41.814862+00:00
Uzbekistan,Umar Eshmurodov,1992-11-30,33.5,,DF,Nasaf,15,29,0,False,0,0,0,0,26worldcup (Wikipedia),2026-07-13T08:49:41.814862+00:00
Uzbekistan,Abdulla Abdullaev,1997-09-01,28.8,,DF,Dibba,18,17,0,False,2,0,0,0,26worldcup (Wikipedia),2026-07-13T08:49:41.814862+00:00
Uzbekistan,Bekhruz Karimov,2007-08-07,18.8,,DF,Surkhon Termiz,24,2,0,False,2,0,0,0,26worldcup (Wikipedia),2026-07-13T08:49:41.814862+00:00
Uzbekistan,Avazbek Ulmasaliev,2000-03-27,26.2,,DF,AGMK,25,0,0,False,0,0,0,0,26worldcup (Wikipedia),2026-07-13T08:49:41.814862+00:00
Uzbekistan,Jakhongir Urozov,2004-01-18,22.4,,DF,Dinamo Samarqand,26,4,0,False,2,0,0,0,26worldcup (Wikipedia),2026-07-13T08:49:41.814862+00:00
Uzbekistan,Akmal Mozgovoy,1999-04-02,27.2,,MF,Pakhtakor,6,25,1,False,3,0,0,0,26worldcup (Wikipedia),2026-07-13T08:49:41.814862+00:00
Uzbekistan,Otabek Shukurov,1996-06-22,30.0,,MF,Baniyas,7,84,9,False,3,0,0,0,26worldcup (Wikipedia),2026-07-13T08:49:41.814862+00:00
Uzbekistan,Jamshid Iskanderov,1993-10-16,32.7,,MF,Neftchi Fergana,8,38,4,False,1,0,0,0,26worldcup (Wikipedia),2026-07-13T08:49:41.814862+00:00
Uzbekistan,Odiljon Hamrobekov,1996-02-13,30.3,,MF,Tractor,9,72,1,False,2,0,1,0,26worldcup (Wikipedia),2026-07-13T08:49:41.814862+00:00
Uzbekistan,Ruslanbek Jiyanov,2001-06-05,25.0,,MF,Navbahor Namangan,10,5,0,False,1,0,0,0,26worldcup (Wikipedia),2026-07-13T08:49:41.814862+00:00
Uzbekistan,Oston Urunov,2000-12-19,25.5,,MF,Persepolis,11,42,10,False,2,0,0,0,26worldcup (Wikipedia),2026-07-13T08:49:41.814862+00:00
Uzbekistan,Dostonbek Khamdamov,1996-07-24,29.9,,MF,Pakhtakor,17,34,5,False,2,0,0,0,26worldcup (Wikipedia),2026-07-13T08:49:41.814862+00:00
Uzbekistan,Azizjon Ganiev,1998-02-22,28.3,,MF,Al Bataeh,19,19,0,False,2,0,0,0,26worldcup (Wikipedia),2026-07-13T08:49:41.814862+00:00
Uzbekistan,Abbosbek Fayzullaev,2003-10-03,22.7,,MF,İstanbul Başakşehir,22,32,8,False,3,1,0,0,26worldcup (Wikipedia),2026-07-13T08:49:41.814862+00:00
Uzbekistan,Sherzod Esanov,2003-02-01,23.4,,MF,Bukhara,23,1,0,False,1,0,0,0,26worldcup (Wikipedia),2026-07-13T08:49:41.814862+00:00
Uzbekistan,Eldor Shomurodov,1995-06-29,31.0,,FW,İstanbul Başakşehir,14,92,44,False,3,1,0,0,26worldcup (Wikipedia),2026-07-13T08:49:41.814862+00:00
Uzbekistan,Azizbek Amonov,1997-10-30,28.6,,FW,Dinamo Samarqand,20,12,2,False,1,0,0,0,26worldcup (Wikipedia),2026-07-13T08:49:41.814862+00:00
Uzbekistan,Igor Sergeev,1993-04-30,33.1,,FW,Persepolis,21,83,25,False,3,0,0,0,26worldcup (Wikipedia),2026-07-13T08:49:41.814862+00:00
Croatia,Dominik Livaković,1995-01-09,31.4,,GK,Dinamo Zagreb,1,75,0,False,4,0,0,0,26worldcup (Wikipedia),2026-07-13T08:49:41.814862+00:00
Croatia,Ivor Pandur,2000-03-25,26.2,,GK,Hull City,12,0,0,False,0,0,0,0,26worldcup (Wikipedia),2026-07-13T08:49:41.814862+00:00
Croatia,Dominik Kotarski,2000-02-10,26.3,,GK,Copenhagen,23,4,0,False,0,0,0,0,26worldcup (Wikipedia),2026-07-13T08:49:41.814862+00:00
Croatia,Josip Stanišić,2000-04-02,26.2,,DF,Bayern Munich,2,31,0,False,4,0,0,0,26worldcup (Wikipedia),2026-07-13T08:49:41.814862+00:00
Croatia,Marin Pongračić,1997-09-11,28.7,,DF,Fiorentina,3,20,0,False,3,0,0,0,26worldcup (Wikipedia),2026-07-13T08:49:41.814862+00:00
Croatia,Joško Gvardiol,2002-01-23,24.4,,DF,Manchester City,4,48,4,False,4,0,0,0,26worldcup (Wikipedia),2026-07-13T08:49:41.814862+00:00
Croatia,Duje Ćaleta-Car,1996-09-17,29.7,,DF,Real Sociedad,5,38,1,False,0,0,0,0,26worldcup (Wikipedia),2026-07-13T08:49:41.814862+00:00
Croatia,Josip Šutalo,2000-02-28,26.3,,DF,Ajax,6,33,0,False,4,0,0,0,26worldcup (Wikipedia),2026-07-13T08:49:41.814862+00:00
Croatia,Kristijan Jakić,1997-05-14,29.1,,DF,FC Augsburg,18,17,2,False,0,0,0,0,26worldcup (Wikipedia),2026-07-13T08:49:41.814862+00:00
Croatia,Luka Vušković,2007-02-24,19.3,,DF,Hamburger SV,22,5,1,False,1,0,0,0,26worldcup (Wikipedia),2026-07-13T08:49:41.814862+00:00
Croatia,Martin Erlić,1998-01-24,28.4,,DF,Midtjylland,25,13,1,False,0,0,0,0,26worldcup (Wikipedia),2026-07-13T08:49:41.814862+00:00
Croatia,Nikola Moro,1998-03-12,28.2,,MF,Bologna,7,10,0,False,0,0,0,0,26worldcup (Wikipedia),2026-07-13T08:49:41.814862+00:00
Croatia,Mateo Kovačić,1994-05-06,32.1,,MF,Manchester City,8,113,5,False,4,0,0,0,26worldcup (Wikipedia),2026-07-13T08:49:41.814862+00:00
Croatia,Luka Modrić,1985-09-09,40.8,,MF,Milan,10,198,29,False,4,0,1,0,26worldcup (Wikipedia),2026-07-13T08:49:41.814862+00:00
Croatia,Nikola Vlašić,1997-10-04,28.7,,MF,Torino,13,63,10,False,3,1,0,0,26worldcup (Wikipedia),2026-07-13T08:49:41.814862+00:00
Croatia,Mario Pašalić,1995-02-09,31.3,,MF,Atalanta,15,85,12,False,4,0,0,0,26worldcup (Wikipedia),2026-07-13T08:49:41.814862+00:00
Croatia,Martin Baturina,2003-02-16,23.3,,MF,Como,16,19,1,False,4,1,0,0,26worldcup (Wikipedia),2026-07-13T08:49:41.814862+00:00
Croatia,Petar Sučić,2003-10-25,22.6,,MF,Inter Milan,17,17,1,False,4,1,1,0,26worldcup (Wikipedia),2026-07-13T08:49:41.814862+00:00
Croatia,Toni Fruk,2001-03-09,25.3,,MF,Rijeka,19,7,1,False,0,0,0,0,26worldcup (Wikipedia),2026-07-13T08:49:41.814862+00:00
Croatia,Luka Sučić,2002-09-08,23.8,,MF,Real Sociedad,21,21,1,False,1,0,0,0,26worldcup (Wikipedia),2026-07-13T08:49:41.814862+00:00
Croatia,Andrej Kramarić,1991-06-19,35.0,,FW,TSG Hoffenheim,9,116,36,False,3,0,0,0,26worldcup (Wikipedia),2026-07-13T08:49:41.814862+00:00
Croatia,Ante Budimir,1991-07-22,34.9,,FW,Osasuna,11,38,6,False,3,1,0,0,26worldcup (Wikipedia),2026-07-13T08:49:41.814862+00:00
Croatia,Ivan Perišić,1989-02-02,37.4,,FW,PSV Eindhoven,14,154,38,False,4,1,2,0,26worldcup (Wikipedia),2026-07-13T08:49:41.814862+00:00
Croatia,Igor Matanović,2003-03-31,23.2,,FW,SC Freiburg,20,9,2,False,3,0,0,0,26worldcup (Wikipedia),2026-07-13T08:49:41.814862+00:00
Croatia,Marco Pašalić,2000-09-14,25.7,,FW,Orlando City SC,24,15,1,False,3,0,0,0,26worldcup (Wikipedia),2026-07-13T08:49:41.814862+00:00
Croatia,Petar Musa,1998-03-04,28.3,,FW,FC Dallas,26,11,1,False,2,1,0,0,26worldcup (Wikipedia),2026-07-13T08:49:41.814862+00:00
England,Jordan Pickford,1994-03-07,32.3,,GK,Everton,1,84,0,False,6,0,0,0,26worldcup (Wikipedia),2026-07-13T08:49:41.814862+00:00
England,Dean Henderson,1997-03-12,29.2,,GK,Crystal Palace,13,5,0,False,0,0,0,0,26worldcup (Wikipedia),2026-07-13T08:49:41.814862+00:00
England,James Trafford,2002-10-10,23.7,,GK,Manchester City,23,2,0,False,0,0,0,0,26worldcup (Wikipedia),2026-07-13T08:49:41.814862+00:00
England,Ezri Konsa,1997-10-23,28.6,,DF,Aston Villa,2,20,1,False,6,0,0,0,26worldcup (Wikipedia),2026-07-13T08:49:41.814862+00:00
England,Nico O'Reilly,2005-03-21,21.2,,DF,Manchester City,3,5,0,False,6,0,1,0,26worldcup (Wikipedia),2026-07-13T08:49:41.814862+00:00
England,John Stones,1994-05-28,32.0,,DF,Manchester City,5,89,3,False,4,0,0,0,26worldcup (Wikipedia),2026-07-13T08:49:41.814862+00:00
England,Marc Guéhi,2000-07-13,25.9,,DF,Manchester City,6,29,1,False,6,0,1,0,26worldcup (Wikipedia),2026-07-13T08:49:41.814862+00:00
England,Trevoh Chalobah,1999-07-05,26.9,,DF,Chelsea,12,1,0,False,0,0,0,0,26worldcup (Wikipedia),2026-07-13T08:49:41.814862+00:00
England,Dan Burn,1992-05-09,34.1,,DF,Newcastle United,15,8,0,False,2,0,0,0,26worldcup (Wikipedia),2026-07-13T08:49:41.814862+00:00
England,Reece James,1999-12-08,26.5,,DF,Chelsea,24,24,1,False,3,0,0,0,26worldcup (Wikipedia),2026-07-13T08:49:41.814862+00:00
England,Djed Spence,2000-08-09,25.8,,DF,Tottenham Hotspur,25,6,0,False,6,0,0,0,26worldcup (Wikipedia),2026-07-13T08:49:41.814862+00:00
England,Jarell Quansah,2003-01-29,23.4,,DF,Bayer Leverkusen,26,3,0,False,2,0,1,1,26worldcup (Wikipedia),2026-07-13T08:49:41.814862+00:00
England,Declan Rice,1999-01-14,27.4,,MF,Arsenal,4,73,7,False,5,0,2,0,26worldcup (Wikipedia),2026-07-13T08:49:41.814862+00:00
England,Elliot Anderson,2002-11-06,23.6,,MF,Nottingham Forest,8,9,0,False,6,0,0,0,26worldcup (Wikipedia),2026-07-13T08:49:41.814862+00:00
England,Jude Bellingham,2003-06-29,23.0,,MF,Real Madrid,10,48,6,False,6,6,1,0,26worldcup (Wikipedia),2026-07-13T08:49:41.814862+00:00
England,Jordan Henderson,1990-06-17,36.0,,MF,Brentford,14,90,3,False,1,0,1,0,26worldcup (Wikipedia),2026-07-13T08:49:41.814862+00:00
England,Kobbie Mainoo,2005-04-19,21.1,,MF,Manchester United,16,14,0,False,0,0,0,0,26worldcup (Wikipedia),2026-07-13T08:49:41.814862+00:00
England,Morgan Rogers,2002-07-26,23.9,,MF,Aston Villa,17,15,1,False,5,0,0,0,26worldcup (Wikipedia),2026-07-13T08:49:41.814862+00:00
England,Eberechi Eze,1998-06-29,28.0,,MF,Arsenal,21,17,3,False,4,0,0,0,26worldcup (Wikipedia),2026-07-13T08:49:41.814862+00:00
England,Bukayo Saka,2001-09-05,24.8,,FW,Arsenal,7,49,14,False,6,0,0,0,26worldcup (Wikipedia),2026-07-13T08:49:41.814862+00:00
England,Harry Kane,1993-07-28,32.9,,FW,Bayern Munich,9,114,79,False,6,6,0,0,26worldcup (Wikipedia),2026-07-13T08:49:41.814862+00:00
England,Marcus Rashford,1997-10-31,28.6,,FW,Barcelona,11,72,18,False,4,1,0,0,26worldcup (Wikipedia),2026-07-13T08:49:41.814862+00:00
England,Anthony Gordon,2001-02-24,25.3,,FW,Newcastle United,18,19,3,False,5,0,0,0,26worldcup (Wikipedia),2026-07-13T08:49:41.814862+00:00
England,Ollie Watkins,1995-12-30,30.4,,FW,Aston Villa,19,22,7,False,1,0,0,0,26worldcup (Wikipedia),2026-07-13T08:49:41.814862+00:00
England,Noni Madueke,2002-03-10,24.3,,FW,Arsenal,20,11,1,False,5,0,0,0,26worldcup (Wikipedia),2026-07-13T08:49:41.814862+00:00
England,Ivan Toney,1996-03-16,30.2,,FW,Al-Ahli,22,8,1,False,0,0,0,0,26worldcup (Wikipedia),2026-07-13T08:49:41.814862+00:00
Ghana,Lawrence Ati-Zigi,1996-11-29,29.5,,GK,St. Gallen,1,29,0,False,2,0,0,0,26worldcup (Wikipedia),2026-07-13T08:49:41.814862+00:00
Ghana,Joseph Anang,2000-06-08,26.0,,GK,St Patrick's Athletic,12,1,0,False,0,0,0,0,26worldcup (Wikipedia),2026-07-13T08:49:41.814862+00:00
Ghana,Benjamin Asare,1992-07-13,33.9,,GK,Hearts of Oak,16,11,0,False,3,0,0,0,26worldcup (Wikipedia),2026-07-13T08:49:41.814862+00:00
Ghana,Alidu Seidu,2000-06-04,26.0,,DF,Rennes,2,24,1,False,1,0,1,0,26worldcup (Wikipedia),2026-07-13T08:49:41.814862+00:00
Ghana,Jonas Adjetey,2003-12-13,22.5,,DF,VfL Wolfsburg,4,10,0,False,3,0,0,0,26worldcup (Wikipedia),2026-07-13T08:49:41.814862+00:00
Ghana,Abdul Mumin,1998-06-06,28.0,,DF,Rayo Vallecano,6,5,0,False,0,0,0,0,26worldcup (Wikipedia),2026-07-13T08:49:41.814862+00:00
Ghana,Gideon Mensah,1998-07-18,27.9,,DF,Auxerre,14,40,0,False,4,0,0,0,26worldcup (Wikipedia),2026-07-13T08:49:41.814862+00:00
Ghana,Abdul Rahman Baba,1994-07-02,31.9,,DF,PAOK,17,51,1,False,1,0,0,0,26worldcup (Wikipedia),2026-07-13T08:49:41.814862+00:00
Ghana,Jerome Opoku,1998-10-14,27.7,,DF,İstanbul Başakşehir,18,11,1,False,3,0,0,0,26worldcup (Wikipedia),2026-07-13T08:49:41.814862+00:00
Ghana,Kojo Peprah Oppong,2004-06-04,22.0,,DF,Nice,21,4,0,False,2,0,1,0,26worldcup (Wikipedia),2026-07-13T08:49:41.814862+00:00
Ghana,Derrick Luckassen,1995-07-03,30.9,,DF,Pafos,23,1,0,False,2,1,0,0,26worldcup (Wikipedia),2026-07-13T08:49:41.814862+00:00
Ghana,Marvin Senaya,2001-01-28,25.4,,DF,Auxerre,26,2,0,False,4,0,0,0,26worldcup (Wikipedia),2026-07-13T08:49:41.814862+00:00
Ghana,Caleb Yirenkyi,2006-01-15,20.4,,MF,Nordsjælland,3,11,1,False,4,1,2,0,26worldcup (Wikipedia),2026-07-13T08:49:41.814862+00:00
Ghana,Thomas Partey,1993-06-13,33.0,,MF,Villarreal,5,57,15,False,3,0,0,0,26worldcup (Wikipedia),2026-07-13T08:49:41.814862+00:00
Ghana,Kwasi Sibo,1998-06-24,28.0,,MF,Oviedo,8,8,0,False,4,0,0,0,26worldcup (Wikipedia),2026-07-13T08:49:41.814862+00:00
Ghana,Antoine Semenyo,2000-01-07,26.4,,MF,Manchester City,11,34,3,False,4,0,0,0,26worldcup (Wikipedia),2026-07-13T08:49:41.814862+00:00
Ghana,Elisha Owusu,1997-11-07,28.6,,MF,Auxerre,15,20,0,False,3,0,0,0,26worldcup (Wikipedia),2026-07-13T08:49:41.814862+00:00
Ghana,Augustine Boakye,2000-11-03,25.6,,MF,Saint-Étienne,20,0,0,False,0,0,0,0,26worldcup (Wikipedia),2026-07-13T08:49:41.814862+00:00
Ghana,Abdul Fatawu,2004-03-08,22.3,,FW,Leicester City,7,28,3,False,4,0,1,0,26worldcup (Wikipedia),2026-07-13T08:49:41.814862+00:00
Ghana,Jordan Ayew,1991-09-11,34.7,,FW,Leicester City,9,120,34,False,4,0,0,0,26worldcup (Wikipedia),2026-07-13T08:49:41.814862+00:00
Ghana,Brandon Thomas-Asante,1998-12-29,27.4,,FW,Coventry City,10,8,1,False,2,0,0,0,26worldcup (Wikipedia),2026-07-13T08:49:41.814862+00:00
Ghana,Christopher Bonsu Baah,2004-12-14,21.5,,FW,Al-Qadsiah,13,9,0,False,0,0,0,0,26worldcup (Wikipedia),2026-07-13T08:49:41.814862+00:00
Ghana,Iñaki Williams,1994-06-15,32.0,,FW,Athletic Bilbao,19,26,2,False,2,0,1,0,26worldcup (Wikipedia),2026-07-13T08:49:41.814862+00:00
Ghana,Kamaldeen Sulemana,2002-02-15,24.3,,FW,Atalanta,22,28,1,False,2,0,0,0,26worldcup (Wikipedia),2026-07-13T08:49:41.814862+00:00
Ghana,Ernest Nuamah,2003-11-01,22.6,,FW,Lyon,24,18,4,False,3,0,0,0,26worldcup (Wikipedia),2026-07-13T08:49:41.814862+00:00
Ghana,Prince Kwabena Adu,2003-09-23,22.7,,FW,Viktoria Plzeň,25,5,0,False,3,0,0,0,26worldcup (Wikipedia),2026-07-13T08:49:41.814862+00:00
Panama,Luis Mejía,1991-03-16,35.2,,GK,Nacional,1,56,0,False,0,0,0,0,26worldcup (Wikipedia),2026-07-13T08:49:41.814862+00:00
Panama,César Samudio,1994-02-23,32.3,,GK,Marathón,12,5,0,False,0,0,0,0,26worldcup (Wikipedia),2026-07-13T08:49:41.814862+00:00
Panama,Orlando Mosquera,1994-12-25,31.5,,GK,Al-Fayha,22,48,0,False,3,0,0,0,26worldcup (Wikipedia),2026-07-13T08:49:41.814862+00:00
Panama,César Blackman,1998-04-02,28.2,,DF,Slovan Bratislava,2,40,3,False,2,0,1,0,26worldcup (Wikipedia),2026-07-13T08:49:41.814862+00:00
Panama,José Córdoba,2001-06-03,25.0,,DF,Norwich City,3,32,1,False,3,0,0,0,26worldcup (Wikipedia),2026-07-13T08:49:41.814862+00:00
Panama,Fidel Escobar,1995-01-09,31.4,,DF,Saprissa,4,99,4,False,1,0,0,0,26worldcup (Wikipedia),2026-07-13T08:49:41.814862+00:00
Panama,Edgardo Fariña,2001-10-19,24.6,,DF,Pari Nizhny Novgorod,5,18,0,False,0,0,0,0,26worldcup (Wikipedia),2026-07-13T08:49:41.814862+00:00
Panama,Jiovany Ramos,1997-01-26,29.4,,DF,Puerto Cabello,13,23,2,False,2,0,0,0,26worldcup (Wikipedia),2026-07-13T08:49:41.814862+00:00
Panama,Carlos Harvey,2000-02-03,26.4,,DF,Minnesota United FC,14,28,3,False,3,0,1,0,26worldcup (Wikipedia),2026-07-13T08:49:41.814862+00:00
Panama,Eric Davis,1991-03-31,35.2,,DF,Plaza Amador,15,107,9,False,2,0,0,0,26worldcup (Wikipedia),2026-07-13T08:49:41.814862+00:00
Panama,Andrés Andrade,1998-10-16,27.7,,DF,LASK,16,50,1,False,3,0,1,0,26worldcup (Wikipedia),2026-07-13T08:49:41.814862+00:00
Panama,Michael Amir Murillo,1996-02-11,30.3,,DF,Beşiktaş,23,94,9,False,3,0,0,0,26worldcup (Wikipedia),2026-07-13T08:49:41.814862+00:00
Panama,Roderick Miller,1992-04-03,34.2,,DF,Turan Tovuz,25,50,2,False,0,0,0,0,26worldcup (Wikipedia),2026-07-13T08:49:41.814862+00:00
Panama,Jorge Gutiérrez,1998-09-01,27.8,,DF,Deportivo La Guaira,26,18,0,False,1,0,0,0,26worldcup (Wikipedia),2026-07-13T08:49:41.814862+00:00
Panama,Cristian Martínez,1997-02-06,29.3,,MF,Ironi Kiryat Shmona,6,66,2,False,3,0,0,0,26worldcup (Wikipedia),2026-07-13T08:49:41.814862+00:00
Panama,José Luis Rodríguez,1998-06-19,28.0,,MF,Juárez,7,70,8,False,3,0,0,0,26worldcup (Wikipedia),2026-07-13T08:49:41.814862+00:00
Panama,Adalberto Carrasquilla,1998-11-28,27.5,,MF,Pumas UNAM,8,73,3,False,0,0,0,0,26worldcup (Wikipedia),2026-07-13T08:49:41.814862+00:00
Panama,Ismael Díaz,1997-05-12,29.1,,MF,León,10,57,17,False,2,0,0,0,26worldcup (Wikipedia),2026-07-13T08:49:41.814862+00:00
Panama,Yoel Bárcenas,1993-10-23,32.6,,MF,Mazatlán,11,104,10,False,3,0,1,0,26worldcup (Wikipedia),2026-07-13T08:49:41.814862+00:00
Panama,Alberto Quintero,1987-12-18,38.5,,MF,Plaza Amador,19,141,7,False,1,0,0,0,26worldcup (Wikipedia),2026-07-13T08:49:41.814862+00:00
Panama,Aníbal Godoy,1990-02-10,36.3,,MF,San Diego FC,20,159,4,False,1,0,0,0,26worldcup (Wikipedia),2026-07-13T08:49:41.814862+00:00
Panama,César Yanis,1996-01-28,30.4,,MF,Cobresal,21,56,5,False,0,0,0,0,26worldcup (Wikipedia),2026-07-13T08:49:41.814862+00:00
Panama,Tomás Rodríguez,1999-03-09,27.3,,FW,Saprissa,9,13,4,False,2,0,0,0,26worldcup (Wikipedia),2026-07-13T08:49:41.814862+00:00
Panama,José Fajardo,1993-08-18,32.8,,FW,Universidad Católica,17,68,17,False,3,0,1,0,26worldcup (Wikipedia),2026-07-13T08:49:41.814862+00:00
Panama,Cecilio Waterman,1991-04-13,35.2,,FW,Universidad de Concepción,18,55,15,False,2,0,0,0,26worldcup (Wikipedia),2026-07-13T08:49:41.814862+00:00
Panama,Azarias Londoño,2001-06-21,25.0,,FW,Universidad Católica,24,11,0,False,3,0,0,0,26worldcup (Wikipedia),2026-07-13T08:49:41.814862+00:00
