team,player_name,birth_date,age_years,market_value_eur,position,club,source,retrieved_at
France,Robin Risser,,,30000000.0,,,transfermarkt,2026-07-14T01:28:40.752004+00:00
France,Mike Maignan,,,20000000.0,,,transfermarkt,2026-07-14T01:28:40.752004+00:00
France,Brice Samba,,,7000000.0,,,transfermarkt,2026-07-14T01:28:40.752004+00:00
France,William Saliba,,,100000000.0,,,transfermarkt,2026-07-14T01:28:40.752004+00:00
France,Dayot Upamecano,,,70000000.0,,,transfermarkt,2026-07-14T01:28:40.752004+00:00
France,Maxence Lacroix,,,50000000.0,,,transfermarkt,2026-07-14T01:28:40.752004+00:00
France,Ibrahima Konaté,,,45000000.0,,,transfermarkt,2026-07-14T01:28:40.752004+00:00
France,Theo Hernández,,,20000000.0,,,transfermarkt,2026-07-14T01:28:40.752004+00:00
France,Lucas Hernández,,,18000000.0,,,transfermarkt,2026-07-14T01:28:40.752004+00:00
France,Lucas Digne,,,6000000.0,,,transfermarkt,2026-07-14T01:28:40.752004+00:00
France,Jules Koundé,,,60000000.0,,,transfermarkt,2026-07-14T01:28:40.752004+00:00
France,Malo Gusto,,,35000000.0,,,transfermarkt,2026-07-14T01:28:40.752004+00:00
France,Aurélien Tchouaméni,,,70000000.0,,,transfermarkt,2026-07-14T01:28:40.752004+00:00
France,N'Golo Kanté,,,4000000.0,,,transfermarkt,2026-07-14T01:28:40.752004+00:00
France,Warren Zaïre-Emery,,,80000000.0,,,transfermarkt,2026-07-14T01:28:40.752004+00:00
France,Manu Koné,,,50000000.0,,,transfermarkt,2026-07-14T01:28:40.752004+00:00
France,Adrien Rabiot,,,18000000.0,,,transfermarkt,2026-07-14T01:28:40.752004+00:00
France,Rayan Cherki,,,90000000.0,,,transfermarkt,2026-07-14T01:28:40.752004+00:00
France,Bradley Barcola,,,70000000.0,,,transfermarkt,2026-07-14T01:28:40.752004+00:00
France,Michael Olise,,,150000000.0,,,transfermarkt,2026-07-14T01:28:40.752004+00:00
France,Désiré Doué,,,120000000.0,,,transfermarkt,2026-07-14T01:28:40.752004+00:00
France,Maghnes Akliouche,,,50000000.0,,,transfermarkt,2026-07-14T01:28:40.752004+00:00
France,Kylian Mbappé,,,180000000.0,,,transfermarkt,2026-07-14T01:28:40.752004+00:00
France,Ousmane Dembélé,,,100000000.0,,,transfermarkt,2026-07-14T01:28:40.752004+00:00
France,Marcus Thuram,,,50000000.0,,,transfermarkt,2026-07-14T01:28:40.752004+00:00
France,Jean-Philippe Mateta,,,30000000.0,,,transfermarkt,2026-07-14T01:28:40.752004+00:00
England,Dean Henderson,,,28000000.0,,,transfermarkt,2026-07-14T01:28:45.354515+00:00
England,James Trafford,,,25000000.0,,,transfermarkt,2026-07-14T01:28:45.354515+00:00
England,Jordan Pickford,,,13000000.0,,,transfermarkt,2026-07-14T01:28:45.354515+00:00
England,Marc Guéhi,,,70000000.0,,,transfermarkt,2026-07-14T01:28:45.354515+00:00
England,Jarell Quansah,,,45000000.0,,,transfermarkt,2026-07-14T01:28:45.354515+00:00
England,Ezri Konsa,,,40000000.0,,,transfermarkt,2026-07-14T01:28:45.354515+00:00
England,Trevoh Chalobah,,,40000000.0,,,transfermarkt,2026-07-14T01:28:45.354515+00:00
England,John Stones,,,12000000.0,,,transfermarkt,2026-07-14T01:28:45.354515+00:00
England,Dan Burn,,,4000000.0,,,transfermarkt,2026-07-14T01:28:45.354515+00:00
England,Nico O'Reilly,,,70000000.0,,,transfermarkt,2026-07-14T01:28:45.354515+00:00
England,Djed Spence,,,30000000.0,,,transfermarkt,2026-07-14T01:28:45.354515+00:00
England,Reece James,,,60000000.0,,,transfermarkt,2026-07-14T01:28:45.354515+00:00
England,Jordan Henderson,,,1200000.0,,,transfermarkt,2026-07-14T01:28:45.354515+00:00
England,Declan Rice,,,120000000.0,,,transfermarkt,2026-07-14T01:28:45.354515+00:00
England,Elliot Anderson,,,75000000.0,,,transfermarkt,2026-07-14T01:28:45.354515+00:00
England,Kobbie Mainoo,,,70000000.0,,,transfermarkt,2026-07-14T01:28:45.354515+00:00
England,Jude Bellingham,,,130000000.0,,,transfermarkt,2026-07-14T01:28:45.354515+00:00
England,Morgan Rogers,,,90000000.0,,,transfermarkt,2026-07-14T01:28:45.354515+00:00
England,Eberechi Eze,,,65000000.0,,,transfermarkt,2026-07-14T01:28:45.354515+00:00
England,Anthony Gordon,,,65000000.0,,,transfermarkt,2026-07-14T01:28:45.354515+00:00
England,Marcus Rashford,,,40000000.0,,,transfermarkt,2026-07-14T01:28:45.354515+00:00
England,Bukayo Saka,,,110000000.0,,,transfermarkt,2026-07-14T01:28:45.354515+00:00
England,Noni Madueke,,,50000000.0,,,transfermarkt,2026-07-14T01:28:45.354515+00:00
England,Harry Kane,,,60000000.0,,,transfermarkt,2026-07-14T01:28:45.354515+00:00
England,Ollie Watkins,,,25000000.0,,,transfermarkt,2026-07-14T01:28:45.354515+00:00
England,Ivan Toney,,,20000000.0,,,transfermarkt,2026-07-14T01:28:45.354515+00:00
Spain,Joan García,,,45000000.0,,,transfermarkt,2026-07-14T01:28:48.505742+00:00
Spain,David Raya,,,30000000.0,,,transfermarkt,2026-07-14T01:28:48.505742+00:00
Spain,Unai Simón,,,22000000.0,,,transfermarkt,2026-07-14T01:28:48.505742+00:00
Spain,Pau Cubarsí,,,80000000.0,,,transfermarkt,2026-07-14T01:28:48.505742+00:00
Spain,Eric García,,,40000000.0,,,transfermarkt,2026-07-14T01:28:48.505742+00:00
Spain,Marc Pubill,,,35000000.0,,,transfermarkt,2026-07-14T01:28:48.505742+00:00
Spain,Aymeric Laporte,,,8000000.0,,,transfermarkt,2026-07-14T01:28:48.505742+00:00
Spain,Marc Cucurella,,,50000000.0,,,transfermarkt,2026-07-14T01:28:48.505742+00:00
Spain,Alejandro Grimaldo,,,20000000.0,,,transfermarkt,2026-07-14T01:28:48.505742+00:00
Spain,Pedro Porro,,,35000000.0,,,transfermarkt,2026-07-14T01:28:48.505742+00:00
Spain,Marcos Llorente,,,20000000.0,,,transfermarkt,2026-07-14T01:28:48.505742+00:00
Spain,Martín Zubimendi,,,75000000.0,,,transfermarkt,2026-07-14T01:28:48.505742+00:00
Spain,Rodri,,,50000000.0,,,transfermarkt,2026-07-14T01:28:48.505742+00:00
Spain,Pedri,,,150000000.0,,,transfermarkt,2026-07-14T01:28:48.505742+00:00
Spain,Fabián Ruiz,,,30000000.0,,,transfermarkt,2026-07-14T01:28:48.505742+00:00
Spain,Gavi,,,30000000.0,,,transfermarkt,2026-07-14T01:28:48.505742+00:00
Spain,Mikel Merino,,,25000000.0,,,transfermarkt,2026-07-14T01:28:48.505742+00:00
Spain,Dani Olmo,,,60000000.0,,,transfermarkt,2026-07-14T01:28:48.505742+00:00
Spain,Álex Baena,,,40000000.0,,,transfermarkt,2026-07-14T01:28:48.505742+00:00
Spain,Nico Williams,,,40000000.0,,,transfermarkt,2026-07-14T01:28:48.505742+00:00
Spain,Víctor Muñoz,,,30000000.0,,,transfermarkt,2026-07-14T01:28:48.505742+00:00
Spain,Lamine Yamal,,,200000000.0,,,transfermarkt,2026-07-14T01:28:48.505742+00:00
Spain,Yéremy Pino,,,30000000.0,,,transfermarkt,2026-07-14T01:28:48.505742+00:00
Spain,Ferran Torres,,,50000000.0,,,transfermarkt,2026-07-14T01:28:48.505742+00:00
Spain,Mikel Oyarzabal,,,25000000.0,,,transfermarkt,2026-07-14T01:28:48.505742+00:00
Spain,Borja Iglesias,,,2800000.0,,,transfermarkt,2026-07-14T01:28:48.505742+00:00
Argentina,Emiliano Martínez,,,12000000.0,,,transfermarkt,2026-07-14T01:28:55.758861+00:00
Argentina,Gerónimo Rulli,,,6000000.0,,,transfermarkt,2026-07-14T01:28:55.758861+00:00
Argentina,Juan Musso,,,3000000.0,,,transfermarkt,2026-07-14T01:28:55.758861+00:00
Argentina,Cristian Romero,,,45000000.0,,,transfermarkt,2026-07-14T01:28:55.758861+00:00
Argentina,Lisandro Martínez,,,40000000.0,,,transfermarkt,2026-07-14T01:28:55.758861+00:00
Argentina,Marcos Senesi,,,25000000.0,,,transfermarkt,2026-07-14T01:28:55.758861+00:00
Argentina,Facundo Medina,,,18000000.0,,,transfermarkt,2026-07-14T01:28:55.758861+00:00
Argentina,Nicolás Otamendi,,,1000000.0,,,transfermarkt,2026-07-14T01:28:55.758861+00:00
Argentina,Nicolás Tagliafico,,,4000000.0,,,transfermarkt,2026-07-14T01:28:55.758861+00:00
Argentina,Nahuel Molina,,,15000000.0,,,transfermarkt,2026-07-14T01:28:55.758861+00:00
Argentina,Gonzalo Montiel,,,4500000.0,,,transfermarkt,2026-07-14T01:28:55.758861+00:00
Argentina,Leandro Paredes,,,5000000.0,,,transfermarkt,2026-07-14T01:28:55.758861+00:00
Argentina,Enzo Fernández,,,90000000.0,,,transfermarkt,2026-07-14T01:28:55.758861+00:00
Argentina,Alexis Mac Allister,,,70000000.0,,,transfermarkt,2026-07-14T01:28:55.758861+00:00
Argentina,Valentín Barco,,,40000000.0,,,transfermarkt,2026-07-14T01:28:55.758861+00:00
Argentina,Exequiel Palacios,,,25000000.0,,,transfermarkt,2026-07-14T01:28:55.758861+00:00
Argentina,Rodrigo De Paul,,,14000000.0,,,transfermarkt,2026-07-14T01:28:55.758861+00:00
Argentina,Nico Paz,,,80000000.0,,,transfermarkt,2026-07-14T01:28:55.758861+00:00
Argentina,Giovani Lo Celso,,,8000000.0,,,transfermarkt,2026-07-14T01:28:55.758861+00:00
Argentina,Nico González,,,22000000.0,,,transfermarkt,2026-07-14T01:28:55.758861+00:00
Argentina,Thiago Almada,,,15000000.0,,,transfermarkt,2026-07-14T01:28:55.758861+00:00
Argentina,Giuliano Simeone,,,40000000.0,,,transfermarkt,2026-07-14T01:28:55.758861+00:00
Argentina,Lionel Messi,,,15000000.0,,,transfermarkt,2026-07-14T01:28:55.758861+00:00
Argentina,Julián Alvarez,,,100000000.0,,,transfermarkt,2026-07-14T01:28:55.758861+00:00
Argentina,Lautaro Martínez,,,85000000.0,,,transfermarkt,2026-07-14T01:28:55.758861+00:00
Argentina,José Manuel López,,,25000000.0,,,transfermarkt,2026-07-14T01:28:55.758861+00:00
Portugal,Diogo Costa,,,40000000.0,,,transfermarkt,2026-07-14T01:29:02.132083+00:00
Portugal,Rui Silva,,,7000000.0,,,transfermarkt,2026-07-14T01:29:02.132083+00:00
Portugal,José Sá,,,3500000.0,,,transfermarkt,2026-07-14T01:29:02.132083+00:00
Portugal,Rúben Dias,,,55000000.0,,,transfermarkt,2026-07-14T01:29:02.132083+00:00
Portugal,Gonçalo Inácio,,,40000000.0,,,transfermarkt,2026-07-14T01:29:02.132083+00:00
Portugal,Tomás Araújo,,,30000000.0,,,transfermarkt,2026-07-14T01:29:02.132083+00:00
Portugal,Renato Veiga,,,25000000.0,,,transfermarkt,2026-07-14T01:29:02.132083+00:00
Portugal,Nuno Mendes,,,80000000.0,,,transfermarkt,2026-07-14T01:29:02.132083+00:00
Portugal,Matheus Nunes,,,50000000.0,,,transfermarkt,2026-07-14T01:29:02.132083+00:00
Portugal,Diogo Dalot,,,30000000.0,,,transfermarkt,2026-07-14T01:29:02.132083+00:00
Portugal,João Cancelo,,,8000000.0,,,transfermarkt,2026-07-14T01:29:02.132083+00:00
Portugal,Nélson Semedo,,,6000000.0,,,transfermarkt,2026-07-14T01:29:02.132083+00:00
Portugal,Vitinha,,,140000000.0,,,transfermarkt,2026-07-14T01:29:02.132083+00:00
Portugal,Rúben Neves,,,25000000.0,,,transfermarkt,2026-07-14T01:29:02.132083+00:00
Portugal,Samú Costa,,,15000000.0,,,transfermarkt,2026-07-14T01:29:02.132083+00:00
Portugal,João Neves,,,140000000.0,,,transfermarkt,2026-07-14T01:29:02.132083+00:00
Portugal,Francisco Trincão,,,40000000.0,,,transfermarkt,2026-07-14T01:29:02.132083+00:00
Portugal,Bruno Fernandes,,,35000000.0,,,transfermarkt,2026-07-14T01:29:02.132083+00:00
Portugal,Bernardo Silva,,,22000000.0,,,transfermarkt,2026-07-14T01:29:02.132083+00:00
Portugal,Rafael Leão,,,50000000.0,,,transfermarkt,2026-07-14T01:29:02.132083+00:00
Portugal,Gonçalo Guedes,,,6000000.0,,,transfermarkt,2026-07-14T01:29:02.132083+00:00
Portugal,Pedro Neto,,,60000000.0,,,transfermarkt,2026-07-14T01:29:02.132083+00:00
Portugal,Francisco Conceição,,,30000000.0,,,transfermarkt,2026-07-14T01:29:02.132083+00:00
Portugal,João Félix,,,28000000.0,,,transfermarkt,2026-07-14T01:29:02.132083+00:00
Portugal,Gonçalo Ramos,,,30000000.0,,,transfermarkt,2026-07-14T01:29:02.132083+00:00
Portugal,Cristiano Ronaldo,,,10000000.0,,,transfermarkt,2026-07-14T01:29:02.132083+00:00
Germany,Alexander Nübel,,,12000000.0,,,transfermarkt,2026-07-14T01:29:07.527524+00:00
Germany,Manuel Neuer,,,4000000.0,,,transfermarkt,2026-07-14T01:29:07.527524+00:00
Germany,Oliver Baumann,,,2500000.0,,,transfermarkt,2026-07-14T01:29:07.527524+00:00
Germany,Nico Schlotterbeck,,,55000000.0,,,transfermarkt,2026-07-14T01:29:07.527524+00:00
Germany,Malick Thiaw,,,45000000.0,,,transfermarkt,2026-07-14T01:29:07.527524+00:00
Germany,Jonathan Tah,,,28000000.0,,,transfermarkt,2026-07-14T01:29:07.527524+00:00
Germany,Waldemar Anton,,,18000000.0,,,transfermarkt,2026-07-14T01:29:07.527524+00:00
Germany,Antonio Rüdiger,,,6000000.0,,,transfermarkt,2026-07-14T01:29:07.527524+00:00
Germany,Nathaniel Brown,,,40000000.0,,,transfermarkt,2026-07-14T01:29:07.527524+00:00
Germany,David Raum,,,25000000.0,,,transfermarkt,2026-07-14T01:29:07.527524+00:00
Germany,Aleksandar Pavlovic,,,90000000.0,,,transfermarkt,2026-07-14T01:29:07.527524+00:00
Germany,Angelo Stiller,,,45000000.0,,,transfermarkt,2026-07-14T01:29:07.527524+00:00
Germany,Joshua Kimmich,,,35000000.0,,,transfermarkt,2026-07-14T01:29:07.527524+00:00
Germany,Felix Nmecha,,,50000000.0,,,transfermarkt,2026-07-14T01:29:07.527524+00:00
Germany,Assan Ouédraogo,,,28000000.0,,,transfermarkt,2026-07-14T01:29:07.527524+00:00
Germany,Nadiem Amiri,,,17000000.0,,,transfermarkt,2026-07-14T01:29:07.527524+00:00
Germany,Leon Goretzka,,,12000000.0,,,transfermarkt,2026-07-14T01:29:07.527524+00:00
Germany,Pascal Groß,,,2500000.0,,,transfermarkt,2026-07-14T01:29:07.527524+00:00
Germany,Jamal Musiala,,,100000000.0,,,transfermarkt,2026-07-14T01:29:07.527524+00:00
Germany,Florian Wirtz,,,100000000.0,,,transfermarkt,2026-07-14T01:29:07.527524+00:00
Germany,Jamie Leweling,,,40000000.0,,,transfermarkt,2026-07-14T01:29:07.527524+00:00
Germany,Leroy Sané,,,20000000.0,,,transfermarkt,2026-07-14T01:29:07.527524+00:00
Germany,Kai Havertz,,,55000000.0,,,transfermarkt,2026-07-14T01:29:07.527524+00:00
Germany,Nick Woltemade,,,55000000.0,,,transfermarkt,2026-07-14T01:29:07.527524+00:00
Germany,Maximilian Beier,,,40000000.0,,,transfermarkt,2026-07-14T01:29:07.527524+00:00
Germany,Deniz Undav,,,22000000.0,,,transfermarkt,2026-07-14T01:29:07.527524+00:00
Brazil,Alisson,,,15000000.0,,,transfermarkt,2026-07-14T01:29:12.096960+00:00
Brazil,Ederson,,,10000000.0,,,transfermarkt,2026-07-14T01:29:12.096960+00:00
Brazil,Weverton,,,700000.0,,,transfermarkt,2026-07-14T01:29:12.096960+00:00
Brazil,Gabriel,,,75000000.0,,,transfermarkt,2026-07-14T01:29:12.096960+00:00
Brazil,Bremer,,,35000000.0,,,transfermarkt,2026-07-14T01:29:12.096960+00:00
Brazil,Marquinhos,,,28000000.0,,,transfermarkt,2026-07-14T01:29:12.096960+00:00
Brazil,Roger Ibañez,,,18000000.0,,,transfermarkt,2026-07-14T01:29:12.096960+00:00
Brazil,Léo Pereira,,,12000000.0,,,transfermarkt,2026-07-14T01:29:12.096960+00:00
Brazil,Danilo,,,2000000.0,,,transfermarkt,2026-07-14T01:29:12.096960+00:00
Brazil,Douglas Santos,,,7500000.0,,,transfermarkt,2026-07-14T01:29:12.096960+00:00
Brazil,Alex Sandro,,,1000000.0,,,transfermarkt,2026-07-14T01:29:12.096960+00:00
Brazil,Fabinho,,,12000000.0,,,transfermarkt,2026-07-14T01:29:12.096960+00:00
Brazil,Casemiro,,,6000000.0,,,transfermarkt,2026-07-14T01:29:12.096960+00:00
Brazil,Bruno Guimarães,,,70000000.0,,,transfermarkt,2026-07-14T01:29:12.096960+00:00
Brazil,Éderson,,,45000000.0,,,transfermarkt,2026-07-14T01:29:12.096960+00:00
Brazil,Danilo,,,32000000.0,,,transfermarkt,2026-07-14T01:29:12.096960+00:00
Brazil,Lucas Paquetá,,,32000000.0,,,transfermarkt,2026-07-14T01:29:12.096960+00:00
Brazil,Neymar,,,8000000.0,,,transfermarkt,2026-07-14T01:29:12.096960+00:00
Brazil,Vinicius Junior,,,140000000.0,,,transfermarkt,2026-07-14T01:29:12.096960+00:00
Brazil,Raphinha,,,70000000.0,,,transfermarkt,2026-07-14T01:29:12.096960+00:00
Brazil,Gabriel Martinelli,,,45000000.0,,,transfermarkt,2026-07-14T01:29:12.096960+00:00
Brazil,Rayan,,,60000000.0,,,transfermarkt,2026-07-14T01:29:12.096960+00:00
Brazil,Luiz Henrique,,,24000000.0,,,transfermarkt,2026-07-14T01:29:12.096960+00:00
Brazil,Matheus Cunha,,,75000000.0,,,transfermarkt,2026-07-14T01:29:12.096960+00:00
Brazil,Igor Thiago,,,65000000.0,,,transfermarkt,2026-07-14T01:29:12.096960+00:00
Brazil,Endrick,,,40000000.0,,,transfermarkt,2026-07-14T01:29:12.096960+00:00
Netherlands,Bart Verbruggen,,,40000000.0,,,transfermarkt,2026-07-14T01:29:17.489973+00:00
Netherlands,Robin Roefs,,,28000000.0,,,transfermarkt,2026-07-14T01:29:17.489973+00:00
Netherlands,Mark Flekken,,,6000000.0,,,transfermarkt,2026-07-14T01:29:17.489973+00:00
Netherlands,Micky van de Ven,,,50000000.0,,,transfermarkt,2026-07-14T01:29:17.489973+00:00
Netherlands,Jan Paul van Hecke,,,45000000.0,,,transfermarkt,2026-07-14T01:29:17.489973+00:00
Netherlands,Virgil van Dijk,,,15000000.0,,,transfermarkt,2026-07-14T01:29:17.489973+00:00
Netherlands,Nathan Aké,,,12000000.0,,,transfermarkt,2026-07-14T01:29:17.489973+00:00
Netherlands,Jorrel Hato,,,40000000.0,,,transfermarkt,2026-07-14T01:29:17.489973+00:00
Netherlands,Mats Wieffer,,,25000000.0,,,transfermarkt,2026-07-14T01:29:17.489973+00:00
Netherlands,Denzel Dumfries,,,25000000.0,,,transfermarkt,2026-07-14T01:29:17.489973+00:00
Netherlands,Lutsharel Geertruida,,,20000000.0,,,transfermarkt,2026-07-14T01:29:17.489973+00:00
Netherlands,Ryan Gravenberch,,,80000000.0,,,transfermarkt,2026-07-14T01:29:17.489973+00:00
Netherlands,Teun Koopmeiners,,,14000000.0,,,transfermarkt,2026-07-14T01:29:17.489973+00:00
Netherlands,Marten de Roon,,,3200000.0,,,transfermarkt,2026-07-14T01:29:17.489973+00:00
Netherlands,Tijjani Reijnders,,,50000000.0,,,transfermarkt,2026-07-14T01:29:17.489973+00:00
Netherlands,Frenkie de Jong,,,35000000.0,,,transfermarkt,2026-07-14T01:29:17.489973+00:00
Netherlands,Quinten Timber,,,25000000.0,,,transfermarkt,2026-07-14T01:29:17.489973+00:00
Netherlands,Justin Kluivert,,,25000000.0,,,transfermarkt,2026-07-14T01:29:17.489973+00:00
Netherlands,Guus Til,,,15000000.0,,,transfermarkt,2026-07-14T01:29:17.489973+00:00
Netherlands,Cody Gakpo,,,60000000.0,,,transfermarkt,2026-07-14T01:29:17.489973+00:00
Netherlands,Crysencio Summerville,,,35000000.0,,,transfermarkt,2026-07-14T01:29:17.489973+00:00
Netherlands,Noa Lang,,,22000000.0,,,transfermarkt,2026-07-14T01:29:17.489973+00:00
Netherlands,Donyell Malen,,,45000000.0,,,transfermarkt,2026-07-14T01:29:17.489973+00:00
Netherlands,Brian Brobbey,,,30000000.0,,,transfermarkt,2026-07-14T01:29:17.489973+00:00
Netherlands,Memphis Depay,,,7000000.0,,,transfermarkt,2026-07-14T01:29:17.489973+00:00
Netherlands,Wout Weghorst,,,2000000.0,,,transfermarkt,2026-07-14T01:29:17.489973+00:00
Norway,Sander Tangvik,,,3000000.0,,,transfermarkt,2026-07-14T01:29:22.483187+00:00
Norway,Egil Selvik,,,1500000.0,,,transfermarkt,2026-07-14T01:29:22.483187+00:00
Norway,Ørjan Nyland,,,800000.0,,,transfermarkt,2026-07-14T01:29:22.483187+00:00
Norway,Kristoffer Ajer,,,18000000.0,,,transfermarkt,2026-07-14T01:29:22.483187+00:00
Norway,Leo Østigård,,,13000000.0,,,transfermarkt,2026-07-14T01:29:22.483187+00:00
Norway,Torbjørn Heggem,,,13000000.0,,,transfermarkt,2026-07-14T01:29:22.483187+00:00
Norway,Henrik Falchener,,,6000000.0,,,transfermarkt,2026-07-14T01:29:22.483187+00:00
Norway,Sondre Langås,,,4000000.0,,,transfermarkt,2026-07-14T01:29:22.483187+00:00
Norway,David Møller Wolfe,,,8000000.0,,,transfermarkt,2026-07-14T01:29:22.483187+00:00
Norway,Fredrik Bjørkan,,,3500000.0,,,transfermarkt,2026-07-14T01:29:22.483187+00:00
Norway,Julian Ryerson,,,25000000.0,,,transfermarkt,2026-07-14T01:29:22.483187+00:00
Norway,Marcus Pedersen,,,3500000.0,,,transfermarkt,2026-07-14T01:29:22.483187+00:00
Norway,Sander Berge,,,25000000.0,,,transfermarkt,2026-07-14T01:29:22.483187+00:00
Norway,Patrick Berg,,,8000000.0,,,transfermarkt,2026-07-14T01:29:22.483187+00:00
Norway,Fredrik Aursnes,,,15000000.0,,,transfermarkt,2026-07-14T01:29:22.483187+00:00
Norway,Kristian Thorstvedt,,,12000000.0,,,transfermarkt,2026-07-14T01:29:22.483187+00:00
Norway,Morten Thorsby,,,2800000.0,,,transfermarkt,2026-07-14T01:29:22.483187+00:00
Norway,Martin Ødegaard,,,65000000.0,,,transfermarkt,2026-07-14T01:29:22.483187+00:00
Norway,Thelo Aasgaard,,,2800000.0,,,transfermarkt,2026-07-14T01:29:22.483187+00:00
Norway,Antonio Nusa,,,32000000.0,,,transfermarkt,2026-07-14T01:29:22.483187+00:00
Norway,Andreas Schjelderup,,,30000000.0,,,transfermarkt,2026-07-14T01:29:22.483187+00:00
Norway,Jens Petter Hauge,,,12000000.0,,,transfermarkt,2026-07-14T01:29:22.483187+00:00
Norway,Oscar Bobb,,,28000000.0,,,transfermarkt,2026-07-14T01:29:22.483187+00:00
Norway,Erling Haaland,,,200000000.0,,,transfermarkt,2026-07-14T01:29:22.483187+00:00
Norway,Jørgen Strand Larsen,,,40000000.0,,,transfermarkt,2026-07-14T01:29:22.483187+00:00
Norway,Alexander Sørloth,,,18000000.0,,,transfermarkt,2026-07-14T01:29:22.483187+00:00
Belgium,Senne Lammens,,,35000000.0,,,transfermarkt,2026-07-14T01:29:25.005280+00:00
Belgium,Mike Penders,,,25000000.0,,,transfermarkt,2026-07-14T01:29:25.005280+00:00
Belgium,Thibaut Courtois,,,15000000.0,,,transfermarkt,2026-07-14T01:29:25.005280+00:00
Belgium,Zeno Debast,,,28000000.0,,,transfermarkt,2026-07-14T01:29:25.005280+00:00
Belgium,Nathan Ngoy,,,25000000.0,,,transfermarkt,2026-07-14T01:29:25.005280+00:00
Belgium,Koni De Winter,,,23000000.0,,,transfermarkt,2026-07-14T01:29:25.005280+00:00
Belgium,Arthur Theate,,,17000000.0,,,transfermarkt,2026-07-14T01:29:25.005280+00:00
Belgium,Brandon Mechele,,,2800000.0,,,transfermarkt,2026-07-14T01:29:25.005280+00:00
Belgium,Maxim De Cuyper,,,22000000.0,,,transfermarkt,2026-07-14T01:29:25.005280+00:00
Belgium,Joaquin Seys,,,20000000.0,,,transfermarkt,2026-07-14T01:29:25.005280+00:00
Belgium,Timothy Castagne,,,8000000.0,,,transfermarkt,2026-07-14T01:29:25.005280+00:00
Belgium,Thomas Meunier,,,1500000.0,,,transfermarkt,2026-07-14T01:29:25.005280+00:00
Belgium,Amadou Onana,,,45000000.0,,,transfermarkt,2026-07-14T01:29:25.005280+00:00
Belgium,Nicolas Raskin,,,12000000.0,,,transfermarkt,2026-07-14T01:29:25.005280+00:00
Belgium,Axel Witsel,,,1200000.0,,,transfermarkt,2026-07-14T01:29:25.005280+00:00
Belgium,Youri Tielemans,,,30000000.0,,,transfermarkt,2026-07-14T01:29:25.005280+00:00
Belgium,Alexis Saelemaekers,,,20000000.0,,,transfermarkt,2026-07-14T01:29:25.005280+00:00
Belgium,Diego Moreira,,,25000000.0,,,transfermarkt,2026-07-14T01:29:25.005280+00:00
Belgium,Charles De Ketelaere,,,30000000.0,,,transfermarkt,2026-07-14T01:29:25.005280+00:00
Belgium,Kevin De Bruyne,,,8000000.0,,,transfermarkt,2026-07-14T01:29:25.005280+00:00
Belgium,Hans Vanaken,,,5000000.0,,,transfermarkt,2026-07-14T01:29:25.005280+00:00
Belgium,Jérémy Doku,,,75000000.0,,,transfermarkt,2026-07-14T01:29:25.005280+00:00
Belgium,Leandro Trossard,,,18000000.0,,,transfermarkt,2026-07-14T01:29:25.005280+00:00
Belgium,Dodi Lukébakio,,,15000000.0,,,transfermarkt,2026-07-14T01:29:25.005280+00:00
Belgium,Matias Fernandez-Pardo,,,35000000.0,,,transfermarkt,2026-07-14T01:29:25.005280+00:00
Belgium,Romelu Lukaku,,,6000000.0,,,transfermarkt,2026-07-14T01:29:25.005280+00:00
Ivory Coast,Yahia Fofana,,,5000000.0,,,transfermarkt,2026-07-14T01:29:28.262953+00:00
Ivory Coast,Alban Lafont,,,3000000.0,,,transfermarkt,2026-07-14T01:29:28.262953+00:00
Ivory Coast,Mohamed Koné,,,2000000.0,,,transfermarkt,2026-07-14T01:29:28.262953+00:00
Ivory Coast,Ousmane Diomande,,,42000000.0,,,transfermarkt,2026-07-14T01:29:28.262953+00:00
Ivory Coast,Evan Ndicka,,,35000000.0,,,transfermarkt,2026-07-14T01:29:28.262953+00:00
Ivory Coast,Emmanuel Agbadou,,,16000000.0,,,transfermarkt,2026-07-14T01:29:28.262953+00:00
Ivory Coast,Odilon Kossounou,,,15000000.0,,,transfermarkt,2026-07-14T01:29:28.262953+00:00
Ivory Coast,Christopher Operi,,,4000000.0,,,transfermarkt,2026-07-14T01:29:28.262953+00:00
Ivory Coast,Ghislain Konan,,,3000000.0,,,transfermarkt,2026-07-14T01:29:28.262953+00:00
Ivory Coast,Wilfried Singo,,,23000000.0,,,transfermarkt,2026-07-14T01:29:28.262953+00:00
Ivory Coast,Guéla Doué,,,20000000.0,,,transfermarkt,2026-07-14T01:29:28.262953+00:00
Ivory Coast,Ibrahim Sangaré,,,20000000.0,,,transfermarkt,2026-07-14T01:29:28.262953+00:00
Ivory Coast,Jean Michaël Seri,,,100000.0,,,transfermarkt,2026-07-14T01:29:28.262953+00:00
Ivory Coast,Christ Inao Oulaï,,,23000000.0,,,transfermarkt,2026-07-14T01:29:28.262953+00:00
Ivory Coast,Franck Kessié,,,12000000.0,,,transfermarkt,2026-07-14T01:29:28.262953+00:00
Ivory Coast,Seko Fofana,,,8000000.0,,,transfermarkt,2026-07-14T01:29:28.262953+00:00
Ivory Coast,Yan Diomande,,,90000000.0,,,transfermarkt,2026-07-14T01:29:28.262953+00:00
Ivory Coast,Bazoumana Touré,,,40000000.0,,,transfermarkt,2026-07-14T01:29:28.262953+00:00
Ivory Coast,Simon Adingra,,,22000000.0,,,transfermarkt,2026-07-14T01:29:28.262953+00:00
Ivory Coast,Parfait Guiagon,,,5000000.0,,,transfermarkt,2026-07-14T01:29:28.262953+00:00
Ivory Coast,Amad Diallo,,,45000000.0,,,transfermarkt,2026-07-14T01:29:28.262953+00:00
Ivory Coast,Evann Guessand,,,25000000.0,,,transfermarkt,2026-07-14T01:29:28.262953+00:00
Ivory Coast,Nicolas Pépé,,,6000000.0,,,transfermarkt,2026-07-14T01:29:28.262953+00:00
Ivory Coast,Ange-Yoan Bonny,,,35000000.0,,,transfermarkt,2026-07-14T01:29:28.262953+00:00
Ivory Coast,Elye Wahi,,,18000000.0,,,transfermarkt,2026-07-14T01:29:28.262953+00:00
Ivory Coast,Oumar Diakité,,,5000000.0,,,transfermarkt,2026-07-14T01:29:28.262953+00:00
Senegal,Yehvann Diouf,,,7000000.0,,,transfermarkt,2026-07-14T01:29:34.390635+00:00
Senegal,Edouard Mendy,,,4000000.0,,,transfermarkt,2026-07-14T01:29:34.390635+00:00
Senegal,Mory Diaw,,,900000.0,,,transfermarkt,2026-07-14T01:29:34.390635+00:00
Senegal,Mamadou Sarr,,,22000000.0,,,transfermarkt,2026-07-14T01:29:34.390635+00:00
Senegal,Moussa Niakhaté,,,15000000.0,,,transfermarkt,2026-07-14T01:29:34.390635+00:00
Senegal,Antoine Mendy,,,10000000.0,,,transfermarkt,2026-07-14T01:29:34.390635+00:00
Senegal,Kalidou Koulibaly,,,4500000.0,,,transfermarkt,2026-07-14T01:29:34.390635+00:00
Senegal,Abdoulaye Seck,,,400000.0,,,transfermarkt,2026-07-14T01:29:34.390635+00:00
Senegal,El Hadji Malick Diouf,,,28000000.0,,,transfermarkt,2026-07-14T01:29:34.390635+00:00
Senegal,Ismail Jakobs,,,8000000.0,,,transfermarkt,2026-07-14T01:29:34.390635+00:00
Senegal,Idrissa Gueye,,,500000.0,,,transfermarkt,2026-07-14T01:29:34.390635+00:00
Senegal,Lamine Camara,,,40000000.0,,,transfermarkt,2026-07-14T01:29:34.390635+00:00
Senegal,Pape Gueye,,,40000000.0,,,transfermarkt,2026-07-14T01:29:34.390635+00:00
Senegal,Habib Diarra,,,35000000.0,,,transfermarkt,2026-07-14T01:29:34.390635+00:00
Senegal,Pape Matar Sarr,,,30000000.0,,,transfermarkt,2026-07-14T01:29:34.390635+00:00
Senegal,Bara Sapoko Ndiaye,,,4000000.0,,,transfermarkt,2026-07-14T01:29:34.390635+00:00
Senegal,Pathé Ciss,,,1800000.0,,,transfermarkt,2026-07-14T01:29:34.390635+00:00
Senegal,Krépin Diatta,,,6000000.0,,,transfermarkt,2026-07-14T01:29:34.390635+00:00
Senegal,Assane Diao,,,30000000.0,,,transfermarkt,2026-07-14T01:29:34.390635+00:00
Senegal,Sadio Mané,,,6000000.0,,,transfermarkt,2026-07-14T01:29:34.390635+00:00
Senegal,Iliman Ndiaye,,,55000000.0,,,transfermarkt,2026-07-14T01:29:34.390635+00:00
Senegal,Ismaïla Sarr,,,40000000.0,,,transfermarkt,2026-07-14T01:29:34.390635+00:00
Senegal,Ibrahim Mbaye,,,30000000.0,,,transfermarkt,2026-07-14T01:29:34.390635+00:00
Senegal,Nicolas Jackson,,,40000000.0,,,transfermarkt,2026-07-14T01:29:34.390635+00:00
Senegal,Bamba Dieng,,,15000000.0,,,transfermarkt,2026-07-14T01:29:34.390635+00:00
Senegal,Cherif Ndiaye,,,5000000.0,,,transfermarkt,2026-07-14T01:29:34.390635+00:00
Turkiye,Uğurcan Çakır,,,15000000.0,,,transfermarkt,2026-07-14T01:29:37.094949+00:00
Turkiye,Altay Bayındır,,,5000000.0,,,transfermarkt,2026-07-14T01:29:37.094949+00:00
Turkiye,Mert Günok,,,500000.0,,,transfermarkt,2026-07-14T01:29:37.094949+00:00
Turkiye,Ozan Kabak,,,15000000.0,,,transfermarkt,2026-07-14T01:29:37.094949+00:00
Turkiye,Merih Demiral,,,12000000.0,,,transfermarkt,2026-07-14T01:29:37.094949+00:00
Turkiye,Abdülkerim Bardakcı,,,6500000.0,,,transfermarkt,2026-07-14T01:29:37.094949+00:00
Turkiye,Çağlar Söyüncü,,,3500000.0,,,transfermarkt,2026-07-14T01:29:37.094949+00:00
Turkiye,Samet Akaydin,,,1200000.0,,,transfermarkt,2026-07-14T01:29:37.094949+00:00
Turkiye,Ferdi Kadıoğlu,,,35000000.0,,,transfermarkt,2026-07-14T01:29:37.094949+00:00
Turkiye,Eren Elmalı,,,5000000.0,,,transfermarkt,2026-07-14T01:29:37.094949+00:00
Turkiye,Zeki Çelik,,,14000000.0,,,transfermarkt,2026-07-14T01:29:37.094949+00:00
Turkiye,Mert Müldür,,,7000000.0,,,transfermarkt,2026-07-14T01:29:37.094949+00:00
Turkiye,Hakan Çalhanoğlu,,,16000000.0,,,transfermarkt,2026-07-14T01:29:37.094949+00:00
Turkiye,İsmail Yüksek,,,15000000.0,,,transfermarkt,2026-07-14T01:29:37.094949+00:00
Turkiye,Salih Özcan,,,3500000.0,,,transfermarkt,2026-07-14T01:29:37.094949+00:00
Turkiye,Kaan Ayhan,,,1500000.0,,,transfermarkt,2026-07-14T01:29:37.094949+00:00
Turkiye,Orkun Kökçü,,,25000000.0,,,transfermarkt,2026-07-14T01:29:37.094949+00:00
Turkiye,Arda Güler,,,90000000.0,,,transfermarkt,2026-07-14T01:29:37.094949+00:00
Turkiye,Can Uzun,,,45000000.0,,,transfermarkt,2026-07-14T01:29:37.094949+00:00
Turkiye,Kenan Yıldız,,,75000000.0,,,transfermarkt,2026-07-14T01:29:37.094949+00:00
Turkiye,Barış Alper Yılmaz,,,30000000.0,,,transfermarkt,2026-07-14T01:29:37.094949+00:00
Turkiye,Kerem Aktürkoğlu,,,20000000.0,,,transfermarkt,2026-07-14T01:29:37.094949+00:00
Turkiye,Yunus Akgün,,,18000000.0,,,transfermarkt,2026-07-14T01:29:37.094949+00:00
Turkiye,Oğuz Aydın,,,7000000.0,,,transfermarkt,2026-07-14T01:29:37.094949+00:00
Turkiye,İrfan Can Kahveci,,,3000000.0,,,transfermarkt,2026-07-14T01:29:37.094949+00:00
Turkiye,Deniz Gül,,,5000000.0,,,transfermarkt,2026-07-14T01:29:37.094949+00:00
Morocco,Yassine Bounou,,,3000000.0,,,transfermarkt,2026-07-14T01:29:44.946843+00:00
Morocco,Ahmed Reda Tagnaouti,,,1000000.0,,,transfermarkt,2026-07-14T01:29:44.946843+00:00
Morocco,Munir El Kajoui,,,600000.0,,,transfermarkt,2026-07-14T01:29:44.946843+00:00
Morocco,Chadi Riad,,,15000000.0,,,transfermarkt,2026-07-14T01:29:44.946843+00:00
Morocco,Issa Diop,,,8000000.0,,,transfermarkt,2026-07-14T01:29:44.946843+00:00
Morocco,Redouane Halhal,,,5000000.0,,,transfermarkt,2026-07-14T01:29:44.946843+00:00
Morocco,Marwane Saadane,,,400000.0,,,transfermarkt,2026-07-14T01:29:44.946843+00:00
Morocco,Anass Salah-Eddine,,,12000000.0,,,transfermarkt,2026-07-14T01:29:44.946843+00:00
Morocco,Youssef Belammari,,,1200000.0,,,transfermarkt,2026-07-14T01:29:44.946843+00:00
Morocco,Achraf Hakimi,,,80000000.0,,,transfermarkt,2026-07-14T01:29:44.946843+00:00
Morocco,Noussair Mazraoui,,,18000000.0,,,transfermarkt,2026-07-14T01:29:44.946843+00:00
Morocco,Zakaria El Ouahdi,,,17000000.0,,,transfermarkt,2026-07-14T01:29:44.946843+00:00
Morocco,Sofyan Amrabat,,,10000000.0,,,transfermarkt,2026-07-14T01:29:44.946843+00:00
Morocco,Ayyoub Bouaddi,,,50000000.0,,,transfermarkt,2026-07-14T01:29:44.946843+00:00
Morocco,Neil El Aynaoui,,,23000000.0,,,transfermarkt,2026-07-14T01:29:44.946843+00:00
Morocco,Samir El Mourabet,,,22000000.0,,,transfermarkt,2026-07-14T01:29:44.946843+00:00
Morocco,Azzedine Ounahi,,,10000000.0,,,transfermarkt,2026-07-14T01:29:44.946843+00:00
Morocco,Ismael Saibari,,,40000000.0,,,transfermarkt,2026-07-14T01:29:44.946843+00:00
Morocco,Bilal El Khannouss,,,35000000.0,,,transfermarkt,2026-07-14T01:29:44.946843+00:00
Morocco,Amine Sbaï,,,4000000.0,,,transfermarkt,2026-07-14T01:29:44.946843+00:00
Morocco,Brahim Díaz,,,35000000.0,,,transfermarkt,2026-07-14T01:29:44.946843+00:00
Morocco,Chemsdine Talbi,,,25000000.0,,,transfermarkt,2026-07-14T01:29:44.946843+00:00
Morocco,Gessime Yassine,,,12000000.0,,,transfermarkt,2026-07-14T01:29:44.946843+00:00
Morocco,Ayoube Amaimouni-Echghouyab,,,10000000.0,,,transfermarkt,2026-07-14T01:29:44.946843+00:00
Morocco,Soufiane Rahimi,,,6000000.0,,,transfermarkt,2026-07-14T01:29:44.946843+00:00
Morocco,Ayoub El Kaabi,,,4500000.0,,,transfermarkt,2026-07-14T01:29:44.946843+00:00
Sweden,Viktor Johansson,,,12000000.0,,,transfermarkt,2026-07-14T01:29:47.593135+00:00
Sweden,Jacob Widell Zetterström,,,2500000.0,,,transfermarkt,2026-07-14T01:29:47.593135+00:00
Sweden,Kristoffer Nordfeldt,,,175000.0,,,transfermarkt,2026-07-14T01:29:47.593135+00:00
Sweden,Isak Hien,,,22000000.0,,,transfermarkt,2026-07-14T01:29:47.593135+00:00
Sweden,Gustaf Lagerbielke,,,10000000.0,,,transfermarkt,2026-07-14T01:29:47.593135+00:00
Sweden,Victor Lindelöf,,,5000000.0,,,transfermarkt,2026-07-14T01:29:47.593135+00:00
Sweden,Hjalmar Ekdal,,,5000000.0,,,transfermarkt,2026-07-14T01:29:47.593135+00:00
Sweden,Eric Smith,,,5000000.0,,,transfermarkt,2026-07-14T01:29:47.593135+00:00
Sweden,Carl Starfelt,,,4500000.0,,,transfermarkt,2026-07-14T01:29:47.593135+00:00
Sweden,Daniel Svensson,,,22000000.0,,,transfermarkt,2026-07-14T01:29:47.593135+00:00
Sweden,Gabriel Gudmundsson,,,20000000.0,,,transfermarkt,2026-07-14T01:29:47.593135+00:00
Sweden,Ken Sema,,,800000.0,,,transfermarkt,2026-07-14T01:29:47.593135+00:00
Sweden,Jesper Karlström,,,4000000.0,,,transfermarkt,2026-07-14T01:29:47.593135+00:00
Sweden,Lucas Bergvall,,,35000000.0,,,transfermarkt,2026-07-14T01:29:47.593135+00:00
Sweden,Yasin Ayari,,,35000000.0,,,transfermarkt,2026-07-14T01:29:47.593135+00:00
Sweden,Mattias Svanberg,,,8000000.0,,,transfermarkt,2026-07-14T01:29:47.593135+00:00
Sweden,Besfort Zeneli,,,6000000.0,,,transfermarkt,2026-07-14T01:29:47.593135+00:00
Sweden,Herman Johansson,,,1800000.0,,,transfermarkt,2026-07-14T01:29:47.593135+00:00
Sweden,Elliot Stroud,,,8000000.0,,,transfermarkt,2026-07-14T01:29:47.593135+00:00
Sweden,Benjamin Nygren,,,14000000.0,,,transfermarkt,2026-07-14T01:29:47.593135+00:00
Sweden,Taha Ali,,,1500000.0,,,transfermarkt,2026-07-14T01:29:47.593135+00:00
Sweden,Anthony Elanga,,,32000000.0,,,transfermarkt,2026-07-14T01:29:47.593135+00:00
Sweden,Alexander Bernhardsson,,,3000000.0,,,transfermarkt,2026-07-14T01:29:47.593135+00:00
Sweden,Alexander Isak,,,85000000.0,,,transfermarkt,2026-07-14T01:29:47.593135+00:00
Sweden,Viktor Gyökeres,,,65000000.0,,,transfermarkt,2026-07-14T01:29:47.593135+00:00
Sweden,Gustaf Nilsson,,,1800000.0,,,transfermarkt,2026-07-14T01:29:47.593135+00:00
Croatia,Dominik Kotarski,,,5000000.0,,,transfermarkt,2026-07-14T01:29:50.377412+00:00
Croatia,Ivor Pandur,,,4500000.0,,,transfermarkt,2026-07-14T01:29:50.377412+00:00
Croatia,Dominik Livakovic,,,4000000.0,,,transfermarkt,2026-07-14T01:29:50.377412+00:00
Croatia,Josko Gvardiol,,,70000000.0,,,transfermarkt,2026-07-14T01:29:50.377412+00:00
Croatia,Luka Vuskovic,,,60000000.0,,,transfermarkt,2026-07-14T01:29:50.377412+00:00
Croatia,Josip Sutalo,,,12000000.0,,,transfermarkt,2026-07-14T01:29:50.377412+00:00
Croatia,Marin Pongracic,,,6500000.0,,,transfermarkt,2026-07-14T01:29:50.377412+00:00
Croatia,Martin Erlić,,,4000000.0,,,transfermarkt,2026-07-14T01:29:50.377412+00:00
Croatia,Duje Caleta-Car,,,2800000.0,,,transfermarkt,2026-07-14T01:29:50.377412+00:00
Croatia,Josip Stanisic,,,40000000.0,,,transfermarkt,2026-07-14T01:29:50.377412+00:00
Croatia,Nikola Moro,,,7000000.0,,,transfermarkt,2026-07-14T01:29:50.377412+00:00
Croatia,Kristijan Jakic,,,6000000.0,,,transfermarkt,2026-07-14T01:29:50.377412+00:00
Croatia,Petar Sučić,,,40000000.0,,,transfermarkt,2026-07-14T01:29:50.377412+00:00
Croatia,Mateo Kovacic,,,10000000.0,,,transfermarkt,2026-07-14T01:29:50.377412+00:00
Croatia,Luka Sucic,,,10000000.0,,,transfermarkt,2026-07-14T01:29:50.377412+00:00
Croatia,Mario Pašalić,,,6000000.0,,,transfermarkt,2026-07-14T01:29:50.377412+00:00
Croatia,Luka Modrić,,,3500000.0,,,transfermarkt,2026-07-14T01:29:50.377412+00:00
Croatia,Martin Baturina,,,30000000.0,,,transfermarkt,2026-07-14T01:29:50.377412+00:00
Croatia,Nikola Vlašić,,,10000000.0,,,transfermarkt,2026-07-14T01:29:50.377412+00:00
Croatia,Toni Fruk,,,9000000.0,,,transfermarkt,2026-07-14T01:29:50.377412+00:00
Croatia,Ivan Perišić,,,1200000.0,,,transfermarkt,2026-07-14T01:29:50.377412+00:00
Croatia,Marco Pašalić,,,6500000.0,,,transfermarkt,2026-07-14T01:29:50.377412+00:00
Croatia,Andrej Kramaric,,,2500000.0,,,transfermarkt,2026-07-14T01:29:50.377412+00:00
Croatia,Igor Matanovic,,,22000000.0,,,transfermarkt,2026-07-14T01:29:50.377412+00:00
Croatia,Petar Musa,,,12000000.0,,,transfermarkt,2026-07-14T01:29:50.377412+00:00
Croatia,Ante Budimir,,,2800000.0,,,transfermarkt,2026-07-14T01:29:50.377412+00:00
United States,Matt Turner,,,2500000.0,,,transfermarkt,2026-07-14T01:29:54.256358+00:00
United States,Chris Brady,,,2500000.0,,,transfermarkt,2026-07-14T01:29:54.256358+00:00
United States,Matt Freese,,,2000000.0,,,transfermarkt,2026-07-14T01:29:54.256358+00:00
United States,Chris Richards,,,28000000.0,,,transfermarkt,2026-07-14T01:29:54.256358+00:00
United States,Mark McKenzie,,,7000000.0,,,transfermarkt,2026-07-14T01:29:54.256358+00:00
United States,Auston Trusty,,,6000000.0,,,transfermarkt,2026-07-14T01:29:54.256358+00:00
United States,Miles Robinson,,,3500000.0,,,transfermarkt,2026-07-14T01:29:54.256358+00:00
United States,Tim Ream,,,150000.0,,,transfermarkt,2026-07-14T01:29:54.256358+00:00
United States,Antonee Robinson,,,22000000.0,,,transfermarkt,2026-07-14T01:29:54.256358+00:00
United States,Sergiño Dest,,,18000000.0,,,transfermarkt,2026-07-14T01:29:54.256358+00:00
United States,Joe Scally,,,7000000.0,,,transfermarkt,2026-07-14T01:29:54.256358+00:00
United States,Alex Freeman,,,3500000.0,,,transfermarkt,2026-07-14T01:29:54.256358+00:00
United States,Tyler Adams,,,25000000.0,,,transfermarkt,2026-07-14T01:29:54.256358+00:00
United States,Weston McKennie,,,30000000.0,,,transfermarkt,2026-07-14T01:29:54.256358+00:00
United States,Sebastian Berhalter,,,8000000.0,,,transfermarkt,2026-07-14T01:29:54.256358+00:00
United States,Cristian Roldán,,,3500000.0,,,transfermarkt,2026-07-14T01:29:54.256358+00:00
United States,Timothy Weah,,,20000000.0,,,transfermarkt,2026-07-14T01:29:54.256358+00:00
United States,Malik Tillman,,,30000000.0,,,transfermarkt,2026-07-14T01:29:54.256358+00:00
United States,Brenden Aaronson,,,22000000.0,,,transfermarkt,2026-07-14T01:29:54.256358+00:00
United States,Giovanni Reyna,,,4000000.0,,,transfermarkt,2026-07-14T01:29:54.256358+00:00
United States,Max Arfsten,,,5000000.0,,,transfermarkt,2026-07-14T01:29:54.256358+00:00
United States,Christian Pulisic,,,40000000.0,,,transfermarkt,2026-07-14T01:29:54.256358+00:00
United States,Álex Zendejas,,,10000000.0,,,transfermarkt,2026-07-14T01:29:54.256358+00:00
United States,Folarin Balogun,,,40000000.0,,,transfermarkt,2026-07-14T01:29:54.256358+00:00
United States,Ricardo Pepi,,,30000000.0,,,transfermarkt,2026-07-14T01:29:54.256358+00:00
United States,Haji Wright,,,16000000.0,,,transfermarkt,2026-07-14T01:29:54.256358+00:00
Ecuador,Gonzalo Valle,,,1800000.0,,,transfermarkt,2026-07-14T01:29:58.410399+00:00
Ecuador,Moisés Ramírez,,,800000.0,,,transfermarkt,2026-07-14T01:29:58.410399+00:00
Ecuador,Hernán Galíndez,,,300000.0,,,transfermarkt,2026-07-14T01:29:58.410399+00:00
Ecuador,Willian Pacho,,,80000000.0,,,transfermarkt,2026-07-14T01:29:58.410399+00:00
Ecuador,Piero Hincapié,,,50000000.0,,,transfermarkt,2026-07-14T01:29:58.410399+00:00
Ecuador,Joel Ordóñez,,,33000000.0,,,transfermarkt,2026-07-14T01:29:58.410399+00:00
Ecuador,Jackson Porozo,,,2500000.0,,,transfermarkt,2026-07-14T01:29:58.410399+00:00
Ecuador,Félix Torres,,,1000000.0,,,transfermarkt,2026-07-14T01:29:58.410399+00:00
Ecuador,Pervis Estupiñán,,,12000000.0,,,transfermarkt,2026-07-14T01:29:58.410399+00:00
Ecuador,Yaimar Medina,,,4000000.0,,,transfermarkt,2026-07-14T01:29:58.410399+00:00
Ecuador,Angelo Preciado,,,3500000.0,,,transfermarkt,2026-07-14T01:29:58.410399+00:00
Ecuador,Moisés Caicedo,,,100000000.0,,,transfermarkt,2026-07-14T01:29:58.410399+00:00
Ecuador,Jordy Alcívar,,,2000000.0,,,transfermarkt,2026-07-14T01:29:58.410399+00:00
Ecuador,Denil Castillo,,,7000000.0,,,transfermarkt,2026-07-14T01:29:58.410399+00:00
Ecuador,Pedro Vite,,,6000000.0,,,transfermarkt,2026-07-14T01:29:58.410399+00:00
Ecuador,Alan Franco,,,4500000.0,,,transfermarkt,2026-07-14T01:29:58.410399+00:00
Ecuador,Kendry Páez,,,8000000.0,,,transfermarkt,2026-07-14T01:29:58.410399+00:00
Ecuador,Nilson Angulo,,,17000000.0,,,transfermarkt,2026-07-14T01:29:58.410399+00:00
Ecuador,Gonzalo Plata,,,9000000.0,,,transfermarkt,2026-07-14T01:29:58.410399+00:00
Ecuador,Alan Minda,,,3000000.0,,,transfermarkt,2026-07-14T01:29:58.410399+00:00
Ecuador,Anthony Valencia,,,1800000.0,,,transfermarkt,2026-07-14T01:29:58.410399+00:00
Ecuador,John Yeboah,,,5500000.0,,,transfermarkt,2026-07-14T01:29:58.410399+00:00
Ecuador,Jeremy Arévalo,,,7000000.0,,,transfermarkt,2026-07-14T01:29:58.410399+00:00
Ecuador,Kevin Rodríguez,,,6000000.0,,,transfermarkt,2026-07-14T01:29:58.410399+00:00
Ecuador,Jordy Caicedo,,,2000000.0,,,transfermarkt,2026-07-14T01:29:58.410399+00:00
Ecuador,Enner Valencia,,,1000000.0,,,transfermarkt,2026-07-14T01:29:58.410399+00:00
Uruguay,Santiago Mele,,,2000000.0,,,transfermarkt,2026-07-14T01:30:02.787507+00:00
Uruguay,Sergio Rochet,,,1800000.0,,,transfermarkt,2026-07-14T01:30:02.787507+00:00
Uruguay,Fernando Muslera,,,700000.0,,,transfermarkt,2026-07-14T01:30:02.787507+00:00
Uruguay,Ronald Araujo,,,20000000.0,,,transfermarkt,2026-07-14T01:30:02.787507+00:00
Uruguay,Santiago Bueno,,,10000000.0,,,transfermarkt,2026-07-14T01:30:02.787507+00:00
Uruguay,José María Giménez,,,9000000.0,,,transfermarkt,2026-07-14T01:30:02.787507+00:00
Uruguay,Sebastián Cáceres,,,4500000.0,,,transfermarkt,2026-07-14T01:30:02.787507+00:00
Uruguay,Maxi Araújo,,,35000000.0,,,transfermarkt,2026-07-14T01:30:02.787507+00:00
Uruguay,Mathías Olivera,,,15000000.0,,,transfermarkt,2026-07-14T01:30:02.787507+00:00
Uruguay,Joaquín Piquerez,,,12000000.0,,,transfermarkt,2026-07-14T01:30:02.787507+00:00
Uruguay,Juan Manuel Sanabria,,,4000000.0,,,transfermarkt,2026-07-14T01:30:02.787507+00:00
Uruguay,Matías Viña,,,3500000.0,,,transfermarkt,2026-07-14T01:30:02.787507+00:00
Uruguay,Guillermo Varela,,,1000000.0,,,transfermarkt,2026-07-14T01:30:02.787507+00:00
Uruguay,Manuel Ugarte,,,25000000.0,,,transfermarkt,2026-07-14T01:30:02.787507+00:00
Uruguay,Rodrigo Bentancur,,,20000000.0,,,transfermarkt,2026-07-14T01:30:02.787507+00:00
Uruguay,Emiliano Martínez,,,6500000.0,,,transfermarkt,2026-07-14T01:30:02.787507+00:00
Uruguay,Federico Valverde,,,90000000.0,,,transfermarkt,2026-07-14T01:30:02.787507+00:00
Uruguay,Nicolás de la Cruz,,,8000000.0,,,transfermarkt,2026-07-14T01:30:02.787507+00:00
Uruguay,Rodrigo Zalazar,,,30000000.0,,,transfermarkt,2026-07-14T01:30:02.787507+00:00
Uruguay,Giorgian de Arrascaeta,,,14000000.0,,,transfermarkt,2026-07-14T01:30:02.787507+00:00
Uruguay,Brian Rodríguez,,,8000000.0,,,transfermarkt,2026-07-14T01:30:02.787507+00:00
Uruguay,Agustín Canobbio,,,8000000.0,,,transfermarkt,2026-07-14T01:30:02.787507+00:00
Uruguay,Facundo Pellistri,,,5000000.0,,,transfermarkt,2026-07-14T01:30:02.787507+00:00
Uruguay,Darwin Núñez,,,20000000.0,,,transfermarkt,2026-07-14T01:30:02.787507+00:00
Uruguay,Federico Viñas,,,4000000.0,,,transfermarkt,2026-07-14T01:30:02.787507+00:00
Uruguay,Rodrigo Aguirre,,,2300000.0,,,transfermarkt,2026-07-14T01:30:02.787507+00:00
Switzerland,Gregor Kobel,,,40000000.0,,,transfermarkt,2026-07-14T01:30:08.166589+00:00
Switzerland,Marvin Keller,,,6000000.0,,,transfermarkt,2026-07-14T01:30:08.166589+00:00
Switzerland,Yvon Mvogo,,,2500000.0,,,transfermarkt,2026-07-14T01:30:08.166589+00:00
Switzerland,Manuel Akanji,,,17000000.0,,,transfermarkt,2026-07-14T01:30:08.166589+00:00
Switzerland,Aurèle Amenda,,,10000000.0,,,transfermarkt,2026-07-14T01:30:08.166589+00:00
Switzerland,Luca Jaquez,,,10000000.0,,,transfermarkt,2026-07-14T01:30:08.166589+00:00
Switzerland,Nico Elvedi,,,8000000.0,,,transfermarkt,2026-07-14T01:30:08.166589+00:00
Switzerland,Eray Cömert,,,2500000.0,,,transfermarkt,2026-07-14T01:30:08.166589+00:00
Switzerland,Miro Muheim,,,5000000.0,,,transfermarkt,2026-07-14T01:30:08.166589+00:00
Switzerland,Ricardo Rodríguez,,,1400000.0,,,transfermarkt,2026-07-14T01:30:08.166589+00:00
Switzerland,Silvan Widmer,,,800000.0,,,transfermarkt,2026-07-14T01:30:08.166589+00:00
Switzerland,Denis Zakaria,,,25000000.0,,,transfermarkt,2026-07-14T01:30:08.166589+00:00
Switzerland,Ardon Jashari,,,25000000.0,,,transfermarkt,2026-07-14T01:30:08.166589+00:00
Switzerland,Granit Xhaka,,,8000000.0,,,transfermarkt,2026-07-14T01:30:08.166589+00:00
Switzerland,Johan Manzambi,,,50000000.0,,,transfermarkt,2026-07-14T01:30:08.166589+00:00
Switzerland,Djibril Sow,,,7500000.0,,,transfermarkt,2026-07-14T01:30:08.166589+00:00
Switzerland,Michel Aebischer,,,4000000.0,,,transfermarkt,2026-07-14T01:30:08.166589+00:00
Switzerland,Remo Freuler,,,3000000.0,,,transfermarkt,2026-07-14T01:30:08.166589+00:00
Switzerland,Christian Fassnacht,,,2000000.0,,,transfermarkt,2026-07-14T01:30:08.166589+00:00
Switzerland,Fabian Rieder,,,12000000.0,,,transfermarkt,2026-07-14T01:30:08.166589+00:00
Switzerland,Noah Okafor,,,25000000.0,,,transfermarkt,2026-07-14T01:30:08.166589+00:00
Switzerland,Rubén Vargas,,,12000000.0,,,transfermarkt,2026-07-14T01:30:08.166589+00:00
Switzerland,Dan Ndoye,,,32000000.0,,,transfermarkt,2026-07-14T01:30:08.166589+00:00
Switzerland,Breel Embolo,,,15000000.0,,,transfermarkt,2026-07-14T01:30:08.166589+00:00
Switzerland,Zeki Amdouni,,,7000000.0,,,transfermarkt,2026-07-14T01:30:08.166589+00:00
Switzerland,Cedric Itten,,,1800000.0,,,transfermarkt,2026-07-14T01:30:08.166589+00:00
Colombia,Álvaro Montero,,,2500000.0,,,transfermarkt,2026-07-14T01:30:13.692878+00:00
Colombia,Camilo Vargas,,,450000.0,,,transfermarkt,2026-07-14T01:30:13.692878+00:00
Colombia,David Ospina,,,100000.0,,,transfermarkt,2026-07-14T01:30:13.692878+00:00
Colombia,Jhon Lucumí,,,22000000.0,,,transfermarkt,2026-07-14T01:30:13.692878+00:00
Colombia,Davinson Sánchez,,,16000000.0,,,transfermarkt,2026-07-14T01:30:13.692878+00:00
Colombia,Willer Ditta,,,5500000.0,,,transfermarkt,2026-07-14T01:30:13.692878+00:00
Colombia,Yerry Mina,,,2500000.0,,,transfermarkt,2026-07-14T01:30:13.692878+00:00
Colombia,Deiver Machado,,,1800000.0,,,transfermarkt,2026-07-14T01:30:13.692878+00:00
Colombia,Johan Mojica,,,1500000.0,,,transfermarkt,2026-07-14T01:30:13.692878+00:00
Colombia,Daniel Muñoz,,,22000000.0,,,transfermarkt,2026-07-14T01:30:13.692878+00:00
Colombia,Santiago Arias,,,1200000.0,,,transfermarkt,2026-07-14T01:30:13.692878+00:00
Colombia,Richard Ríos,,,25000000.0,,,transfermarkt,2026-07-14T01:30:13.692878+00:00
Colombia,Jefferson Lerma,,,6000000.0,,,transfermarkt,2026-07-14T01:30:13.692878+00:00
Colombia,Kevin Castaño,,,5000000.0,,,transfermarkt,2026-07-14T01:30:13.692878+00:00
Colombia,Gustavo Puerta,,,10000000.0,,,transfermarkt,2026-07-14T01:30:13.692878+00:00
Colombia,Juan Portilla,,,5000000.0,,,transfermarkt,2026-07-14T01:30:13.692878+00:00
Colombia,Jorge Carrascal,,,13000000.0,,,transfermarkt,2026-07-14T01:30:13.692878+00:00
Colombia,Juan Fernando Quintero,,,1800000.0,,,transfermarkt,2026-07-14T01:30:13.692878+00:00
Colombia,James Rodríguez,,,1500000.0,,,transfermarkt,2026-07-14T01:30:13.692878+00:00
Colombia,Luis Díaz,,,70000000.0,,,transfermarkt,2026-07-14T01:30:13.692878+00:00
Colombia,Andrés Gómez,,,11000000.0,,,transfermarkt,2026-07-14T01:30:13.692878+00:00
Colombia,Jáminton Campaz,,,5500000.0,,,transfermarkt,2026-07-14T01:30:13.692878+00:00
Colombia,Jhon Arias,,,15000000.0,,,transfermarkt,2026-07-14T01:30:13.692878+00:00
Colombia,Luis Suárez,,,30000000.0,,,transfermarkt,2026-07-14T01:30:13.692878+00:00
Colombia,Cucho Hernández,,,18000000.0,,,transfermarkt,2026-07-14T01:30:13.692878+00:00
Colombia,Jhon Córdoba,,,10000000.0,,,transfermarkt,2026-07-14T01:30:13.692878+00:00
Japan,Zion Suzuki,,,20000000.0,,,transfermarkt,2026-07-14T01:30:27.662204+00:00
Japan,Keisuke Osako,,,2000000.0,,,transfermarkt,2026-07-14T01:30:27.662204+00:00
Japan,Tomoki Hayakawa,,,2000000.0,,,transfermarkt,2026-07-14T01:30:27.662204+00:00
Japan,Hiroki Ito,,,18000000.0,,,transfermarkt,2026-07-14T01:30:27.662204+00:00
Japan,Tsuyoshi Watanabe,,,10000000.0,,,transfermarkt,2026-07-14T01:30:27.662204+00:00
Japan,Ko Itakura,,,8000000.0,,,transfermarkt,2026-07-14T01:30:27.662204+00:00
Japan,Ayumu Seko,,,5000000.0,,,transfermarkt,2026-07-14T01:30:27.662204+00:00
Japan,Takehiro Tomiyasu,,,5000000.0,,,transfermarkt,2026-07-14T01:30:27.662204+00:00
Japan,Junnosuke Suzuki,,,3500000.0,,,transfermarkt,2026-07-14T01:30:27.662204+00:00
Japan,Shogo Taniguchi,,,750000.0,,,transfermarkt,2026-07-14T01:30:27.662204+00:00
Japan,Yuto Nagatomo,,,100000.0,,,transfermarkt,2026-07-14T01:30:27.662204+00:00
Japan,Yukinari Sugawara,,,5500000.0,,,transfermarkt,2026-07-14T01:30:27.662204+00:00
Japan,Kaishu Sano,,,40000000.0,,,transfermarkt,2026-07-14T01:30:27.662204+00:00
Japan,Ao Tanaka,,,13000000.0,,,transfermarkt,2026-07-14T01:30:27.662204+00:00
Japan,Daichi Kamada,,,10000000.0,,,transfermarkt,2026-07-14T01:30:27.662204+00:00
Japan,Daizen Maeda,,,13000000.0,,,transfermarkt,2026-07-14T01:30:27.662204+00:00
Japan,Keito Nakamura,,,10000000.0,,,transfermarkt,2026-07-14T01:30:27.662204+00:00
Japan,Takefusa Kubo,,,20000000.0,,,transfermarkt,2026-07-14T01:30:27.662204+00:00
Japan,Ritsu Doan,,,17000000.0,,,transfermarkt,2026-07-14T01:30:27.662204+00:00
Japan,Junya Ito,,,3000000.0,,,transfermarkt,2026-07-14T01:30:27.662204+00:00
Japan,Yuito Suzuki,,,24000000.0,,,transfermarkt,2026-07-14T01:30:27.662204+00:00
Japan,Ayase Ueda,,,17000000.0,,,transfermarkt,2026-07-14T01:30:27.662204+00:00
Japan,Keisuke Goto,,,10000000.0,,,transfermarkt,2026-07-14T01:30:27.662204+00:00
Japan,Kento Shiogai,,,8000000.0,,,transfermarkt,2026-07-14T01:30:27.662204+00:00
Japan,Shuto Machino,,,4000000.0,,,transfermarkt,2026-07-14T01:30:27.662204+00:00
Japan,Koki Ogawa,,,2000000.0,,,transfermarkt,2026-07-14T01:30:27.662204+00:00
Algeria,Luca Zidane,,,1000000.0,,,transfermarkt,2026-07-14T01:30:34.347518+00:00
Algeria,Oussama Benbout,,,850000.0,,,transfermarkt,2026-07-14T01:30:34.347518+00:00
Algeria,Melvin Mastil,,,250000.0,,,transfermarkt,2026-07-14T01:30:34.347518+00:00
Algeria,Ramy Bensebaini,,,7000000.0,,,transfermarkt,2026-07-14T01:30:34.347518+00:00
Algeria,Samir Chergui,,,3000000.0,,,transfermarkt,2026-07-14T01:30:34.347518+00:00
Algeria,Zineddine Belaid,,,1800000.0,,,transfermarkt,2026-07-14T01:30:34.347518+00:00
Algeria,Mohamed Amine Tougai,,,1300000.0,,,transfermarkt,2026-07-14T01:30:34.347518+00:00
Algeria,Aïssa Mandi,,,1000000.0,,,transfermarkt,2026-07-14T01:30:34.347518+00:00
Algeria,Achref Abada,,,1000000.0,,,transfermarkt,2026-07-14T01:30:34.347518+00:00
Algeria,Rayan Aït-Nouri,,,40000000.0,,,transfermarkt,2026-07-14T01:30:34.347518+00:00
Algeria,Jaouen Hadjam,,,7000000.0,,,transfermarkt,2026-07-14T01:30:34.347518+00:00
Algeria,Rafik Belghali,,,7000000.0,,,transfermarkt,2026-07-14T01:30:34.347518+00:00
Algeria,Ramiz Zerrouki,,,6500000.0,,,transfermarkt,2026-07-14T01:30:34.347518+00:00
Algeria,Nabil Bentaleb,,,4500000.0,,,transfermarkt,2026-07-14T01:30:34.347518+00:00
Algeria,Hicham Boudaoui,,,12000000.0,,,transfermarkt,2026-07-14T01:30:34.347518+00:00
Algeria,Yassine Titraoui,,,7000000.0,,,transfermarkt,2026-07-14T01:30:34.347518+00:00
Algeria,Ibrahim Maza,,,45000000.0,,,transfermarkt,2026-07-14T01:30:34.347518+00:00
Algeria,Farès Chaïbi,,,15000000.0,,,transfermarkt,2026-07-14T01:30:34.347518+00:00
Algeria,Houssem Aouar,,,8000000.0,,,transfermarkt,2026-07-14T01:30:34.347518+00:00
Algeria,Adil Boulbina,,,3000000.0,,,transfermarkt,2026-07-14T01:30:34.347518+00:00
Algeria,Anis Hadj Moussa,,,23000000.0,,,transfermarkt,2026-07-14T01:30:34.347518+00:00
Algeria,Farès Ghedjemis,,,7500000.0,,,transfermarkt,2026-07-14T01:30:34.347518+00:00
Algeria,Riyad Mahrez,,,5000000.0,,,transfermarkt,2026-07-14T01:30:34.347518+00:00
Algeria,Amine Gouiri,,,28000000.0,,,transfermarkt,2026-07-14T01:30:34.347518+00:00
Algeria,Mohamed Amoura,,,20000000.0,,,transfermarkt,2026-07-14T01:30:34.347518+00:00
Algeria,Nadhir Benbouali,,,1200000.0,,,transfermarkt,2026-07-14T01:30:34.347518+00:00
Austria,Florian Wiegele,,,2200000.0,,,transfermarkt,2026-07-14T01:30:37.465558+00:00
Austria,Patrick Pentz,,,2200000.0,,,transfermarkt,2026-07-14T01:30:37.465558+00:00
Austria,Alexander Schlager,,,2000000.0,,,transfermarkt,2026-07-14T01:30:37.465558+00:00
Austria,David Affengruber,,,20000000.0,,,transfermarkt,2026-07-14T01:30:37.465558+00:00
Austria,Kevin Danso,,,20000000.0,,,transfermarkt,2026-07-14T01:30:37.465558+00:00
Austria,Philipp Lienhart,,,10000000.0,,,transfermarkt,2026-07-14T01:30:37.465558+00:00
Austria,Marco Friedl,,,10000000.0,,,transfermarkt,2026-07-14T01:30:37.465558+00:00
Austria,Stefan Posch,,,6000000.0,,,transfermarkt,2026-07-14T01:30:37.465558+00:00
Austria,Michael Svoboda,,,3500000.0,,,transfermarkt,2026-07-14T01:30:37.465558+00:00
Austria,David Alaba,,,3000000.0,,,transfermarkt,2026-07-14T01:30:37.465558+00:00
Austria,Phillipp Mwene,,,1500000.0,,,transfermarkt,2026-07-14T01:30:37.465558+00:00
Austria,Konrad Laimer,,,32000000.0,,,transfermarkt,2026-07-14T01:30:37.465558+00:00
Austria,Nicolas Seiwald,,,25000000.0,,,transfermarkt,2026-07-14T01:30:37.465558+00:00
Austria,Dejan Ljubicic,,,3000000.0,,,transfermarkt,2026-07-14T01:30:37.465558+00:00
Austria,Florian Grillitsch,,,2500000.0,,,transfermarkt,2026-07-14T01:30:37.465558+00:00
Austria,Paul Wanner,,,22000000.0,,,transfermarkt,2026-07-14T01:30:37.465558+00:00
Austria,Carney Chukwuemeka,,,20000000.0,,,transfermarkt,2026-07-14T01:30:37.465558+00:00
Austria,Xaver Schlager,,,10000000.0,,,transfermarkt,2026-07-14T01:30:37.465558+00:00
Austria,Marcel Sabitzer,,,6000000.0,,,transfermarkt,2026-07-14T01:30:37.465558+00:00
Austria,Alessandro Schöpf,,,800000.0,,,transfermarkt,2026-07-14T01:30:37.465558+00:00
Austria,Alexander Prass,,,9000000.0,,,transfermarkt,2026-07-14T01:30:37.465558+00:00
Austria,Romano Schmid,,,15000000.0,,,transfermarkt,2026-07-14T01:30:37.465558+00:00
Austria,Patrick Wimmer,,,12000000.0,,,transfermarkt,2026-07-14T01:30:37.465558+00:00
Austria,Sasa Kalajdzic,,,4000000.0,,,transfermarkt,2026-07-14T01:30:37.465558+00:00
Austria,Marko Arnautovic,,,2000000.0,,,transfermarkt,2026-07-14T01:30:37.465558+00:00
Austria,Michael Gregoritsch,,,1500000.0,,,transfermarkt,2026-07-14T01:30:37.465558+00:00
Ghana,Lawrence Ati Zigi,,,1500000.0,,,transfermarkt,2026-07-14T01:30:42.190355+00:00
Ghana,Joseph Anang,,,350000.0,,,transfermarkt,2026-07-14T01:30:42.190355+00:00
Ghana,Benjamin Asare,,,100000.0,,,transfermarkt,2026-07-14T01:30:42.190355+00:00
Ghana,Kojo Peprah Oppong,,,10000000.0,,,transfermarkt,2026-07-14T01:30:42.190355+00:00
Ghana,Alidu Seidu,,,6000000.0,,,transfermarkt,2026-07-14T01:30:42.190355+00:00
Ghana,Jonas Adjetey,,,6000000.0,,,transfermarkt,2026-07-14T01:30:42.190355+00:00
Ghana,Jerome Opoku,,,5000000.0,,,transfermarkt,2026-07-14T01:30:42.190355+00:00
Ghana,Abdul Mumin,,,3000000.0,,,transfermarkt,2026-07-14T01:30:42.190355+00:00
Ghana,Derrick Luckassen,,,1000000.0,,,transfermarkt,2026-07-14T01:30:42.190355+00:00
Ghana,Gideon Mensah,,,4000000.0,,,transfermarkt,2026-07-14T01:30:42.190355+00:00
Ghana,Abdul Rahman Baba,,,2000000.0,,,transfermarkt,2026-07-14T01:30:42.190355+00:00
Ghana,Marvin Senaya,,,3000000.0,,,transfermarkt,2026-07-14T01:30:42.190355+00:00
Ghana,Elisha Owusu,,,4000000.0,,,transfermarkt,2026-07-14T01:30:42.190355+00:00
Ghana,Thomas Partey,,,2000000.0,,,transfermarkt,2026-07-14T01:30:42.190355+00:00
Ghana,Caleb Yirenkyi,,,10000000.0,,,transfermarkt,2026-07-14T01:30:42.190355+00:00
Ghana,Kwasi Sibo,,,1400000.0,,,transfermarkt,2026-07-14T01:30:42.190355+00:00
Ghana,Augustine Boakye,,,6000000.0,,,transfermarkt,2026-07-14T01:30:42.190355+00:00
Ghana,Kamaldeen Sulemana,,,17000000.0,,,transfermarkt,2026-07-14T01:30:42.190355+00:00
Ghana,Christopher Bonsu Baah,,,14000000.0,,,transfermarkt,2026-07-14T01:30:42.190355+00:00
Ghana,Antoine Semenyo,,,80000000.0,,,transfermarkt,2026-07-14T01:30:42.190355+00:00
Ghana,Abdul Fatawu,,,20000000.0,,,transfermarkt,2026-07-14T01:30:42.190355+00:00
Ghana,Ernest Nuamah,,,10000000.0,,,transfermarkt,2026-07-14T01:30:42.190355+00:00
Ghana,Iñaki Williams,,,8000000.0,,,transfermarkt,2026-07-14T01:30:42.190355+00:00
Ghana,Brandon Thomas-Asante,,,16000000.0,,,transfermarkt,2026-07-14T01:30:42.190355+00:00
Ghana,Prince Adu,,,3000000.0,,,transfermarkt,2026-07-14T01:30:42.190355+00:00
Ghana,Jordan Ayew,,,1000000.0,,,transfermarkt,2026-07-14T01:30:42.190355+00:00
Canada,Dayne St. Clair,,,3500000.0,,,transfermarkt,2026-07-14T01:30:46.905932+00:00
Canada,Maxime Crépeau,,,1800000.0,,,transfermarkt,2026-07-14T01:30:46.905932+00:00
Canada,Owen Goodman,,,550000.0,,,transfermarkt,2026-07-14T01:30:46.905932+00:00
Canada,Moïse Bombito,,,7000000.0,,,transfermarkt,2026-07-14T01:30:46.905932+00:00
Canada,Alfie Jones,,,6000000.0,,,transfermarkt,2026-07-14T01:30:46.905932+00:00
Canada,Derek Cornelius,,,2500000.0,,,transfermarkt,2026-07-14T01:30:46.905932+00:00
Canada,Joel Waterman,,,2000000.0,,,transfermarkt,2026-07-14T01:30:46.905932+00:00
Canada,Luc De Fougerolles,,,1000000.0,,,transfermarkt,2026-07-14T01:30:46.905932+00:00
Canada,Alphonso Davies,,,40000000.0,,,transfermarkt,2026-07-14T01:30:46.905932+00:00
Canada,Alistair Johnston,,,8000000.0,,,transfermarkt,2026-07-14T01:30:46.905932+00:00
Canada,Richie Laryea,,,1000000.0,,,transfermarkt,2026-07-14T01:30:46.905932+00:00
Canada,Niko Sigur,,,4000000.0,,,transfermarkt,2026-07-14T01:30:46.905932+00:00
Canada,Ismaël Koné,,,25000000.0,,,transfermarkt,2026-07-14T01:30:46.905932+00:00
Canada,Nathan-Dylan Saliba,,,7500000.0,,,transfermarkt,2026-07-14T01:30:46.905932+00:00
Canada,Stephen Eustaquio,,,6000000.0,,,transfermarkt,2026-07-14T01:30:46.905932+00:00
Canada,Jonathan Osorio,,,1000000.0,,,transfermarkt,2026-07-14T01:30:46.905932+00:00
Canada,Mathieu Choinière,,,800000.0,,,transfermarkt,2026-07-14T01:30:46.905932+00:00
Canada,Ali Ahmed,,,5000000.0,,,transfermarkt,2026-07-14T01:30:46.905932+00:00
Canada,Liam Millar,,,3000000.0,,,transfermarkt,2026-07-14T01:30:46.905932+00:00
Canada,Jacob Shaffelburg,,,2500000.0,,,transfermarkt,2026-07-14T01:30:46.905932+00:00
Canada,Jayden Nelson,,,2000000.0,,,transfermarkt,2026-07-14T01:30:46.905932+00:00
Canada,Tajon Buchanan,,,12000000.0,,,transfermarkt,2026-07-14T01:30:46.905932+00:00
Canada,Jonathan David,,,30000000.0,,,transfermarkt,2026-07-14T01:30:46.905932+00:00
Canada,Promise David,,,17000000.0,,,transfermarkt,2026-07-14T01:30:46.905932+00:00
Canada,Tani Oluwaseyi,,,7000000.0,,,transfermarkt,2026-07-14T01:30:46.905932+00:00
Canada,Cyle Larin,,,2500000.0,,,transfermarkt,2026-07-14T01:30:46.905932+00:00
Mexico,Raúl Rangel,,,6500000.0,,,transfermarkt,2026-07-14T01:30:55.470169+00:00
Mexico,Carlos Acevedo,,,2800000.0,,,transfermarkt,2026-07-14T01:30:55.470169+00:00
Mexico,Guillermo Ochoa,,,250000.0,,,transfermarkt,2026-07-14T01:30:55.470169+00:00
Mexico,Johan Vásquez,,,12000000.0,,,transfermarkt,2026-07-14T01:30:55.470169+00:00
Mexico,César Montes,,,7500000.0,,,transfermarkt,2026-07-14T01:30:55.470169+00:00
Mexico,Luis Romo,,,3000000.0,,,transfermarkt,2026-07-14T01:30:55.470169+00:00
Mexico,Mateo Chávez,,,4000000.0,,,transfermarkt,2026-07-14T01:30:55.470169+00:00
Mexico,Jesús Gallardo,,,2800000.0,,,transfermarkt,2026-07-14T01:30:55.470169+00:00
Mexico,Israel Reyes,,,6500000.0,,,transfermarkt,2026-07-14T01:30:55.470169+00:00
Mexico,Jorge Sánchez,,,2000000.0,,,transfermarkt,2026-07-14T01:30:55.470169+00:00
Mexico,Edson Álvarez,,,15000000.0,,,transfermarkt,2026-07-14T01:30:55.470169+00:00
Mexico,Érik Lira,,,12000000.0,,,transfermarkt,2026-07-14T01:30:55.470169+00:00
Mexico,Luis Chávez,,,6000000.0,,,transfermarkt,2026-07-14T01:30:55.470169+00:00
Mexico,Obed Vargas,,,10000000.0,,,transfermarkt,2026-07-14T01:30:55.470169+00:00
Mexico,Orbelín Pineda,,,7000000.0,,,transfermarkt,2026-07-14T01:30:55.470169+00:00
Mexico,Álvaro Fidalgo,,,6000000.0,,,transfermarkt,2026-07-14T01:30:55.470169+00:00
Mexico,Gilberto Mora,,,10000000.0,,,transfermarkt,2026-07-14T01:30:55.470169+00:00
Mexico,Brian Gutiérrez,,,8000000.0,,,transfermarkt,2026-07-14T01:30:55.470169+00:00
Mexico,Alexis Vega,,,8000000.0,,,transfermarkt,2026-07-14T01:30:55.470169+00:00
Mexico,César Huerta,,,3500000.0,,,transfermarkt,2026-07-14T01:30:55.470169+00:00
Mexico,Roberto Alvarado,,,7500000.0,,,transfermarkt,2026-07-14T01:30:55.470169+00:00
Mexico,Santiago Gimenez,,,18000000.0,,,transfermarkt,2026-07-14T01:30:55.470169+00:00
Mexico,Armando González,,,15000000.0,,,transfermarkt,2026-07-14T01:30:55.470169+00:00
Mexico,Julián Quiñones,,,14000000.0,,,transfermarkt,2026-07-14T01:30:55.470169+00:00
Mexico,Raúl Jiménez,,,3000000.0,,,transfermarkt,2026-07-14T01:30:55.470169+00:00
Mexico,Guillermo Martínez,,,1500000.0,,,transfermarkt,2026-07-14T01:30:55.470169+00:00
Czechia,Lukas Hornicek,,,18000000.0,,,transfermarkt,2026-07-14T01:31:01.181112+00:00
Czechia,Matej Kovar,,,8000000.0,,,transfermarkt,2026-07-14T01:31:01.181112+00:00
Czechia,Jindrich Stanek,,,2000000.0,,,transfermarkt,2026-07-14T01:31:01.181112+00:00
Czechia,Ladislav Krejci,,,22000000.0,,,transfermarkt,2026-07-14T01:31:01.181112+00:00
Czechia,Robin Hranac,,,10000000.0,,,transfermarkt,2026-07-14T01:31:01.181112+00:00
Czechia,Stepan Chaloupek,,,10000000.0,,,transfermarkt,2026-07-14T01:31:01.181112+00:00
Czechia,David Zima,,,7000000.0,,,transfermarkt,2026-07-14T01:31:01.181112+00:00
Czechia,Tomas Holes,,,1000000.0,,,transfermarkt,2026-07-14T01:31:01.181112+00:00
Czechia,Jaroslav Zelený,,,600000.0,,,transfermarkt,2026-07-14T01:31:01.181112+00:00
Czechia,David Jurásek,,,5000000.0,,,transfermarkt,2026-07-14T01:31:01.181112+00:00
Czechia,Vladimír Coufal,,,2500000.0,,,transfermarkt,2026-07-14T01:31:01.181112+00:00
Czechia,Tomáš Souček,,,10000000.0,,,transfermarkt,2026-07-14T01:31:01.181112+00:00
Czechia,Michal Sadílek,,,8000000.0,,,transfermarkt,2026-07-14T01:31:01.181112+00:00
Czechia,Lukas Cerv,,,6000000.0,,,transfermarkt,2026-07-14T01:31:01.181112+00:00
Czechia,Hugo Sochurek,,,3500000.0,,,transfermarkt,2026-07-14T01:31:01.181112+00:00
Czechia,Alexandr Sojka,,,2300000.0,,,transfermarkt,2026-07-14T01:31:01.181112+00:00
Czechia,Vladimír Darida,,,375000.0,,,transfermarkt,2026-07-14T01:31:01.181112+00:00
Czechia,David Doudera,,,3500000.0,,,transfermarkt,2026-07-14T01:31:01.181112+00:00
Czechia,Pavel Sulc,,,20000000.0,,,transfermarkt,2026-07-14T01:31:01.181112+00:00
Czechia,Denis Visinsky,,,3000000.0,,,transfermarkt,2026-07-14T01:31:01.181112+00:00
Czechia,Lukas Provod,,,8000000.0,,,transfermarkt,2026-07-14T01:31:01.181112+00:00
Czechia,Patrik Schick,,,18000000.0,,,transfermarkt,2026-07-14T01:31:01.181112+00:00
Czechia,Adam Hlozek,,,10000000.0,,,transfermarkt,2026-07-14T01:31:01.181112+00:00
Czechia,Mojmír Chytil,,,4000000.0,,,transfermarkt,2026-07-14T01:31:01.181112+00:00
Czechia,Jan Kuchta,,,2700000.0,,,transfermarkt,2026-07-14T01:31:01.181112+00:00
Czechia,Tomas Chory,,,2700000.0,,,transfermarkt,2026-07-14T01:31:01.181112+00:00
Scotland,Angus Gunn,,,1000000.0,,,transfermarkt,2026-07-14T01:31:05.584329+00:00
Scotland,Liam Kelly,,,800000.0,,,transfermarkt,2026-07-14T01:31:05.584329+00:00
Scotland,Craig Gordon,,,50000.0,,,transfermarkt,2026-07-14T01:31:05.584329+00:00
Scotland,Scott McKenna,,,4000000.0,,,transfermarkt,2026-07-14T01:31:05.584329+00:00
Scotland,Jack Hendry,,,2500000.0,,,transfermarkt,2026-07-14T01:31:05.584329+00:00
Scotland,John Souttar,,,2000000.0,,,transfermarkt,2026-07-14T01:31:05.584329+00:00
Scotland,Dominic Hyam,,,2000000.0,,,transfermarkt,2026-07-14T01:31:05.584329+00:00
Scotland,Grant Hanley,,,200000.0,,,transfermarkt,2026-07-14T01:31:05.584329+00:00
Scotland,Kieran Tierney,,,8000000.0,,,transfermarkt,2026-07-14T01:31:05.584329+00:00
Scotland,Andrew Robertson,,,7000000.0,,,transfermarkt,2026-07-14T01:31:05.584329+00:00
Scotland,Aaron Hickey,,,16000000.0,,,transfermarkt,2026-07-14T01:31:05.584329+00:00
Scotland,Nathan Patterson,,,10000000.0,,,transfermarkt,2026-07-14T01:31:05.584329+00:00
Scotland,Anthony Ralston,,,1500000.0,,,transfermarkt,2026-07-14T01:31:05.584329+00:00
Scotland,Scott McTominay,,,40000000.0,,,transfermarkt,2026-07-14T01:31:05.584329+00:00
Scotland,Lewis Ferguson,,,14000000.0,,,transfermarkt,2026-07-14T01:31:05.584329+00:00
Scotland,John McGinn,,,13000000.0,,,transfermarkt,2026-07-14T01:31:05.584329+00:00
Scotland,Ryan Christie,,,8000000.0,,,transfermarkt,2026-07-14T01:31:05.584329+00:00
Scotland,Tyler Fletcher,,,1500000.0,,,transfermarkt,2026-07-14T01:31:05.584329+00:00
Scotland,Kenny McLean,,,400000.0,,,transfermarkt,2026-07-14T01:31:05.584329+00:00
Scotland,Findlay Curtis,,,2000000.0,,,transfermarkt,2026-07-14T01:31:05.584329+00:00
Scotland,Ben Gannon-Doak,,,15000000.0,,,transfermarkt,2026-07-14T01:31:05.584329+00:00
Scotland,George Hirst,,,10000000.0,,,transfermarkt,2026-07-14T01:31:05.584329+00:00
Scotland,Ché Adams,,,5000000.0,,,transfermarkt,2026-07-14T01:31:05.584329+00:00
Scotland,Lawrence Shankland,,,3000000.0,,,transfermarkt,2026-07-14T01:31:05.584329+00:00
Scotland,Ross Stewart,,,2500000.0,,,transfermarkt,2026-07-14T01:31:05.584329+00:00
Scotland,Lyndon Dykes,,,800000.0,,,transfermarkt,2026-07-14T01:31:05.584329+00:00
Paraguay,Orlando Gill,,,6000000.0,,,transfermarkt,2026-07-14T01:31:08.134052+00:00
Paraguay,Gastón Olveira,,,500000.0,,,transfermarkt,2026-07-14T01:31:08.134052+00:00
Paraguay,Roberto Fernández,,,100000.0,,,transfermarkt,2026-07-14T01:31:08.134052+00:00
Paraguay,Omar Alderete,,,13000000.0,,,transfermarkt,2026-07-14T01:31:08.134052+00:00
Paraguay,Gustavo Gómez,,,3500000.0,,,transfermarkt,2026-07-14T01:31:08.134052+00:00
Paraguay,José Canale,,,2200000.0,,,transfermarkt,2026-07-14T01:31:08.134052+00:00
Paraguay,Júnior Alonso,,,1500000.0,,,transfermarkt,2026-07-14T01:31:08.134052+00:00
Paraguay,Fabián Balbuena,,,900000.0,,,transfermarkt,2026-07-14T01:31:08.134052+00:00
Paraguay,Gustavo Velázquez,,,400000.0,,,transfermarkt,2026-07-14T01:31:08.134052+00:00
Paraguay,Alexandro Maidana,,,2500000.0,,,transfermarkt,2026-07-14T01:31:08.134052+00:00
Paraguay,Juan José Cáceres,,,5000000.0,,,transfermarkt,2026-07-14T01:31:08.134052+00:00
Paraguay,Andrés Cubas,,,4500000.0,,,transfermarkt,2026-07-14T01:31:08.134052+00:00
Paraguay,Braian Ojeda,,,3500000.0,,,transfermarkt,2026-07-14T01:31:08.134052+00:00
Paraguay,Diego Gómez,,,25000000.0,,,transfermarkt,2026-07-14T01:31:08.134052+00:00
Paraguay,Damián Bobadilla,,,6000000.0,,,transfermarkt,2026-07-14T01:31:08.134052+00:00
Paraguay,Matías Galarza,,,3000000.0,,,transfermarkt,2026-07-14T01:31:08.134052+00:00
Paraguay,Julio Enciso,,,25000000.0,,,transfermarkt,2026-07-14T01:31:08.134052+00:00
Paraguay,Mauricio,,,15000000.0,,,transfermarkt,2026-07-14T01:31:08.134052+00:00
Paraguay,Kaku,,,4500000.0,,,transfermarkt,2026-07-14T01:31:08.134052+00:00
Paraguay,Gustavo Caballero,,,1000000.0,,,transfermarkt,2026-07-14T01:31:08.134052+00:00
Paraguay,Miguel Almirón,,,7000000.0,,,transfermarkt,2026-07-14T01:31:08.134052+00:00
Paraguay,Ramón Sosa,,,10000000.0,,,transfermarkt,2026-07-14T01:31:08.134052+00:00
Paraguay,Isidro Pitta,,,7500000.0,,,transfermarkt,2026-07-14T01:31:08.134052+00:00
Paraguay,Álex Arce,,,3500000.0,,,transfermarkt,2026-07-14T01:31:08.134052+00:00
Paraguay,Antonio Sanabria,,,1800000.0,,,transfermarkt,2026-07-14T01:31:08.134052+00:00
Paraguay,Gabriel Ávalos,,,750000.0,,,transfermarkt,2026-07-14T01:31:08.134052+00:00
Bosnia-Herzegovina,Nikola Vasilj,,,4500000.0,,,transfermarkt,2026-07-14T01:31:12.543475+00:00
Bosnia-Herzegovina,Martin Zlomislic,,,2000000.0,,,transfermarkt,2026-07-14T01:31:12.543475+00:00
Bosnia-Herzegovina,Mladen Jurkas,,,700000.0,,,transfermarkt,2026-07-14T01:31:12.543475+00:00
Bosnia-Herzegovina,Tarik Muharemović,,,25000000.0,,,transfermarkt,2026-07-14T01:31:12.543475+00:00
Bosnia-Herzegovina,Sead Kolasinac,,,4000000.0,,,transfermarkt,2026-07-14T01:31:12.543475+00:00
Bosnia-Herzegovina,Stjepan Radeljic,,,2800000.0,,,transfermarkt,2026-07-14T01:31:12.543475+00:00
Bosnia-Herzegovina,Nikola Katic,,,1800000.0,,,transfermarkt,2026-07-14T01:31:12.543475+00:00
Bosnia-Herzegovina,Nihad Mujakic,,,1200000.0,,,transfermarkt,2026-07-14T01:31:12.543475+00:00
Bosnia-Herzegovina,Dennis Hadzikadunic,,,1200000.0,,,transfermarkt,2026-07-14T01:31:12.543475+00:00
Bosnia-Herzegovina,Amar Dedić,,,16000000.0,,,transfermarkt,2026-07-14T01:31:12.543475+00:00
Bosnia-Herzegovina,Arjan Malic,,,1800000.0,,,transfermarkt,2026-07-14T01:31:12.543475+00:00
Bosnia-Herzegovina,Amir Hadziahmetovic,,,4000000.0,,,transfermarkt,2026-07-14T01:31:12.543475+00:00
Bosnia-Herzegovina,Ivan Šunjić,,,2000000.0,,,transfermarkt,2026-07-14T01:31:12.543475+00:00
Bosnia-Herzegovina,Dzenis Burnic,,,1200000.0,,,transfermarkt,2026-07-14T01:31:12.543475+00:00
Bosnia-Herzegovina,Benjamin Tahirović,,,4500000.0,,,transfermarkt,2026-07-14T01:31:12.543475+00:00
Bosnia-Herzegovina,Armin Gigovic,,,2500000.0,,,transfermarkt,2026-07-14T01:31:12.543475+00:00
Bosnia-Herzegovina,Ivan Basic,,,1500000.0,,,transfermarkt,2026-07-14T01:31:12.543475+00:00
Bosnia-Herzegovina,Amar Memić,,,4500000.0,,,transfermarkt,2026-07-14T01:31:12.543475+00:00
Bosnia-Herzegovina,Ermin Mahmic,,,5000000.0,,,transfermarkt,2026-07-14T01:31:12.543475+00:00
Bosnia-Herzegovina,Kerim Alajbegovic,,,22000000.0,,,transfermarkt,2026-07-14T01:31:12.543475+00:00
Bosnia-Herzegovina,Esmir Bajraktarevic,,,8000000.0,,,transfermarkt,2026-07-14T01:31:12.543475+00:00
Bosnia-Herzegovina,Ermedin Demirovic,,,22000000.0,,,transfermarkt,2026-07-14T01:31:12.543475+00:00
Bosnia-Herzegovina,Haris Tabakovic,,,3500000.0,,,transfermarkt,2026-07-14T01:31:12.543475+00:00
Bosnia-Herzegovina,Jovo Lukić,,,2200000.0,,,transfermarkt,2026-07-14T01:31:12.543475+00:00
Bosnia-Herzegovina,Samed Bazdar,,,1500000.0,,,transfermarkt,2026-07-14T01:31:12.543475+00:00
Bosnia-Herzegovina,Edin Dzeko,,,1000000.0,,,transfermarkt,2026-07-14T01:31:12.543475+00:00
Democratic Republic of the Congo,Matthieu Epolo,,,8000000.0,,,transfermarkt,2026-07-14T01:31:15.229061+00:00
Democratic Republic of the Congo,Timothy Fayulu,,,800000.0,,,transfermarkt,2026-07-14T01:31:15.229061+00:00
Democratic Republic of the Congo,Lionel Mpasi-Nzau,,,400000.0,,,transfermarkt,2026-07-14T01:31:15.229061+00:00
Democratic Republic of the Congo,Axel Tuanzebe,,,5000000.0,,,transfermarkt,2026-07-14T01:31:15.229061+00:00
Democratic Republic of the Congo,Steve Kapuadi,,,2500000.0,,,transfermarkt,2026-07-14T01:31:15.229061+00:00
Democratic Republic of the Congo,Chancel Mbemba,,,2000000.0,,,transfermarkt,2026-07-14T01:31:15.229061+00:00
Democratic Republic of the Congo,Dylan Batubinsika,,,600000.0,,,transfermarkt,2026-07-14T01:31:15.229061+00:00
Democratic Republic of the Congo,Joris Kayembe,,,2000000.0,,,transfermarkt,2026-07-14T01:31:15.229061+00:00
Democratic Republic of the Congo,Arthur Masuaku,,,2000000.0,,,transfermarkt,2026-07-14T01:31:15.229061+00:00
Democratic Republic of the Congo,Aaron Wan-Bissaka,,,15000000.0,,,transfermarkt,2026-07-14T01:31:15.229061+00:00
Democratic Republic of the Congo,Gédéon Kalulu,,,1000000.0,,,transfermarkt,2026-07-14T01:31:15.229061+00:00
Democratic Republic of the Congo,Ngal'ayel Mukau,,,15000000.0,,,transfermarkt,2026-07-14T01:31:15.229061+00:00
Democratic Republic of the Congo,Charles Pickel,,,2500000.0,,,transfermarkt,2026-07-14T01:31:15.229061+00:00
Democratic Republic of the Congo,Noah Sadiki,,,35000000.0,,,transfermarkt,2026-07-14T01:31:15.229061+00:00
Democratic Republic of the Congo,Edo Kayembe,,,4000000.0,,,transfermarkt,2026-07-14T01:31:15.229061+00:00
Democratic Republic of the Congo,Samuel Moutoussamy,,,1200000.0,,,transfermarkt,2026-07-14T01:31:15.229061+00:00
Democratic Republic of the Congo,Aaron Tshibola,,,150000.0,,,transfermarkt,2026-07-14T01:31:15.229061+00:00
Democratic Republic of the Congo,Gaël Kakuta,,,,,,transfermarkt,2026-07-14T01:31:15.229061+00:00
Democratic Republic of the Congo,Nathanaël Mbuku,,,2000000.0,,,transfermarkt,2026-07-14T01:31:15.229061+00:00
Democratic Republic of the Congo,Brian Cipenga,,,2000000.0,,,transfermarkt,2026-07-14T01:31:15.229061+00:00
Democratic Republic of the Congo,Théo Bongonda,,,3000000.0,,,transfermarkt,2026-07-14T01:31:15.229061+00:00
Democratic Republic of the Congo,Yoane Wissa,,,25000000.0,,,transfermarkt,2026-07-14T01:31:15.229061+00:00
Democratic Republic of the Congo,Simon Banza,,,10000000.0,,,transfermarkt,2026-07-14T01:31:15.229061+00:00
Democratic Republic of the Congo,Fiston Mayele,,,1800000.0,,,transfermarkt,2026-07-14T01:31:15.229061+00:00
Democratic Republic of the Congo,Meschack Elia,,,1500000.0,,,transfermarkt,2026-07-14T01:31:15.229061+00:00
Democratic Republic of the Congo,Cédric Bakambu,,,1200000.0,,,transfermarkt,2026-07-14T01:31:15.229061+00:00
South Korea,Bum-keun Song,,,1000000.0,,,transfermarkt,2026-07-14T01:31:20.854834+00:00
South Korea,Hyeon-woo Jo,,,650000.0,,,transfermarkt,2026-07-14T01:31:20.854834+00:00
South Korea,Seung-gyu Kim,,,500000.0,,,transfermarkt,2026-07-14T01:31:20.854834+00:00
South Korea,Min-jae Kim,,,20000000.0,,,transfermarkt,2026-07-14T01:31:20.854834+00:00
South Korea,Han-beom Lee,,,3000000.0,,,transfermarkt,2026-07-14T01:31:20.854834+00:00
South Korea,Tae-hyeon Kim,,,1200000.0,,,transfermarkt,2026-07-14T01:31:20.854834+00:00
South Korea,Gi-hyuk Lee,,,800000.0,,,transfermarkt,2026-07-14T01:31:20.854834+00:00
South Korea,Wi-je Cho,,,550000.0,,,transfermarkt,2026-07-14T01:31:20.854834+00:00
South Korea,Tae-seok Lee,,,2000000.0,,,transfermarkt,2026-07-14T01:31:20.854834+00:00
South Korea,Young-woo Seol,,,6500000.0,,,transfermarkt,2026-07-14T01:31:20.854834+00:00
South Korea,Moon-hwan Kim,,,750000.0,,,transfermarkt,2026-07-14T01:31:20.854834+00:00
South Korea,In-beom Hwang,,,7000000.0,,,transfermarkt,2026-07-14T01:31:20.854834+00:00
South Korea,Jin-seob Park,,,1000000.0,,,transfermarkt,2026-07-14T01:31:20.854834+00:00
South Korea,Jens Castrop,,,10000000.0,,,transfermarkt,2026-07-14T01:31:20.854834+00:00
South Korea,Seung-ho Paik,,,2000000.0,,,transfermarkt,2026-07-14T01:31:20.854834+00:00
South Korea,Jin-gyu Kim,,,1200000.0,,,transfermarkt,2026-07-14T01:31:20.854834+00:00
South Korea,Kang-in Lee,,,28000000.0,,,transfermarkt,2026-07-14T01:31:20.854834+00:00
South Korea,Jun-ho Bae,,,4000000.0,,,transfermarkt,2026-07-14T01:31:20.854834+00:00
South Korea,Jae-sung Lee,,,2000000.0,,,transfermarkt,2026-07-14T01:31:20.854834+00:00
South Korea,Dong-gyeong Lee,,,1600000.0,,,transfermarkt,2026-07-14T01:31:20.854834+00:00
South Korea,Heung-min Son,,,15000000.0,,,transfermarkt,2026-07-14T01:31:20.854834+00:00
South Korea,Ji-sung Eom,,,1800000.0,,,transfermarkt,2026-07-14T01:31:20.854834+00:00
South Korea,Hyun-jun Yang,,,5000000.0,,,transfermarkt,2026-07-14T01:31:20.854834+00:00
South Korea,Hyeon-gyu Oh,,,15000000.0,,,transfermarkt,2026-07-14T01:31:20.854834+00:00
South Korea,Hee-chan Hwang,,,6000000.0,,,transfermarkt,2026-07-14T01:31:20.854834+00:00
South Korea,Gue-sung Cho,,,2500000.0,,,transfermarkt,2026-07-14T01:31:20.854834+00:00
Egypt,Oufa Shobeir,,,1200000.0,,,transfermarkt,2026-07-14T01:31:29.263378+00:00
Egypt,Mohamed Alaa,,,1200000.0,,,transfermarkt,2026-07-14T01:31:29.263378+00:00
Egypt,Mohamed El Shenawy,,,500000.0,,,transfermarkt,2026-07-14T01:31:29.263378+00:00
Egypt,El Mahdi Soliman,,,150000.0,,,transfermarkt,2026-07-14T01:31:29.263378+00:00
Egypt,Mohamed Abdelmonem,,,2500000.0,,,transfermarkt,2026-07-14T01:31:29.263378+00:00
Egypt,Hossam Abdelmaguid,,,2000000.0,,,transfermarkt,2026-07-14T01:31:29.263378+00:00
Egypt,Ramy Rabia,,,600000.0,,,transfermarkt,2026-07-14T01:31:29.263378+00:00
Egypt,Yasser Ibrahim,,,275000.0,,,transfermarkt,2026-07-14T01:31:29.263378+00:00
Egypt,Ahmed Fatouh,,,1000000.0,,,transfermarkt,2026-07-14T01:31:29.263378+00:00
Egypt,Karim Hafez,,,700000.0,,,transfermarkt,2026-07-14T01:31:29.263378+00:00
Egypt,Mohamed Hany,,,1500000.0,,,transfermarkt,2026-07-14T01:31:29.263378+00:00
Egypt,Tarek Alaa,,,250000.0,,,transfermarkt,2026-07-14T01:31:29.263378+00:00
Egypt,Marwan Ateya,,,4000000.0,,,transfermarkt,2026-07-14T01:31:29.263378+00:00
Egypt,Mohanad Lasheen,,,3000000.0,,,transfermarkt,2026-07-14T01:31:29.263378+00:00
Egypt,Hamdy Fathy,,,1800000.0,,,transfermarkt,2026-07-14T01:31:29.263378+00:00
Egypt,Nabil Dunga,,,1000000.0,,,transfermarkt,2026-07-14T01:31:29.263378+00:00
Egypt,Emam Ashour,,,4000000.0,,,transfermarkt,2026-07-14T01:31:29.263378+00:00
Egypt,Mahmoud Saber,,,1500000.0,,,transfermarkt,2026-07-14T01:31:29.263378+00:00
Egypt,Trezeguet,,,4500000.0,,,transfermarkt,2026-07-14T01:31:29.263378+00:00
Egypt,Ibrahim Adel,,,2500000.0,,,transfermarkt,2026-07-14T01:31:29.263378+00:00
Egypt,Mostafa Ziko,,,1800000.0,,,transfermarkt,2026-07-14T01:31:29.263378+00:00
Egypt,Mohamed Salah,,,22000000.0,,,transfermarkt,2026-07-14T01:31:29.263378+00:00
Egypt,Haissem Hassan,,,3500000.0,,,transfermarkt,2026-07-14T01:31:29.263378+00:00
Egypt,Zizo,,,3500000.0,,,transfermarkt,2026-07-14T01:31:29.263378+00:00
Egypt,Omar Marmoush,,,50000000.0,,,transfermarkt,2026-07-14T01:31:29.263378+00:00
Egypt,Hamza Abdelkarim,,,1500000.0,,,transfermarkt,2026-07-14T01:31:29.263378+00:00
Uzbekistan,Abduvokhid Nematov,,,1500000.0,,,transfermarkt,2026-07-14T01:31:33.425177+00:00
Uzbekistan,Utkir Yusupov,,,500000.0,,,transfermarkt,2026-07-14T01:31:33.425177+00:00
Uzbekistan,Botirali Ergashev,,,500000.0,,,transfermarkt,2026-07-14T01:31:33.425177+00:00
Uzbekistan,Abdukodir Khusanov,,,50000000.0,,,transfermarkt,2026-07-14T01:31:33.425177+00:00
Uzbekistan,Rustam Ashurmatov,,,750000.0,,,transfermarkt,2026-07-14T01:31:33.425177+00:00
Uzbekistan,Jakhongir Urozov,,,600000.0,,,transfermarkt,2026-07-14T01:31:33.425177+00:00
Uzbekistan,Avazbek Ulmasaliev,,,500000.0,,,transfermarkt,2026-07-14T01:31:33.425177+00:00
Uzbekistan,Umar Eshmurodov,,,450000.0,,,transfermarkt,2026-07-14T01:31:33.425177+00:00
Uzbekistan,Sherzod Nasrullaev,,,1200000.0,,,transfermarkt,2026-07-14T01:31:33.425177+00:00
Uzbekistan,Farrukh Sayfiev,,,225000.0,,,transfermarkt,2026-07-14T01:31:33.425177+00:00
Uzbekistan,Khozhiakbar Alizhonov,,,1300000.0,,,transfermarkt,2026-07-14T01:31:33.425177+00:00
Uzbekistan,Bekhruz Karimov,,,350000.0,,,transfermarkt,2026-07-14T01:31:33.425177+00:00
Uzbekistan,Odildzhon Khamrobekov,,,1000000.0,,,transfermarkt,2026-07-14T01:31:33.425177+00:00
Uzbekistan,Abdulla Abdullaev,,,500000.0,,,transfermarkt,2026-07-14T01:31:33.425177+00:00
Uzbekistan,Aziz Ganiev,,,2000000.0,,,transfermarkt,2026-07-14T01:31:33.425177+00:00
Uzbekistan,Otabek Shukurov,,,1500000.0,,,transfermarkt,2026-07-14T01:31:33.425177+00:00
Uzbekistan,Akmal Mozgovoy,,,1400000.0,,,transfermarkt,2026-07-14T01:31:33.425177+00:00
Uzbekistan,Sherzod Esanov,,,450000.0,,,transfermarkt,2026-07-14T01:31:33.425177+00:00
Uzbekistan,Jamshid Iskanderov,,,1000000.0,,,transfermarkt,2026-07-14T01:31:33.425177+00:00
Uzbekistan,Oston Urunov,,,2000000.0,,,transfermarkt,2026-07-14T01:31:33.425177+00:00
Uzbekistan,Ruslanbek Jiyanov,,,800000.0,,,transfermarkt,2026-07-14T01:31:33.425177+00:00
Uzbekistan,Abbosbek Fayzullaev,,,7000000.0,,,transfermarkt,2026-07-14T01:31:33.425177+00:00
Uzbekistan,Dostonbek Khamdamov,,,900000.0,,,transfermarkt,2026-07-14T01:31:33.425177+00:00
Uzbekistan,Eldor Shomurodov,,,7000000.0,,,transfermarkt,2026-07-14T01:31:33.425177+00:00
Uzbekistan,Igor Sergeev,,,1200000.0,,,transfermarkt,2026-07-14T01:31:33.425177+00:00
Uzbekistan,Azizbek Amanov,,,500000.0,,,transfermarkt,2026-07-14T01:31:33.425177+00:00
Australia,Mathew Ryan,,,1800000.0,,,transfermarkt,2026-07-14T01:31:36.852200+00:00
Australia,Patrick Beach,,,1000000.0,,,transfermarkt,2026-07-14T01:31:36.852200+00:00
Australia,Paul Izzo,,,500000.0,,,transfermarkt,2026-07-14T01:31:36.852200+00:00
Australia,Alessandro Circati,,,12000000.0,,,transfermarkt,2026-07-14T01:31:36.852200+00:00
Australia,Lucas Herrington,,,4500000.0,,,transfermarkt,2026-07-14T01:31:36.852200+00:00
Australia,Harry Souttar,,,3500000.0,,,transfermarkt,2026-07-14T01:31:36.852200+00:00
Australia,Cameron Burgess,,,1500000.0,,,transfermarkt,2026-07-14T01:31:36.852200+00:00
Australia,Milos Degenek,,,450000.0,,,transfermarkt,2026-07-14T01:31:36.852200+00:00
Australia,Jordan Bos,,,12000000.0,,,transfermarkt,2026-07-14T01:31:36.852200+00:00
Australia,Aziz Behich,,,250000.0,,,transfermarkt,2026-07-14T01:31:36.852200+00:00
Australia,Jacob Italiano,,,600000.0,,,transfermarkt,2026-07-14T01:31:36.852200+00:00
Australia,Jason Geria,,,350000.0,,,transfermarkt,2026-07-14T01:31:36.852200+00:00
Australia,Aiden O'Neill,,,3000000.0,,,transfermarkt,2026-07-14T01:31:36.852200+00:00
Australia,Kai Trewin,,,1800000.0,,,transfermarkt,2026-07-14T01:31:36.852200+00:00
Australia,Paul Okon-Engstler,,,1200000.0,,,transfermarkt,2026-07-14T01:31:36.852200+00:00
Australia,Cammy Devlin,,,2000000.0,,,transfermarkt,2026-07-14T01:31:36.852200+00:00
Australia,Connor Metcalfe,,,1500000.0,,,transfermarkt,2026-07-14T01:31:36.852200+00:00
Australia,Jackson Irvine,,,1000000.0,,,transfermarkt,2026-07-14T01:31:36.852200+00:00
Australia,Ajdin Hrustic,,,600000.0,,,transfermarkt,2026-07-14T01:31:36.852200+00:00
Australia,Cristian Volpato,,,10000000.0,,,transfermarkt,2026-07-14T01:31:36.852200+00:00
Australia,Nishan Velupillay,,,650000.0,,,transfermarkt,2026-07-14T01:31:36.852200+00:00
Australia,Awer Mabil,,,500000.0,,,transfermarkt,2026-07-14T01:31:36.852200+00:00
Australia,Mathew Leckie,,,300000.0,,,transfermarkt,2026-07-14T01:31:36.852200+00:00
Australia,Nestory Irankunda,,,8000000.0,,,transfermarkt,2026-07-14T01:31:36.852200+00:00
Australia,Mohamed Touré,,,8000000.0,,,transfermarkt,2026-07-14T01:31:36.852200+00:00
Australia,Tete Yengi,,,450000.0,,,transfermarkt,2026-07-14T01:31:36.852200+00:00
Tunisia,Abdelmouhib Chamakh,,,800000.0,,,transfermarkt,2026-07-14T01:31:41.579060+00:00
Tunisia,Aymen Dahmen,,,800000.0,,,transfermarkt,2026-07-14T01:31:41.579060+00:00
Tunisia,Sabri Ben Hessen,,,550000.0,,,transfermarkt,2026-07-14T01:31:41.579060+00:00
Tunisia,Montassar Talbi,,,8000000.0,,,transfermarkt,2026-07-14T01:31:41.579060+00:00
Tunisia,Adem Arous,,,4000000.0,,,transfermarkt,2026-07-14T01:31:41.579060+00:00
Tunisia,Dylan Bronn,,,600000.0,,,transfermarkt,2026-07-14T01:31:41.579060+00:00
Tunisia,Raed Chikhaoui,,,600000.0,,,transfermarkt,2026-07-14T01:31:41.579060+00:00
Tunisia,Omar Rekik,,,500000.0,,,transfermarkt,2026-07-14T01:31:41.579060+00:00
Tunisia,Ali Abdi,,,2000000.0,,,transfermarkt,2026-07-14T01:31:41.579060+00:00
Tunisia,Mohamed Amine Ben Hamida,,,1000000.0,,,transfermarkt,2026-07-14T01:31:41.579060+00:00
Tunisia,Yan Valery,,,1500000.0,,,transfermarkt,2026-07-14T01:31:41.579060+00:00
Tunisia,Moutaz Neffati,,,1200000.0,,,transfermarkt,2026-07-14T01:31:41.579060+00:00
Tunisia,Ellyes Skhiri,,,5000000.0,,,transfermarkt,2026-07-14T01:31:41.579060+00:00
Tunisia,Rani Khedira,,,2000000.0,,,transfermarkt,2026-07-14T01:31:41.579060+00:00
Tunisia,Mohamed Belhadj Mahmoud,,,2000000.0,,,transfermarkt,2026-07-14T01:31:41.579060+00:00
Tunisia,Hannibal,,,15000000.0,,,transfermarkt,2026-07-14T01:31:41.579060+00:00
Tunisia,Anis Ben Slimane,,,4000000.0,,,transfermarkt,2026-07-14T01:31:41.579060+00:00
Tunisia,Ismaël Gharbi,,,5000000.0,,,transfermarkt,2026-07-14T01:31:41.579060+00:00
Tunisia,Sebastian Tounekti,,,5000000.0,,,transfermarkt,2026-07-14T01:31:41.579060+00:00
Tunisia,Elias Achouri,,,3000000.0,,,transfermarkt,2026-07-14T01:31:41.579060+00:00
Tunisia,Elias Saad,,,2000000.0,,,transfermarkt,2026-07-14T01:31:41.579060+00:00
Tunisia,Mortadha Ben Ouanes,,,1500000.0,,,transfermarkt,2026-07-14T01:31:41.579060+00:00
Tunisia,Khalil Ayari,,,1000000.0,,,transfermarkt,2026-07-14T01:31:41.579060+00:00
Tunisia,Firas Chaouat,,,1200000.0,,,transfermarkt,2026-07-14T01:31:41.579060+00:00
Tunisia,Hazem Mastouri,,,900000.0,,,transfermarkt,2026-07-14T01:31:41.579060+00:00
Tunisia,Rayan Elloumi,,,800000.0,,,transfermarkt,2026-07-14T01:31:41.579060+00:00
Haiti,Alexandre Pierre,,,700000.0,,,transfermarkt,2026-07-14T01:31:45.864541+00:00
Haiti,Johny Placide,,,150000.0,,,transfermarkt,2026-07-14T01:31:45.864541+00:00
Haiti,Josué Duverger,,,,,,transfermarkt,2026-07-14T01:31:45.864541+00:00
Haiti,Hannes Delcroix,,,2000000.0,,,transfermarkt,2026-07-14T01:31:45.864541+00:00
Haiti,Jean-Kévin Duverne,,,2000000.0,,,transfermarkt,2026-07-14T01:31:45.864541+00:00
Haiti,Ricardo Adé,,,300000.0,,,transfermarkt,2026-07-14T01:31:45.864541+00:00
Haiti,Garven Metusala,,,200000.0,,,transfermarkt,2026-07-14T01:31:45.864541+00:00
Haiti,Keeto Thermoncy,,,100000.0,,,transfermarkt,2026-07-14T01:31:45.864541+00:00
Haiti,Martin Expérience,,,350000.0,,,transfermarkt,2026-07-14T01:31:45.864541+00:00
Haiti,Duke Lacroix,,,125000.0,,,transfermarkt,2026-07-14T01:31:45.864541+00:00
Haiti,Carlens Arcus,,,1800000.0,,,transfermarkt,2026-07-14T01:31:45.864541+00:00
Haiti,Wilguens Paugain,,,800000.0,,,transfermarkt,2026-07-14T01:31:45.864541+00:00
Haiti,Danley Jean Jacques,,,3000000.0,,,transfermarkt,2026-07-14T01:31:45.864541+00:00
Haiti,Dominique Simon,,,200000.0,,,transfermarkt,2026-07-14T01:31:45.864541+00:00
Haiti,Carl Sainté,,,125000.0,,,transfermarkt,2026-07-14T01:31:45.864541+00:00
Haiti,Woodensky Pierre,,,100000.0,,,transfermarkt,2026-07-14T01:31:45.864541+00:00
Haiti,Jean-Ricner Bellegarde,,,16000000.0,,,transfermarkt,2026-07-14T01:31:45.864541+00:00
Haiti,Derrick Etienne Jr.,,,800000.0,,,transfermarkt,2026-07-14T01:31:45.864541+00:00
Haiti,Ruben Providence,,,300000.0,,,transfermarkt,2026-07-14T01:31:45.864541+00:00
Haiti,Josué Casimir,,,3000000.0,,,transfermarkt,2026-07-14T01:31:45.864541+00:00
Haiti,Louicius Deedson,,,1200000.0,,,transfermarkt,2026-07-14T01:31:45.864541+00:00
Haiti,Wilson Isidor,,,18000000.0,,,transfermarkt,2026-07-14T01:31:45.864541+00:00
Haiti,Lenny Joseph,,,2000000.0,,,transfermarkt,2026-07-14T01:31:45.864541+00:00
Haiti,Frantzdy Pierrot,,,1500000.0,,,transfermarkt,2026-07-14T01:31:45.864541+00:00
Haiti,Duckens Nazon,,,800000.0,,,transfermarkt,2026-07-14T01:31:45.864541+00:00
Haiti,Yassin Fortuné,,,300000.0,,,transfermarkt,2026-07-14T01:31:45.864541+00:00
South Africa,Sipho Chaine,,,1600000.0,,,transfermarkt,2026-07-14T01:32:00.490919+00:00
South Africa,Ronwen Williams,,,800000.0,,,transfermarkt,2026-07-14T01:32:00.490919+00:00
South Africa,Ricardo Goss,,,350000.0,,,transfermarkt,2026-07-14T01:32:00.490919+00:00
South Africa,Mbekezeli Mbokazi,,,3500000.0,,,transfermarkt,2026-07-14T01:32:00.490919+00:00
South Africa,Ime Okon,,,2000000.0,,,transfermarkt,2026-07-14T01:32:00.490919+00:00
South Africa,Olwethu Makhanya,,,2000000.0,,,transfermarkt,2026-07-14T01:32:00.490919+00:00
South Africa,Nkosinathi Sibisi,,,1600000.0,,,transfermarkt,2026-07-14T01:32:00.490919+00:00
South Africa,Khulumani Ndamane,,,1200000.0,,,transfermarkt,2026-07-14T01:32:00.490919+00:00
South Africa,Samukele Kabini,,,2500000.0,,,transfermarkt,2026-07-14T01:32:00.490919+00:00
South Africa,Aubrey Modiba,,,1800000.0,,,transfermarkt,2026-07-14T01:32:00.490919+00:00
South Africa,Bradley Cross,,,1000000.0,,,transfermarkt,2026-07-14T01:32:00.490919+00:00
South Africa,Thabang Matuludi,,,1200000.0,,,transfermarkt,2026-07-14T01:32:00.490919+00:00
South Africa,Khuliso Mudau,,,1200000.0,,,transfermarkt,2026-07-14T01:32:00.490919+00:00
South Africa,Kamogelo Sebelebele,,,1200000.0,,,transfermarkt,2026-07-14T01:32:00.490919+00:00
South Africa,Teboho Mokoena,,,2800000.0,,,transfermarkt,2026-07-14T01:32:00.490919+00:00
South Africa,Thalente Mbatha,,,2000000.0,,,transfermarkt,2026-07-14T01:32:00.490919+00:00
South Africa,Yaya Sithole,,,600000.0,,,transfermarkt,2026-07-14T01:32:00.490919+00:00
South Africa,Themba Zwane,,,250000.0,,,transfermarkt,2026-07-14T01:32:00.490919+00:00
South Africa,Relebohile Mofokeng,,,3000000.0,,,transfermarkt,2026-07-14T01:32:00.490919+00:00
South Africa,Oswin Appollis,,,2500000.0,,,transfermarkt,2026-07-14T01:32:00.490919+00:00
South Africa,Tshepang Moremi,,,1400000.0,,,transfermarkt,2026-07-14T01:32:00.490919+00:00
South Africa,Thapelo Maseko,,,750000.0,,,transfermarkt,2026-07-14T01:32:00.490919+00:00
South Africa,Lyle Foster,,,8000000.0,,,transfermarkt,2026-07-14T01:32:00.490919+00:00
South Africa,Iqraam Rayners,,,2800000.0,,,transfermarkt,2026-07-14T01:32:00.490919+00:00
South Africa,Evidence Makgopa,,,1400000.0,,,transfermarkt,2026-07-14T01:32:00.490919+00:00
Saudi Arabia,Nawaf Al-Aqidi,,,650000.0,,,transfermarkt,2026-07-14T01:32:04.648242+00:00
Saudi Arabia,Mohammed Al-Owais,,,275000.0,,,transfermarkt,2026-07-14T01:32:04.648242+00:00
Saudi Arabia,Ahmed Al-Kassar,,,175000.0,,,transfermarkt,2026-07-14T01:32:04.648242+00:00
Saudi Arabia,Hassan Tambakti,,,1800000.0,,,transfermarkt,2026-07-14T01:32:04.648242+00:00
Saudi Arabia,Abdulelah Al-Amri,,,1400000.0,,,transfermarkt,2026-07-14T01:32:04.648242+00:00
Saudi Arabia,Jehad Thakri,,,1200000.0,,,transfermarkt,2026-07-14T01:32:04.648242+00:00
Saudi Arabia,Ali Lajami,,,750000.0,,,transfermarkt,2026-07-14T01:32:04.648242+00:00
Saudi Arabia,Moteb Al-Harbi,,,1400000.0,,,transfermarkt,2026-07-14T01:32:04.648242+00:00
Saudi Arabia,Ayman Yahya,,,1200000.0,,,transfermarkt,2026-07-14T01:32:04.648242+00:00
Saudi Arabia,Hassan Kadesh,,,275000.0,,,transfermarkt,2026-07-14T01:32:04.648242+00:00
Saudi Arabia,Saud Abdulhamid,,,9000000.0,,,transfermarkt,2026-07-14T01:32:04.648242+00:00
Saudi Arabia,Mohammed Abu Al-Shamat,,,1800000.0,,,transfermarkt,2026-07-14T01:32:04.648242+00:00
Saudi Arabia,Ali Majrashi,,,1400000.0,,,transfermarkt,2026-07-14T01:32:04.648242+00:00
Saudi Arabia,Nawaf Boushal,,,1400000.0,,,transfermarkt,2026-07-14T01:32:04.648242+00:00
Saudi Arabia,Ziyad Al-Johani,,,800000.0,,,transfermarkt,2026-07-14T01:32:04.648242+00:00
Saudi Arabia,Abdullah Al-Khaibari,,,750000.0,,,transfermarkt,2026-07-14T01:32:04.648242+00:00
Saudi Arabia,Musab Al-Juwayr,,,6000000.0,,,transfermarkt,2026-07-14T01:32:04.648242+00:00
Saudi Arabia,Nasser Al-Dawsari,,,900000.0,,,transfermarkt,2026-07-14T01:32:04.648242+00:00
Saudi Arabia,Mohamed Kanno,,,800000.0,,,transfermarkt,2026-07-14T01:32:04.648242+00:00
Saudi Arabia,Alaa Hejji,,,300000.0,,,transfermarkt,2026-07-14T01:32:04.648242+00:00
Saudi Arabia,Khalid Al-Ghannam,,,2500000.0,,,transfermarkt,2026-07-14T01:32:04.648242+00:00
Saudi Arabia,Salem Al-Dawsari,,,1200000.0,,,transfermarkt,2026-07-14T01:32:04.648242+00:00
Saudi Arabia,Sultan Mandash,,,350000.0,,,transfermarkt,2026-07-14T01:32:04.648242+00:00
Saudi Arabia,Firas Al-Buraikan,,,3500000.0,,,transfermarkt,2026-07-14T01:32:04.648242+00:00
Saudi Arabia,Saleh Al-Shehri,,,500000.0,,,transfermarkt,2026-07-14T01:32:04.648242+00:00
Saudi Arabia,Abdullah Al-Hamdan,,,350000.0,,,transfermarkt,2026-07-14T01:32:04.648242+00:00
Panama,Orlando Mosquera,,,700000.0,,,transfermarkt,2026-07-14T01:32:08.713380+00:00
Panama,César Samudio,,,250000.0,,,transfermarkt,2026-07-14T01:32:08.713380+00:00
Panama,Luis Mejía,,,150000.0,,,transfermarkt,2026-07-14T01:32:08.713380+00:00
Panama,José Córdoba,,,5000000.0,,,transfermarkt,2026-07-14T01:32:08.713380+00:00
Panama,Andrés Andrade,,,2500000.0,,,transfermarkt,2026-07-14T01:32:08.713380+00:00
Panama,Edgardo Fariña,,,900000.0,,,transfermarkt,2026-07-14T01:32:08.713380+00:00
Panama,Jiovany Ramos,,,450000.0,,,transfermarkt,2026-07-14T01:32:08.713380+00:00
Panama,Fidel Escobar,,,350000.0,,,transfermarkt,2026-07-14T01:32:08.713380+00:00
Panama,Roderick Miller,,,175000.0,,,transfermarkt,2026-07-14T01:32:08.713380+00:00
Panama,Jorge Gutiérrez,,,800000.0,,,transfermarkt,2026-07-14T01:32:08.713380+00:00
Panama,Éric Davis,,,50000.0,,,transfermarkt,2026-07-14T01:32:08.713380+00:00
Panama,Amir Murillo,,,7000000.0,,,transfermarkt,2026-07-14T01:32:08.713380+00:00
Panama,César Blackman,,,2500000.0,,,transfermarkt,2026-07-14T01:32:08.713380+00:00
Panama,Cristian Martínez,,,800000.0,,,transfermarkt,2026-07-14T01:32:08.713380+00:00
Panama,Carlos Harvey,,,600000.0,,,transfermarkt,2026-07-14T01:32:08.713380+00:00
Panama,Aníbal Godoy,,,100000.0,,,transfermarkt,2026-07-14T01:32:08.713380+00:00
Panama,Adalberto Carrasquilla,,,4000000.0,,,transfermarkt,2026-07-14T01:32:08.713380+00:00
Panama,José Luis Rodríguez,,,2500000.0,,,transfermarkt,2026-07-14T01:32:08.713380+00:00
Panama,Ismael Díaz,,,1800000.0,,,transfermarkt,2026-07-14T01:32:08.713380+00:00
Panama,Yoel Bárcenas,,,650000.0,,,transfermarkt,2026-07-14T01:32:08.713380+00:00
Panama,César Yanis,,,400000.0,,,transfermarkt,2026-07-14T01:32:08.713380+00:00
Panama,Alberto Quintero,,,75000.0,,,transfermarkt,2026-07-14T01:32:08.713380+00:00
Panama,Tomás Rodríguez,,,1000000.0,,,transfermarkt,2026-07-14T01:32:08.713380+00:00
Panama,Azarías Londoño,,,1000000.0,,,transfermarkt,2026-07-14T01:32:08.713380+00:00
Panama,José Fajardo,,,550000.0,,,transfermarkt,2026-07-14T01:32:08.713380+00:00
Panama,Cecilio Waterman,,,250000.0,,,transfermarkt,2026-07-14T01:32:08.713380+00:00
New Zealand,Max Crocombe,,,1000000.0,,,transfermarkt,2026-07-14T01:32:12.486729+00:00
New Zealand,Alex Paulsen,,,500000.0,,,transfermarkt,2026-07-14T01:32:12.486729+00:00
New Zealand,Michael Woud,,,400000.0,,,transfermarkt,2026-07-14T01:32:12.486729+00:00
New Zealand,Tyler Bindon,,,3500000.0,,,transfermarkt,2026-07-14T01:32:12.486729+00:00
New Zealand,Finn Surman,,,1800000.0,,,transfermarkt,2026-07-14T01:32:12.486729+00:00
New Zealand,Nando Pijnaker,,,400000.0,,,transfermarkt,2026-07-14T01:32:12.486729+00:00
New Zealand,Michael Boxall,,,150000.0,,,transfermarkt,2026-07-14T01:32:12.486729+00:00
New Zealand,Tommy Smith,,,50000.0,,,transfermarkt,2026-07-14T01:32:12.486729+00:00
New Zealand,Liberato Cacace,,,2500000.0,,,transfermarkt,2026-07-14T01:32:12.486729+00:00
New Zealand,Ben Old,,,1800000.0,,,transfermarkt,2026-07-14T01:32:12.486729+00:00
New Zealand,Francis de Vries,,,600000.0,,,transfermarkt,2026-07-14T01:32:12.486729+00:00
New Zealand,Callan Elliot,,,450000.0,,,transfermarkt,2026-07-14T01:32:12.486729+00:00
New Zealand,Tim Payne,,,350000.0,,,transfermarkt,2026-07-14T01:32:12.486729+00:00
New Zealand,Joe Bell,,,3500000.0,,,transfermarkt,2026-07-14T01:32:12.486729+00:00
New Zealand,Ryan Thomas,,,650000.0,,,transfermarkt,2026-07-14T01:32:12.486729+00:00
New Zealand,Alex Rufer,,,600000.0,,,transfermarkt,2026-07-14T01:32:12.486729+00:00
New Zealand,Marko Stamenić,,,3000000.0,,,transfermarkt,2026-07-14T01:32:12.486729+00:00
New Zealand,Lachlan Bayliss,,,550000.0,,,transfermarkt,2026-07-14T01:32:12.486729+00:00
New Zealand,Elijah Just,,,2500000.0,,,transfermarkt,2026-07-14T01:32:12.486729+00:00
New Zealand,Callum McCowatt,,,2500000.0,,,transfermarkt,2026-07-14T01:32:12.486729+00:00
New Zealand,Sarpreet Singh,,,500000.0,,,transfermarkt,2026-07-14T01:32:12.486729+00:00
New Zealand,Jesse Randall,,,900000.0,,,transfermarkt,2026-07-14T01:32:12.486729+00:00
New Zealand,Logan Rogerson,,,400000.0,,,transfermarkt,2026-07-14T01:32:12.486729+00:00
New Zealand,Chris Wood,,,5000000.0,,,transfermarkt,2026-07-14T01:32:12.486729+00:00
New Zealand,Ben Waine,,,400000.0,,,transfermarkt,2026-07-14T01:32:12.486729+00:00
New Zealand,Kosta Barbarouses,,,300000.0,,,transfermarkt,2026-07-14T01:32:12.486729+00:00
Iran,Payam Niazmand,,,700000.0,,,transfermarkt,2026-07-14T01:32:16.935598+00:00
Iran,Alireza Beiranvand,,,650000.0,,,transfermarkt,2026-07-14T01:32:16.935598+00:00
Iran,Seyed Hossein Hosseini,,,500000.0,,,transfermarkt,2026-07-14T01:32:16.935598+00:00
Iran,Hossein Kanaani,,,1600000.0,,,transfermarkt,2026-07-14T01:32:16.935598+00:00
Iran,Danial Eiri,,,1000000.0,,,transfermarkt,2026-07-14T01:32:16.935598+00:00
Iran,Ali Nemati,,,550000.0,,,transfermarkt,2026-07-14T01:32:16.935598+00:00
Iran,Shoja Khalilzadeh,,,100000.0,,,transfermarkt,2026-07-14T01:32:16.935598+00:00
Iran,Milad Mohammadi,,,900000.0,,,transfermarkt,2026-07-14T01:32:16.935598+00:00
Iran,Ehsan Hajsafi,,,250000.0,,,transfermarkt,2026-07-14T01:32:16.935598+00:00
Iran,Arya Yousefi,,,1500000.0,,,transfermarkt,2026-07-14T01:32:16.935598+00:00
Iran,Saleh Hardani,,,800000.0,,,transfermarkt,2026-07-14T01:32:16.935598+00:00
Iran,Ramin Rezaeian,,,250000.0,,,transfermarkt,2026-07-14T01:32:16.935598+00:00
Iran,Saeed Ezatolahi,,,1800000.0,,,transfermarkt,2026-07-14T01:32:16.935598+00:00
Iran,Mohammad Ghorbani,,,1200000.0,,,transfermarkt,2026-07-14T01:32:16.935598+00:00
Iran,Roozbeh Cheshmi,,,450000.0,,,transfermarkt,2026-07-14T01:32:16.935598+00:00
Iran,Amirmohammad Razzaghinia,,,1200000.0,,,transfermarkt,2026-07-14T01:32:16.935598+00:00
Iran,Saman Ghoddos,,,1200000.0,,,transfermarkt,2026-07-14T01:32:16.935598+00:00
Iran,Mehdi Ghayedi,,,4500000.0,,,transfermarkt,2026-07-14T01:32:16.935598+00:00
Iran,Mohammad Mohebi,,,2500000.0,,,transfermarkt,2026-07-14T01:32:16.935598+00:00
Iran,Mehdi Torabi,,,1200000.0,,,transfermarkt,2026-07-14T01:32:16.935598+00:00
Iran,Alireza Jahanbakhsh,,,500000.0,,,transfermarkt,2026-07-14T01:32:16.935598+00:00
Iran,Amirhossein Hosseinzadeh,,,2200000.0,,,transfermarkt,2026-07-14T01:32:16.935598+00:00
Iran,Mehdi Taremi,,,2000000.0,,,transfermarkt,2026-07-14T01:32:16.935598+00:00
Iran,Dennis Eckert Ayensa,,,2000000.0,,,transfermarkt,2026-07-14T01:32:16.935598+00:00
Iran,Ali Alipour,,,1700000.0,,,transfermarkt,2026-07-14T01:32:16.935598+00:00
Iran,Shahriar Moghanlou,,,800000.0,,,transfermarkt,2026-07-14T01:32:16.935598+00:00
Curaçao,Eloy Room,,,150000.0,,,transfermarkt,2026-07-14T01:32:21.819015+00:00
Curaçao,Trevor Doornbusch,,,50000.0,,,transfermarkt,2026-07-14T01:32:21.819015+00:00
Curaçao,Tyrick Bodak,,,25000.0,,,transfermarkt,2026-07-14T01:32:21.819015+00:00
Curaçao,Armando Obispo,,,4000000.0,,,transfermarkt,2026-07-14T01:32:21.819015+00:00
Curaçao,Riechedly Bazoer,,,1500000.0,,,transfermarkt,2026-07-14T01:32:21.819015+00:00
Curaçao,Deveron Fonville,,,1500000.0,,,transfermarkt,2026-07-14T01:32:21.819015+00:00
Curaçao,Roshon van Eijma,,,375000.0,,,transfermarkt,2026-07-14T01:32:21.819015+00:00
Curaçao,Juriën Gaari,,,350000.0,,,transfermarkt,2026-07-14T01:32:21.819015+00:00
Curaçao,Sherel Floranus,,,800000.0,,,transfermarkt,2026-07-14T01:32:21.819015+00:00
Curaçao,Shurandy Sambo,,,1300000.0,,,transfermarkt,2026-07-14T01:32:21.819015+00:00
Curaçao,Joshua Brenet,,,1000000.0,,,transfermarkt,2026-07-14T01:32:21.819015+00:00
Curaçao,Livano Comenencia,,,500000.0,,,transfermarkt,2026-07-14T01:32:21.819015+00:00
Curaçao,Kevin Felida,,,400000.0,,,transfermarkt,2026-07-14T01:32:21.819015+00:00
Curaçao,Godfried Roemeratoe,,,350000.0,,,transfermarkt,2026-07-14T01:32:21.819015+00:00
Curaçao,Juninho Bacuna,,,1700000.0,,,transfermarkt,2026-07-14T01:32:21.819015+00:00
Curaçao,Leandro Bacuna,,,250000.0,,,transfermarkt,2026-07-14T01:32:21.819015+00:00
Curaçao,Tyrese Noslin,,,750000.0,,,transfermarkt,2026-07-14T01:32:21.819015+00:00
Curaçao,Tahith Chong,,,3500000.0,,,transfermarkt,2026-07-14T01:32:21.819015+00:00
Curaçao,Jearl Margaritha,,,1000000.0,,,transfermarkt,2026-07-14T01:32:21.819015+00:00
Curaçao,Jeremy Antonisse,,,800000.0,,,transfermarkt,2026-07-14T01:32:21.819015+00:00
Curaçao,Kenji Gorré,,,600000.0,,,transfermarkt,2026-07-14T01:32:21.819015+00:00
Curaçao,Sontje Hansen,,,3500000.0,,,transfermarkt,2026-07-14T01:32:21.819015+00:00
Curaçao,Ar'jany Martha,,,700000.0,,,transfermarkt,2026-07-14T01:32:21.819015+00:00
Curaçao,Brandley Kuwas,,,250000.0,,,transfermarkt,2026-07-14T01:32:21.819015+00:00
Curaçao,Gervane Kastaneer,,,225000.0,,,transfermarkt,2026-07-14T01:32:21.819015+00:00
Curaçao,Jürgen Locadia,,,200000.0,,,transfermarkt,2026-07-14T01:32:21.819015+00:00
Iraq,Ahmed Basil Fadhil,,,450000.0,,,transfermarkt,2026-07-14T01:32:24.840928+00:00
Iraq,Fahad Talib,,,375000.0,,,transfermarkt,2026-07-14T01:32:24.840928+00:00
Iraq,Jalal Hassan,,,250000.0,,,transfermarkt,2026-07-14T01:32:24.840928+00:00
Iraq,Akam Hashem,,,700000.0,,,transfermarkt,2026-07-14T01:32:24.840928+00:00
Iraq,Zaid Tahseen,,,600000.0,,,transfermarkt,2026-07-14T01:32:24.840928+00:00
Iraq,Frans Putros,,,325000.0,,,transfermarkt,2026-07-14T01:32:24.840928+00:00
Iraq,Manaf Younis,,,300000.0,,,transfermarkt,2026-07-14T01:32:24.840928+00:00
Iraq,Rebin Sulaka,,,100000.0,,,transfermarkt,2026-07-14T01:32:24.840928+00:00
Iraq,Merchas Doski,,,1700000.0,,,transfermarkt,2026-07-14T01:32:24.840928+00:00
Iraq,Ahmed Maknzi,,,450000.0,,,transfermarkt,2026-07-14T01:32:24.840928+00:00
Iraq,Hussein Ali,,,400000.0,,,transfermarkt,2026-07-14T01:32:24.840928+00:00
Iraq,Mustafa Saadoon,,,350000.0,,,transfermarkt,2026-07-14T01:32:24.840928+00:00
Iraq,Amir Al-Ammari,,,1000000.0,,,transfermarkt,2026-07-14T01:32:24.840928+00:00
Iraq,Zaid Ismail,,,500000.0,,,transfermarkt,2026-07-14T01:32:24.840928+00:00
Iraq,Aimar Sher,,,1500000.0,,,transfermarkt,2026-07-14T01:32:24.840928+00:00
Iraq,Zidane Iqbal,,,1000000.0,,,transfermarkt,2026-07-14T01:32:24.840928+00:00
Iraq,Kevin Yakob,,,850000.0,,,transfermarkt,2026-07-14T01:32:24.840928+00:00
Iraq,Marko Farji,,,1700000.0,,,transfermarkt,2026-07-14T01:32:24.840928+00:00
Iraq,Youssef Amyn,,,550000.0,,,transfermarkt,2026-07-14T01:32:24.840928+00:00
Iraq,Ali Jasim,,,500000.0,,,transfermarkt,2026-07-14T01:32:24.840928+00:00
Iraq,Ahmed Qasem,,,3500000.0,,,transfermarkt,2026-07-14T01:32:24.840928+00:00
Iraq,Ibrahim Bayesh,,,800000.0,,,transfermarkt,2026-07-14T01:32:24.840928+00:00
Iraq,Ali Al-Hamadi,,,1500000.0,,,transfermarkt,2026-07-14T01:32:24.840928+00:00
Iraq,Mohanad Ali,,,1200000.0,,,transfermarkt,2026-07-14T01:32:24.840928+00:00
Iraq,Aymen Hussein,,,400000.0,,,transfermarkt,2026-07-14T01:32:24.840928+00:00
Iraq,Ali Yousif,,,200000.0,,,transfermarkt,2026-07-14T01:32:24.840928+00:00
Qatar,Meshaal Barsham,,,700000.0,,,transfermarkt,2026-07-14T01:32:38.526719+00:00
Qatar,Mahmoud Abunada,,,400000.0,,,transfermarkt,2026-07-14T01:32:38.526719+00:00
Qatar,Salah Zakaria,,,400000.0,,,transfermarkt,2026-07-14T01:32:38.526719+00:00
Qatar,Lucas Mendes,,,350000.0,,,transfermarkt,2026-07-14T01:32:38.526719+00:00
Qatar,Al-Hashmi Al-Hussain,,,250000.0,,,transfermarkt,2026-07-14T01:32:38.526719+00:00
Qatar,Issa Laye,,,200000.0,,,transfermarkt,2026-07-14T01:32:38.526719+00:00
Qatar,Boualem Khoukhi,,,200000.0,,,transfermarkt,2026-07-14T01:32:38.526719+00:00
Qatar,Pedro Miguel,,,150000.0,,,transfermarkt,2026-07-14T01:32:38.526719+00:00
Qatar,Homam Al-Amin,,,500000.0,,,transfermarkt,2026-07-14T01:32:38.526719+00:00
Qatar,Sultan Al-Brake,,,300000.0,,,transfermarkt,2026-07-14T01:32:38.526719+00:00
Qatar,Ayoub Al-Oui,,,375000.0,,,transfermarkt,2026-07-14T01:32:38.526719+00:00
Qatar,Jassem Gaber,,,500000.0,,,transfermarkt,2026-07-14T01:32:38.526719+00:00
Qatar,Assim Madibo,,,350000.0,,,transfermarkt,2026-07-14T01:32:38.526719+00:00
Qatar,Ahmed Fathi,,,250000.0,,,transfermarkt,2026-07-14T01:32:38.526719+00:00
Qatar,Karim Boudiaf,,,175000.0,,,transfermarkt,2026-07-14T01:32:38.526719+00:00
Qatar,Mohamed Manai,,,500000.0,,,transfermarkt,2026-07-14T01:32:38.526719+00:00
Qatar,Abdulaziz Hatim,,,250000.0,,,transfermarkt,2026-07-14T01:32:38.526719+00:00
Qatar,Hassan Al-Haydos,,,300000.0,,,transfermarkt,2026-07-14T01:32:38.526719+00:00
Qatar,Akram Afif,,,8000000.0,,,transfermarkt,2026-07-14T01:32:38.526719+00:00
Qatar,Edmílson Junior,,,1800000.0,,,transfermarkt,2026-07-14T01:32:38.526719+00:00
Qatar,Tahsin Mohammed Jamshid,,,200000.0,,,transfermarkt,2026-07-14T01:32:38.526719+00:00
Qatar,Ahmed Al-Ganehi,,,500000.0,,,transfermarkt,2026-07-14T01:32:38.526719+00:00
Qatar,Yusuf Abdurisag,,,275000.0,,,transfermarkt,2026-07-14T01:32:38.526719+00:00
Qatar,Almoez Ali,,,2500000.0,,,transfermarkt,2026-07-14T01:32:38.526719+00:00
Qatar,Ahmed Alaaeldin,,,300000.0,,,transfermarkt,2026-07-14T01:32:38.526719+00:00
Qatar,Mohammed Muntari,,,200000.0,,,transfermarkt,2026-07-14T01:32:38.526719+00:00
Denmark,Mads Hermansen,,,15000000.0,,,transfermarkt,2026-07-14T01:32:43.448783+00:00
Denmark,Filip Jørgensen,,,15000000.0,,,transfermarkt,2026-07-14T01:32:43.448783+00:00
Denmark,Andreas Jungdal,,,3500000.0,,,transfermarkt,2026-07-14T01:32:43.448783+00:00
Denmark,Joachim Andersen,,,20000000.0,,,transfermarkt,2026-07-14T01:32:43.448783+00:00
Denmark,Lucas Høgsberg,,,18000000.0,,,transfermarkt,2026-07-14T01:32:43.448783+00:00
Denmark,Oliver Provstgaard,,,16000000.0,,,transfermarkt,2026-07-14T01:32:43.448783+00:00
Denmark,Andreas Christensen,,,8000000.0,,,transfermarkt,2026-07-14T01:32:43.448783+00:00
Denmark,Joakim Maehle,,,7000000.0,,,transfermarkt,2026-07-14T01:32:43.448783+00:00
Denmark,Victor Bak,,,4000000.0,,,transfermarkt,2026-07-14T01:32:43.448783+00:00
Denmark,Rasmus Nissen Kristensen,,,10000000.0,,,transfermarkt,2026-07-14T01:32:43.448783+00:00
Denmark,Alexander Bah,,,7000000.0,,,transfermarkt,2026-07-14T01:32:43.448783+00:00
Denmark,Pierre-Emile Højbjerg,,,15000000.0,,,transfermarkt,2026-07-14T01:32:43.448783+00:00
Denmark,Victor Froholdt,,,50000000.0,,,transfermarkt,2026-07-14T01:32:43.448783+00:00
Denmark,Jens Stage,,,14000000.0,,,transfermarkt,2026-07-14T01:32:43.448783+00:00
Denmark,Thomas Jørgensen,,,5000000.0,,,transfermarkt,2026-07-14T01:32:43.448783+00:00
Denmark,Albert Grønbaek,,,5000000.0,,,transfermarkt,2026-07-14T01:32:43.448783+00:00
Denmark,Christian Eriksen,,,2500000.0,,,transfermarkt,2026-07-14T01:32:43.448783+00:00
Denmark,Patrick Dorgu,,,35000000.0,,,transfermarkt,2026-07-14T01:32:43.448783+00:00
Denmark,Adam Daghim,,,7500000.0,,,transfermarkt,2026-07-14T01:32:43.448783+00:00
Denmark,Jacob Trenskow,,,7500000.0,,,transfermarkt,2026-07-14T01:32:43.448783+00:00
Denmark,Rasmus Højlund,,,60000000.0,,,transfermarkt,2026-07-14T01:32:43.448783+00:00
Denmark,William Osula,,,28000000.0,,,transfermarkt,2026-07-14T01:32:43.448783+00:00
Denmark,Kasper Høgh,,,12000000.0,,,transfermarkt,2026-07-14T01:32:43.448783+00:00
Italy,Gianluigi Donnarumma,,,45000000.0,,,transfermarkt,2026-07-14T01:32:47.824859+00:00
Italy,Lorenzo Palmisani,,,4000000.0,,,transfermarkt,2026-07-14T01:32:47.824859+00:00
Italy,Giovanni Daffara,,,3500000.0,,,transfermarkt,2026-07-14T01:32:47.824859+00:00
Italy,Honest Ahanor,,,30000000.0,,,transfermarkt,2026-07-14T01:32:47.824859+00:00
Italy,Pietro Comuzzo,,,18000000.0,,,transfermarkt,2026-07-14T01:32:47.824859+00:00
Italy,Luca Reggiani,,,10000000.0,,,transfermarkt,2026-07-14T01:32:47.824859+00:00
Italy,Fabio Chiarodia,,,3000000.0,,,transfermarkt,2026-07-14T01:32:47.824859+00:00
Italy,Filippo Mane,,,2500000.0,,,transfermarkt,2026-07-14T01:32:47.824859+00:00
Italy,Davide Bartesaghi,,,22000000.0,,,transfermarkt,2026-07-14T01:32:47.824859+00:00
Italy,Luca Lipani,,,7500000.0,,,transfermarkt,2026-07-14T01:32:47.824859+00:00
Italy,Giacomo Faticanti,,,4500000.0,,,transfermarkt,2026-07-14T01:32:47.824859+00:00
Italy,Niccolò Pisilli,,,30000000.0,,,transfermarkt,2026-07-14T01:32:47.824859+00:00
Italy,Cher Ndour,,,20000000.0,,,transfermarkt,2026-07-14T01:32:47.824859+00:00
Italy,Matteo Dagasso,,,3500000.0,,,transfermarkt,2026-07-14T01:32:47.824859+00:00
Italy,Costantino Favasuli,,,4000000.0,,,transfermarkt,2026-07-14T01:32:47.824859+00:00
Italy,Alessio Cacciamani,,,4500000.0,,,transfermarkt,2026-07-14T01:32:47.824859+00:00
Italy,Tommaso Berti,,,5500000.0,,,transfermarkt,2026-07-14T01:32:47.824859+00:00
Italy,Luca Koleosho,,,6000000.0,,,transfermarkt,2026-07-14T01:32:47.824859+00:00
Italy,Seydou Fini,,,2500000.0,,,transfermarkt,2026-07-14T01:32:47.824859+00:00
Italy,Samuele Inácio,,,15000000.0,,,transfermarkt,2026-07-14T01:32:47.824859+00:00
Italy,Pio Esposito,,,45000000.0,,,transfermarkt,2026-07-14T01:32:47.824859+00:00
Italy,Jeff Ekhator,,,18000000.0,,,transfermarkt,2026-07-14T01:32:47.824859+00:00
Italy,Francesco Camarda,,,15000000.0,,,transfermarkt,2026-07-14T01:32:47.824859+00:00
Greece,Konstantinos Tzolakis,,,18000000.0,,,transfermarkt,2026-07-14T01:32:51.353725+00:00
Greece,Christos Mandas,,,8000000.0,,,transfermarkt,2026-07-14T01:32:51.353725+00:00
Greece,Odysseas Vlachodimos,,,3000000.0,,,transfermarkt,2026-07-14T01:32:51.353725+00:00
Greece,Konstantinos Koulierakis,,,25000000.0,,,transfermarkt,2026-07-14T01:32:51.353725+00:00
Greece,Konstantinos Mavropanos,,,18000000.0,,,transfermarkt,2026-07-14T01:32:51.353725+00:00
Greece,Panagiotis Retsos,,,7000000.0,,,transfermarkt,2026-07-14T01:32:51.353725+00:00
Greece,Andreas Ntoi,,,5000000.0,,,transfermarkt,2026-07-14T01:32:51.353725+00:00
Greece,Pantelis Hatzidiakos,,,3000000.0,,,transfermarkt,2026-07-14T01:32:51.353725+00:00
Greece,Konstantinos Tsimikas,,,4500000.0,,,transfermarkt,2026-07-14T01:32:51.353725+00:00
Greece,Georgios Kyriakopoulos,,,2000000.0,,,transfermarkt,2026-07-14T01:32:51.353725+00:00
Greece,Georgios Vagiannidis,,,8000000.0,,,transfermarkt,2026-07-14T01:32:51.353725+00:00
Greece,Lazaros Rota,,,4500000.0,,,transfermarkt,2026-07-14T01:32:51.353725+00:00
Greece,Dimitrios Kourbelis,,,900000.0,,,transfermarkt,2026-07-14T01:32:51.353725+00:00
Greece,Christos Mouzakitis,,,25000000.0,,,transfermarkt,2026-07-14T01:32:51.353725+00:00
Greece,Christos Zafeiris,,,11000000.0,,,transfermarkt,2026-07-14T01:32:51.353725+00:00
Greece,Nectarios Triantis,,,3500000.0,,,transfermarkt,2026-07-14T01:32:51.353725+00:00
Greece,Sotiris Kontouris,,,1500000.0,,,transfermarkt,2026-07-14T01:32:51.353725+00:00
Greece,Athanasios Androutsos,,,700000.0,,,transfermarkt,2026-07-14T01:32:51.353725+00:00
Greece,Christos Tzolis,,,40000000.0,,,transfermarkt,2026-07-14T01:32:51.353725+00:00
Greece,Alexandros Kyziridis,,,3500000.0,,,transfermarkt,2026-07-14T01:32:51.353725+00:00
Greece,Georgios Masouras,,,1500000.0,,,transfermarkt,2026-07-14T01:32:51.353725+00:00
Greece,Vangelis Pavlidis,,,28000000.0,,,transfermarkt,2026-07-14T01:32:51.353725+00:00
Greece,Anastasios Douvikas,,,25000000.0,,,transfermarkt,2026-07-14T01:32:51.353725+00:00
Greece,Charalampos Kostoulas,,,25000000.0,,,transfermarkt,2026-07-14T01:32:51.353725+00:00
Greece,Andreas Tetteh,,,4000000.0,,,transfermarkt,2026-07-14T01:32:51.353725+00:00
Georgia,Giorgi Mamardashvili,,,28000000.0,,,transfermarkt,2026-07-14T01:32:56.853577+00:00
Georgia,Luka Gugeshashvili,,,700000.0,,,transfermarkt,2026-07-14T01:32:56.853577+00:00
Georgia,Davit Kereselidze,,,600000.0,,,transfermarkt,2026-07-14T01:32:56.853577+00:00
Georgia,Saba Goglichidze,,,3500000.0,,,transfermarkt,2026-07-14T01:32:56.853577+00:00
Georgia,Luka Lochoshvili,,,2500000.0,,,transfermarkt,2026-07-14T01:32:56.853577+00:00
Georgia,Luka Gadrani,,,1200000.0,,,transfermarkt,2026-07-14T01:32:56.853577+00:00
Georgia,Lasha Dvali,,,1000000.0,,,transfermarkt,2026-07-14T01:32:56.853577+00:00
Georgia,Ilia Beriashvili,,,500000.0,,,transfermarkt,2026-07-14T01:32:56.853577+00:00
Georgia,Irakli Azarovi,,,2500000.0,,,transfermarkt,2026-07-14T01:32:56.853577+00:00
Georgia,Saba Kharebashvili,,,2500000.0,,,transfermarkt,2026-07-14T01:32:56.853577+00:00
Georgia,Giorgi Gocholeishvili,,,2000000.0,,,transfermarkt,2026-07-14T01:32:56.853577+00:00
Georgia,Otar Kakabadze,,,1000000.0,,,transfermarkt,2026-07-14T01:32:56.853577+00:00
Georgia,Anzor Mekvabishvili,,,2000000.0,,,transfermarkt,2026-07-14T01:32:56.853577+00:00
Georgia,Giorgi Kochorashvili,,,4000000.0,,,transfermarkt,2026-07-14T01:32:56.853577+00:00
Georgia,Nika Gagnidze,,,900000.0,,,transfermarkt,2026-07-14T01:32:56.853577+00:00
Georgia,Otar Kiteishvili,,,5500000.0,,,transfermarkt,2026-07-14T01:32:56.853577+00:00
Georgia,Giorgi Chakvetadze,,,3500000.0,,,transfermarkt,2026-07-14T01:32:56.853577+00:00
Georgia,Irakli Yegoian,,,1800000.0,,,transfermarkt,2026-07-14T01:32:56.853577+00:00
Georgia,Gizo Mamageishvili,,,1200000.0,,,transfermarkt,2026-07-14T01:32:56.853577+00:00
Georgia,Khvicha Kvaratskhelia,,,140000000.0,,,transfermarkt,2026-07-14T01:32:56.853577+00:00
Georgia,Zuriko Davitashvili,,,12000000.0,,,transfermarkt,2026-07-14T01:32:56.853577+00:00
Georgia,Giorgi Kvernadze,,,4000000.0,,,transfermarkt,2026-07-14T01:32:56.853577+00:00
Georgia,Giorgi Tsitaishvili,,,3000000.0,,,transfermarkt,2026-07-14T01:32:56.853577+00:00
Georgia,Saba Lobjanidze,,,3000000.0,,,transfermarkt,2026-07-14T01:32:56.853577+00:00
Georgia,Georges Mikautadze,,,30000000.0,,,transfermarkt,2026-07-14T01:32:56.853577+00:00
Georgia,Giorgi Guliashvili,,,3500000.0,,,transfermarkt,2026-07-14T01:32:56.853577+00:00
Georgia,Budu Zivzivadze,,,1200000.0,,,transfermarkt,2026-07-14T01:32:56.853577+00:00
Ukraine,Anatoliy Trubin,,,25000000.0,,,transfermarkt,2026-07-14T01:32:59.974794+00:00
Ukraine,Ruslan Neshcheret,,,3500000.0,,,transfermarkt,2026-07-14T01:32:59.974794+00:00
Ukraine,Georgiy Yermakov,,,2500000.0,,,transfermarkt,2026-07-14T01:32:59.974794+00:00
Ukraine,Ilya Zabarnyi,,,40000000.0,,,transfermarkt,2026-07-14T01:32:59.974794+00:00
Ukraine,Mykola Matvienko,,,12000000.0,,,transfermarkt,2026-07-14T01:32:59.974794+00:00
Ukraine,Taras Mykhavko,,,10000000.0,,,transfermarkt,2026-07-14T01:32:59.974794+00:00
Ukraine,Valeriy Bondar,,,8000000.0,,,transfermarkt,2026-07-14T01:32:59.974794+00:00
Ukraine,Eduard Sarapiy,,,2500000.0,,,transfermarkt,2026-07-14T01:32:59.974794+00:00
Ukraine,Oleksandr Romanchuk,,,2500000.0,,,transfermarkt,2026-07-14T01:32:59.974794+00:00
Ukraine,Vitaliy Mykolenko,,,25000000.0,,,transfermarkt,2026-07-14T01:32:59.974794+00:00
Ukraine,Volodymyr Brazhko,,,10000000.0,,,transfermarkt,2026-07-14T01:32:59.974794+00:00
Ukraine,Mykola Shaparenko,,,8000000.0,,,transfermarkt,2026-07-14T01:32:59.974794+00:00
Ukraine,Ruslan Malinovskyi,,,2500000.0,,,transfermarkt,2026-07-14T01:32:59.974794+00:00
Ukraine,Yegor Nazaryna,,,2500000.0,,,transfermarkt,2026-07-14T01:32:59.974794+00:00
Ukraine,Danylo Ignatenko,,,1000000.0,,,transfermarkt,2026-07-14T01:32:59.974794+00:00
Ukraine,Georgiy Sudakov,,,25000000.0,,,transfermarkt,2026-07-14T01:32:59.974794+00:00
Ukraine,Artem Bondarenko,,,8000000.0,,,transfermarkt,2026-07-14T01:32:59.974794+00:00
Ukraine,Oleg Ocheretko,,,7000000.0,,,transfermarkt,2026-07-14T01:32:59.974794+00:00
Ukraine,Oleksandr Nazarenko,,,2500000.0,,,transfermarkt,2026-07-14T01:32:59.974794+00:00
Ukraine,Viktor Tsygankov,,,15000000.0,,,transfermarkt,2026-07-14T01:32:59.974794+00:00
Ukraine,Gennadiy Synchuk,,,3000000.0,,,transfermarkt,2026-07-14T01:32:59.974794+00:00
Ukraine,Andriy Yarmolenko,,,1000000.0,,,transfermarkt,2026-07-14T01:32:59.974794+00:00
Ukraine,Artem Dovbyk,,,15000000.0,,,transfermarkt,2026-07-14T01:32:59.974794+00:00
Ukraine,Matviy Ponomarenko,,,12000000.0,,,transfermarkt,2026-07-14T01:32:59.974794+00:00
Ukraine,Roman Yaremchuk,,,3500000.0,,,transfermarkt,2026-07-14T01:32:59.974794+00:00
Russia,Stanislav Agkatsev,,,12000000.0,,,transfermarkt,2026-07-14T01:33:03.047599+00:00
Russia,Aleksandr Maksimenko,,,4000000.0,,,transfermarkt,2026-07-14T01:33:03.047599+00:00
Russia,Denis Adamov,,,3500000.0,,,transfermarkt,2026-07-14T01:33:03.047599+00:00
Russia,Anton Mitryushkin,,,3500000.0,,,transfermarkt,2026-07-14T01:33:03.047599+00:00
Russia,Igor Diveev,,,10000000.0,,,transfermarkt,2026-07-14T01:33:03.047599+00:00
Russia,Evgeniy Morozov,,,4000000.0,,,transfermarkt,2026-07-14T01:33:03.047599+00:00
Russia,Maksim Osipenko,,,3000000.0,,,transfermarkt,2026-07-14T01:33:03.047599+00:00
Russia,Viktor Melekhin,,,3000000.0,,,transfermarkt,2026-07-14T01:33:03.047599+00:00
Russia,Kirill Danilov,,,2500000.0,,,transfermarkt,2026-07-14T01:33:03.047599+00:00
Russia,Aleksandr Silyanov,,,8000000.0,,,transfermarkt,2026-07-14T01:33:03.047599+00:00
Russia,Daniil Denisov,,,4000000.0,,,transfermarkt,2026-07-14T01:33:03.047599+00:00
Russia,Ilya Vakhania,,,3000000.0,,,transfermarkt,2026-07-14T01:33:03.047599+00:00
Russia,Mingiyan Beveev,,,1800000.0,,,transfermarkt,2026-07-14T01:33:03.047599+00:00
Russia,Dmitriy Barinov,,,7500000.0,,,transfermarkt,2026-07-14T01:33:03.047599+00:00
Russia,Nail Umyarov,,,7500000.0,,,transfermarkt,2026-07-14T01:33:03.047599+00:00
Russia,Artem Karpukas,,,7000000.0,,,transfermarkt,2026-07-14T01:33:03.047599+00:00
Russia,Matvey Kislyak,,,25000000.0,,,transfermarkt,2026-07-14T01:33:03.047599+00:00
Russia,Ivan Oblyakov,,,10000000.0,,,transfermarkt,2026-07-14T01:33:03.047599+00:00
Russia,Danil Prutsev,,,6000000.0,,,transfermarkt,2026-07-14T01:33:03.047599+00:00
Russia,Maksim Petrov,,,2800000.0,,,transfermarkt,2026-07-14T01:33:03.047599+00:00
Russia,Danil Krugovoy,,,5000000.0,,,transfermarkt,2026-07-14T01:33:03.047599+00:00
Russia,Aleksey Batrakov,,,28000000.0,,,transfermarkt,2026-07-14T01:33:03.047599+00:00
Russia,Aleksandr Golovin,,,18000000.0,,,transfermarkt,2026-07-14T01:33:03.047599+00:00
Russia,Nikita Krivtsov,,,7500000.0,,,transfermarkt,2026-07-14T01:33:03.047599+00:00
Russia,Aleksey Miranchuk,,,7500000.0,,,transfermarkt,2026-07-14T01:33:03.047599+00:00
Russia,Anton Miranchuk,,,2000000.0,,,transfermarkt,2026-07-14T01:33:03.047599+00:00
Russia,Lechi Sadulaev,,,3000000.0,,,transfermarkt,2026-07-14T01:33:03.047599+00:00
Russia,Amir Ibragimov,,,1000000.0,,,transfermarkt,2026-07-14T01:33:03.047599+00:00
Russia,Maksim Glushenkov,,,15000000.0,,,transfermarkt,2026-07-14T01:33:03.047599+00:00
Russia,Konstantin Tyukavin,,,17000000.0,,,transfermarkt,2026-07-14T01:33:03.047599+00:00
Russia,Dmitriy Vorobyov,,,6000000.0,,,transfermarkt,2026-07-14T01:33:03.047599+00:00
Russia,Ivan Sergeev,,,2800000.0,,,transfermarkt,2026-07-14T01:33:03.047599+00:00
Russia,Georgiy Melkadze,,,1800000.0,,,transfermarkt,2026-07-14T01:33:03.047599+00:00
Poland,Kamil Grabara,,,12000000.0,,,transfermarkt,2026-07-14T01:33:05.809452+00:00
Poland,Marcin Bulka,,,12000000.0,,,transfermarkt,2026-07-14T01:33:05.809452+00:00
Poland,Mateusz Kochalski,,,2500000.0,,,transfermarkt,2026-07-14T01:33:05.809452+00:00
Poland,Jakub Kiwior,,,35000000.0,,,transfermarkt,2026-07-14T01:33:05.809452+00:00
Poland,Kacper Potulski,,,18000000.0,,,transfermarkt,2026-07-14T01:33:05.809452+00:00
Poland,Jan Bednarek,,,11000000.0,,,transfermarkt,2026-07-14T01:33:05.809452+00:00
Poland,Oskar Wójcik,,,5000000.0,,,transfermarkt,2026-07-14T01:33:05.809452+00:00
Poland,Przemysław Wiśniewski,,,2500000.0,,,transfermarkt,2026-07-14T01:33:05.809452+00:00
Poland,Arkadiusz Pyrka,,,3500000.0,,,transfermarkt,2026-07-14T01:33:05.809452+00:00
Poland,Norbert Wojtuszek,,,3000000.0,,,transfermarkt,2026-07-14T01:33:05.809452+00:00
Poland,Tomasz Kędziora,,,2000000.0,,,transfermarkt,2026-07-14T01:33:05.809452+00:00
Poland,Bartosz Slisz,,,3500000.0,,,transfermarkt,2026-07-14T01:33:05.809452+00:00
Poland,Piotr Zielinski,,,10000000.0,,,transfermarkt,2026-07-14T01:33:05.809452+00:00
Poland,Jakub Piotrowski,,,4500000.0,,,transfermarkt,2026-07-14T01:33:05.809452+00:00
Poland,Nicola Zalewski,,,20000000.0,,,transfermarkt,2026-07-14T01:33:05.809452+00:00
Poland,Sebastian Szymanski,,,12000000.0,,,transfermarkt,2026-07-14T01:33:05.809452+00:00
Poland,Kacper Kozlowski,,,6000000.0,,,transfermarkt,2026-07-14T01:33:05.809452+00:00
Poland,Filip Rózga,,,2800000.0,,,transfermarkt,2026-07-14T01:33:05.809452+00:00
Poland,Bartosz Kapustka,,,800000.0,,,transfermarkt,2026-07-14T01:33:05.809452+00:00
Poland,Oskar Pietuszewski,,,25000000.0,,,transfermarkt,2026-07-14T01:33:05.809452+00:00
Poland,Jakub Kamiński,,,17000000.0,,,transfermarkt,2026-07-14T01:33:05.809452+00:00
Poland,Michal Skoras,,,4000000.0,,,transfermarkt,2026-07-14T01:33:05.809452+00:00
Poland,Robert Lewandowski,,,7000000.0,,,transfermarkt,2026-07-14T01:33:05.809452+00:00
Poland,Mateusz Zukowski,,,6000000.0,,,transfermarkt,2026-07-14T01:33:05.809452+00:00
Poland,Karol Świderski,,,4500000.0,,,transfermarkt,2026-07-14T01:33:05.809452+00:00
Poland,Karol Czubak,,,2500000.0,,,transfermarkt,2026-07-14T01:33:05.809452+00:00
Serbia,Filip Stanković,,,8000000.0,,,transfermarkt,2026-07-14T01:33:08.443444+00:00
Serbia,Veljko Ilić,,,1000000.0,,,transfermarkt,2026-07-14T01:33:08.443444+00:00
Serbia,Luka Lijeskic,,,600000.0,,,transfermarkt,2026-07-14T01:33:08.443444+00:00
Serbia,Strahinja Pavlović,,,40000000.0,,,transfermarkt,2026-07-14T01:33:08.443444+00:00
Serbia,Strahinja Erakovic,,,7000000.0,,,transfermarkt,2026-07-14T01:33:08.443444+00:00
Serbia,Nikola Simic,,,6000000.0,,,transfermarkt,2026-07-14T01:33:08.443444+00:00
Serbia,Mirko Milikic,,,2500000.0,,,transfermarkt,2026-07-14T01:33:08.443444+00:00
Serbia,Petar Petrovic,,,1700000.0,,,transfermarkt,2026-07-14T01:33:08.443444+00:00
Serbia,Vukasin Djurdjevic,,,1000000.0,,,transfermarkt,2026-07-14T01:33:08.443444+00:00
Serbia,Adem Avdic,,,10000000.0,,,transfermarkt,2026-07-14T01:33:08.443444+00:00
Serbia,Stefan Bukinac,,,3500000.0,,,transfermarkt,2026-07-14T01:33:08.443444+00:00
Serbia,Kosta Nedeljkovic,,,6000000.0,,,transfermarkt,2026-07-14T01:33:08.443444+00:00
Serbia,Ognjen Mimović,,,2700000.0,,,transfermarkt,2026-07-14T01:33:08.443444+00:00
Serbia,Aleksandar Stanković,,,32000000.0,,,transfermarkt,2026-07-14T01:33:08.443444+00:00
Serbia,Vanja Dragojevic,,,8000000.0,,,transfermarkt,2026-07-14T01:33:08.443444+00:00
Serbia,Njegos Petrovic,,,4500000.0,,,transfermarkt,2026-07-14T01:33:08.443444+00:00
Serbia,Vasilije Kostov,,,25000000.0,,,transfermarkt,2026-07-14T01:33:08.443444+00:00
Serbia,Andrija Maksimovic,,,9000000.0,,,transfermarkt,2026-07-14T01:33:08.443444+00:00
Serbia,Petar Stanic,,,3500000.0,,,transfermarkt,2026-07-14T01:33:08.443444+00:00
Serbia,Dejan Zukic,,,3000000.0,,,transfermarkt,2026-07-14T01:33:08.443444+00:00
Serbia,Veljko Birmancevic,,,3500000.0,,,transfermarkt,2026-07-14T01:33:08.443444+00:00
Serbia,Vladimir Lucic,,,1800000.0,,,transfermarkt,2026-07-14T01:33:08.443444+00:00
Serbia,Andrija Zivkovic,,,8000000.0,,,transfermarkt,2026-07-14T01:33:08.443444+00:00
Serbia,Lazar Randjelovic,,,1700000.0,,,transfermarkt,2026-07-14T01:33:08.443444+00:00
Serbia,Mihailo Ivanović,,,9000000.0,,,transfermarkt,2026-07-14T01:33:08.443444+00:00
Serbia,Jovan Milosevic,,,7000000.0,,,transfermarkt,2026-07-14T01:33:08.443444+00:00
Serbia,Nikola Stulic,,,3500000.0,,,transfermarkt,2026-07-14T01:33:08.443444+00:00
Hungary,Áron Yaakobishvili,,,3000000.0,,,transfermarkt,2026-07-14T01:33:12.184408+00:00
Hungary,Balázs Tóth,,,1000000.0,,,transfermarkt,2026-07-14T01:33:12.184408+00:00
Hungary,Ármin Pécsi,,,800000.0,,,transfermarkt,2026-07-14T01:33:12.184408+00:00
Hungary,Péter Szappanos,,,350000.0,,,transfermarkt,2026-07-14T01:33:12.184408+00:00
Hungary,Willi Orbán,,,5000000.0,,,transfermarkt,2026-07-14T01:33:12.184408+00:00
Hungary,Márton Dárdai,,,2500000.0,,,transfermarkt,2026-07-14T01:33:12.184408+00:00
Hungary,Márk Csinger,,,1000000.0,,,transfermarkt,2026-07-14T01:33:12.184408+00:00
Hungary,Kornél Szűcs,,,750000.0,,,transfermarkt,2026-07-14T01:33:12.184408+00:00
Hungary,Milos Kerkez,,,35000000.0,,,transfermarkt,2026-07-14T01:33:12.184408+00:00
Hungary,Callum Styles,,,3000000.0,,,transfermarkt,2026-07-14T01:33:12.184408+00:00
Hungary,Zsolt Nagy,,,1200000.0,,,transfermarkt,2026-07-14T01:33:12.184408+00:00
Hungary,Ákos Markgráf,,,800000.0,,,transfermarkt,2026-07-14T01:33:12.184408+00:00
Hungary,Roland Sallai,,,14000000.0,,,transfermarkt,2026-07-14T01:33:12.184408+00:00
Hungary,Bendegúz Bolla,,,3000000.0,,,transfermarkt,2026-07-14T01:33:12.184408+00:00
Hungary,Attila Osváth,,,700000.0,,,transfermarkt,2026-07-14T01:33:12.184408+00:00
Hungary,Péter Baráth,,,2500000.0,,,transfermarkt,2026-07-14T01:33:12.184408+00:00
Hungary,Rajmund Tóth,,,900000.0,,,transfermarkt,2026-07-14T01:33:12.184408+00:00
Hungary,Alex Tóth,,,12000000.0,,,transfermarkt,2026-07-14T01:33:12.184408+00:00
Hungary,András Schäfer,,,4500000.0,,,transfermarkt,2026-07-14T01:33:12.184408+00:00
Hungary,Milán Vitális,,,2000000.0,,,transfermarkt,2026-07-14T01:33:12.184408+00:00
Hungary,Tamás Szűcs,,,1500000.0,,,transfermarkt,2026-07-14T01:33:12.184408+00:00
Hungary,Norbert Szendrei,,,700000.0,,,transfermarkt,2026-07-14T01:33:12.184408+00:00
Hungary,Dominik Szoboszlai,,,100000000.0,,,transfermarkt,2026-07-14T01:33:12.184408+00:00
Hungary,Szabolcs Schön,,,1200000.0,,,transfermarkt,2026-07-14T01:33:12.184408+00:00
Hungary,Damir Redzic,,,4000000.0,,,transfermarkt,2026-07-14T01:33:12.184408+00:00
Hungary,Barnabás Varga,,,4000000.0,,,transfermarkt,2026-07-14T01:33:12.184408+00:00
Hungary,Zsombor Gruber,,,1500000.0,,,transfermarkt,2026-07-14T01:33:12.184408+00:00
Hungary,Bendegúz Kovács,,,1500000.0,,,transfermarkt,2026-07-14T01:33:12.184408+00:00
Hungary,Dániel Lukács,,,800000.0,,,transfermarkt,2026-07-14T01:33:12.184408+00:00
Cameroon,Simon Ngapandouetnbu,,,2500000.0,,,transfermarkt,2026-07-14T01:33:18.113096+00:00
Cameroon,Blondy Nna Noukeu,,,700000.0,,,transfermarkt,2026-07-14T01:33:18.113096+00:00
Cameroon,Devis Epassy,,,400000.0,,,transfermarkt,2026-07-14T01:33:18.113096+00:00
Cameroon,Samuel Kotto,,,4000000.0,,,transfermarkt,2026-07-14T01:33:18.113096+00:00
Cameroon,Kévin Keben,,,3500000.0,,,transfermarkt,2026-07-14T01:33:18.113096+00:00
Cameroon,Che Malone,,,800000.0,,,transfermarkt,2026-07-14T01:33:18.113096+00:00
Cameroon,Stephane Keller,,,400000.0,,,transfermarkt,2026-07-14T01:33:18.113096+00:00
Cameroon,Emmanuel Moungam,,,200000.0,,,transfermarkt,2026-07-14T01:33:18.113096+00:00
Cameroon,Mahamadou Nagida,,,7000000.0,,,transfermarkt,2026-07-14T01:33:18.113096+00:00
Cameroon,Darlin Yongwa,,,5000000.0,,,transfermarkt,2026-07-14T01:33:18.113096+00:00
Cameroon,Jackson Tchatchoua,,,12000000.0,,,transfermarkt,2026-07-14T01:33:18.113096+00:00
Cameroon,Oliver Kamdem,,,1200000.0,,,transfermarkt,2026-07-14T01:33:18.113096+00:00
Cameroon,Ryan Fosso,,,2000000.0,,,transfermarkt,2026-07-14T01:33:18.113096+00:00
Cameroon,Fidel Brice Ambina,,,1800000.0,,,transfermarkt,2026-07-14T01:33:18.113096+00:00
Cameroon,Arnold Kamdem,,,100000.0,,,transfermarkt,2026-07-14T01:33:18.113096+00:00
Cameroon,Arthur Avom,,,20000000.0,,,transfermarkt,2026-07-14T01:33:18.113096+00:00
Cameroon,Maël Fernandez Monyebe,,,,,,transfermarkt,2026-07-14T01:33:18.113096+00:00
Cameroon,Danny Namaso,,,6000000.0,,,transfermarkt,2026-07-14T01:33:18.113096+00:00
Cameroon,Konrad Nfanseu Sinyam,,,,,,transfermarkt,2026-07-14T01:33:18.113096+00:00
Cameroon,Bryan Mbeumo,,,75000000.0,,,transfermarkt,2026-07-14T01:33:18.113096+00:00
Cameroon,Saidou Alioum,,,800000.0,,,transfermarkt,2026-07-14T01:33:18.113096+00:00
Cameroon,Christian Kofane,,,40000000.0,,,transfermarkt,2026-07-14T01:33:18.113096+00:00
Cameroon,Karl Etta Eyong,,,15000000.0,,,transfermarkt,2026-07-14T01:33:18.113096+00:00
Cameroon,Angel Yondjo Matah,,,200000.0,,,transfermarkt,2026-07-14T01:33:18.113096+00:00
Wales,Danny Ward,,,600000.0,,,transfermarkt,2026-07-14T01:33:21.684030+00:00
Wales,Karl Darlow,,,200000.0,,,transfermarkt,2026-07-14T01:33:21.684030+00:00
Wales,Tom King,,,100000.0,,,transfermarkt,2026-07-14T01:33:21.684030+00:00
Wales,Joe Rodon,,,18000000.0,,,transfermarkt,2026-07-14T01:33:21.684030+00:00
Wales,Chris Mepham,,,3000000.0,,,transfermarkt,2026-07-14T01:33:21.684030+00:00
Wales,Ben Davies,,,3000000.0,,,transfermarkt,2026-07-14T01:33:21.684030+00:00
Wales,Dylan Lawlor,,,1800000.0,,,transfermarkt,2026-07-14T01:33:21.684030+00:00
Wales,Neco Williams,,,28000000.0,,,transfermarkt,2026-07-14T01:33:21.684030+00:00
Wales,Jay Dasilva,,,9000000.0,,,transfermarkt,2026-07-14T01:33:21.684030+00:00
Wales,Rhys Norrington-Davies,,,2500000.0,,,transfermarkt,2026-07-14T01:33:21.684030+00:00
Wales,Jayden Lienou,,,,,,transfermarkt,2026-07-14T01:33:21.684030+00:00
Wales,Connor Roberts,,,1500000.0,,,transfermarkt,2026-07-14T01:33:21.684030+00:00
Wales,Ronan Kpakio,,,1200000.0,,,transfermarkt,2026-07-14T01:33:21.684030+00:00
Wales,Ethan Ampadu,,,30000000.0,,,transfermarkt,2026-07-14T01:33:21.684030+00:00
Wales,Kai Andrews,,,500000.0,,,transfermarkt,2026-07-14T01:33:21.684030+00:00
Wales,Josh Sheehan,,,400000.0,,,transfermarkt,2026-07-14T01:33:21.684030+00:00
Wales,Joel Colwill,,,900000.0,,,transfermarkt,2026-07-14T01:33:21.684030+00:00
Wales,Ollie Bostock,,,200000.0,,,transfermarkt,2026-07-14T01:33:21.684030+00:00
Wales,Sorba Thomas,,,14000000.0,,,transfermarkt,2026-07-14T01:33:21.684030+00:00
Wales,Nathan Broadhead,,,7000000.0,,,transfermarkt,2026-07-14T01:33:21.684030+00:00
Wales,Lewis Koumas,,,4000000.0,,,transfermarkt,2026-07-14T01:33:21.684030+00:00
Wales,Isaak Davies,,,1000000.0,,,transfermarkt,2026-07-14T01:33:21.684030+00:00
Wales,Brennan Johnson,,,30000000.0,,,transfermarkt,2026-07-14T01:33:21.684030+00:00
Wales,David Brooks,,,12000000.0,,,transfermarkt,2026-07-14T01:33:21.684030+00:00
Wales,Daniel James,,,10000000.0,,,transfermarkt,2026-07-14T01:33:21.684030+00:00
Wales,Cameron Congreve,,,450000.0,,,transfermarkt,2026-07-14T01:33:21.684030+00:00
Wales,Kieffer Moore,,,1300000.0,,,transfermarkt,2026-07-14T01:33:21.684030+00:00
Nigeria,Maduka Okoye,,,10000000.0,,,transfermarkt,2026-07-14T01:33:26.434080+00:00
Nigeria,Arthur Okonkwo,,,5000000.0,,,transfermarkt,2026-07-14T01:33:26.434080+00:00
Nigeria,Francis Uzoho,,,300000.0,,,transfermarkt,2026-07-14T01:33:26.434080+00:00
Nigeria,Calvin Bassey,,,28000000.0,,,transfermarkt,2026-07-14T01:33:26.434080+00:00
Nigeria,Emmanuel Fernandez,,,18000000.0,,,transfermarkt,2026-07-14T01:33:26.434080+00:00
Nigeria,Igoh Ogbu,,,7000000.0,,,transfermarkt,2026-07-14T01:33:26.434080+00:00
Nigeria,Semi Ajayi,,,700000.0,,,transfermarkt,2026-07-14T01:33:26.434080+00:00
Nigeria,Zaidu Sanusi,,,3000000.0,,,transfermarkt,2026-07-14T01:33:26.434080+00:00
Nigeria,Bruno Onyemaechi,,,2500000.0,,,transfermarkt,2026-07-14T01:33:26.434080+00:00
Nigeria,Christian Akpan,,,200000.0,,,transfermarkt,2026-07-14T01:33:26.434080+00:00
Nigeria,Raphael Onyedika,,,23000000.0,,,transfermarkt,2026-07-14T01:33:26.434080+00:00
Nigeria,Wilfred Ndidi,,,8000000.0,,,transfermarkt,2026-07-14T01:33:26.434080+00:00
Nigeria,Tochukwu Nnadi,,,4500000.0,,,transfermarkt,2026-07-14T01:33:26.434080+00:00
Nigeria,Frank Onyeka,,,8000000.0,,,transfermarkt,2026-07-14T01:33:26.434080+00:00
Nigeria,Fisayo Dele-Bashiru,,,6000000.0,,,transfermarkt,2026-07-14T01:33:26.434080+00:00
Nigeria,Tosin Oyedokun,,,250000.0,,,transfermarkt,2026-07-14T01:33:26.434080+00:00
Nigeria,Abdullahi Bewene,,,850000.0,,,transfermarkt,2026-07-14T01:33:26.434080+00:00
Nigeria,Moses Simon,,,7000000.0,,,transfermarkt,2026-07-14T01:33:26.434080+00:00
Nigeria,Philip Otele,,,4000000.0,,,transfermarkt,2026-07-14T01:33:26.434080+00:00
Nigeria,Akor Adams,,,15000000.0,,,transfermarkt,2026-07-14T01:33:26.434080+00:00
Nigeria,Terem Moffi,,,8000000.0,,,transfermarkt,2026-07-14T01:33:26.434080+00:00
Nigeria,Rafiu Durosinmi,,,7000000.0,,,transfermarkt,2026-07-14T01:33:26.434080+00:00
Nigeria,Paul Onuachu,,,6000000.0,,,transfermarkt,2026-07-14T01:33:26.434080+00:00
Kosovo,Arijanet Murić,,,7500000.0,,,transfermarkt,2026-07-14T01:33:32.284203+00:00
Kosovo,Amir Saipi,,,1800000.0,,,transfermarkt,2026-07-14T01:33:32.284203+00:00
Kosovo,Visar Bekaj,,,400000.0,,,transfermarkt,2026-07-14T01:33:32.284203+00:00
Kosovo,Altin Gjokaj,,,350000.0,,,transfermarkt,2026-07-14T01:33:32.284203+00:00
Kosovo,Faton Maloku,,,100000.0,,,transfermarkt,2026-07-14T01:33:32.284203+00:00
Kosovo,Albian Hajdari,,,25000000.0,,,transfermarkt,2026-07-14T01:33:32.284203+00:00
Kosovo,Kreshnik Hajrizi,,,1500000.0,,,transfermarkt,2026-07-14T01:33:32.284203+00:00
Kosovo,Ilir Krasniqi,,,1000000.0,,,transfermarkt,2026-07-14T01:33:32.284203+00:00
Kosovo,Andi Hoti,,,750000.0,,,transfermarkt,2026-07-14T01:33:32.284203+00:00
Kosovo,Ron Raci,,,450000.0,,,transfermarkt,2026-07-14T01:33:32.284203+00:00
Kosovo,Mërgim Vojvoda,,,2500000.0,,,transfermarkt,2026-07-14T01:33:32.284203+00:00
Kosovo,Leon Avdullahu,,,30000000.0,,,transfermarkt,2026-07-14T01:33:32.284203+00:00
Kosovo,Veldin Hodza,,,4000000.0,,,transfermarkt,2026-07-14T01:33:32.284203+00:00
Kosovo,Vesel Demaku,,,500000.0,,,transfermarkt,2026-07-14T01:33:32.284203+00:00
Kosovo,Elvis Rexhbecaj,,,3500000.0,,,transfermarkt,2026-07-14T01:33:32.284203+00:00
Kosovo,Lindon Emërllahu,,,2000000.0,,,transfermarkt,2026-07-14T01:33:32.284203+00:00
Kosovo,Valon Berisha,,,250000.0,,,transfermarkt,2026-07-14T01:33:32.284203+00:00
Kosovo,Dion Gallapeni,,,4000000.0,,,transfermarkt,2026-07-14T01:33:32.284203+00:00
Kosovo,Valmir Matoshi,,,1500000.0,,,transfermarkt,2026-07-14T01:33:32.284203+00:00
Kosovo,Bersant Celina,,,2000000.0,,,transfermarkt,2026-07-14T01:33:32.284203+00:00
Kosovo,Muharrem Jashari,,,1000000.0,,,transfermarkt,2026-07-14T01:33:32.284203+00:00
Kosovo,Ermal Krasniqi,,,1000000.0,,,transfermarkt,2026-07-14T01:33:32.284203+00:00
Kosovo,Edon Zhegrova,,,10000000.0,,,transfermarkt,2026-07-14T01:33:32.284203+00:00
Kosovo,Baton Zabergja,,,1000000.0,,,transfermarkt,2026-07-14T01:33:32.284203+00:00
Kosovo,Fisnik Asllani,,,35000000.0,,,transfermarkt,2026-07-14T01:33:32.284203+00:00
Kosovo,Albion Rrahmani,,,7000000.0,,,transfermarkt,2026-07-14T01:33:32.284203+00:00
Kosovo,Rilind Nivokazi,,,2200000.0,,,transfermarkt,2026-07-14T01:33:32.284203+00:00
Kosovo,Dardan Shabanhaxhaj,,,1500000.0,,,transfermarkt,2026-07-14T01:33:32.284203+00:00
Republic of Ireland,Caoimhín Kelleher,,,28000000.0,,,transfermarkt,2026-07-14T01:33:36.897502+00:00
Republic of Ireland,Mark Travers,,,3000000.0,,,transfermarkt,2026-07-14T01:33:36.897502+00:00
Republic of Ireland,Ed McGinty,,,300000.0,,,transfermarkt,2026-07-14T01:33:36.897502+00:00
Republic of Ireland,Conor Brann,,,,,,transfermarkt,2026-07-14T01:33:36.897502+00:00
Republic of Ireland,Nathan Collins,,,30000000.0,,,transfermarkt,2026-07-14T01:33:36.897502+00:00
Republic of Ireland,Dara O'Shea,,,16000000.0,,,transfermarkt,2026-07-14T01:33:36.897502+00:00
Republic of Ireland,Liam Scales,,,5000000.0,,,transfermarkt,2026-07-14T01:33:36.897502+00:00
Republic of Ireland,James Abankwah,,,3500000.0,,,transfermarkt,2026-07-14T01:33:36.897502+00:00
Republic of Ireland,Alex Murphy,,,1500000.0,,,transfermarkt,2026-07-14T01:33:36.897502+00:00
Republic of Ireland,Corrie Ndaba,,,900000.0,,,transfermarkt,2026-07-14T01:33:36.897502+00:00
Republic of Ireland,Jake O'Brien,,,18000000.0,,,transfermarkt,2026-07-14T01:33:36.897502+00:00
Republic of Ireland,Séamus Coleman,,,200000.0,,,transfermarkt,2026-07-14T01:33:36.897502+00:00
Republic of Ireland,Conor Coventry,,,2000000.0,,,transfermarkt,2026-07-14T01:33:36.897502+00:00
Republic of Ireland,Joe Hodge,,,700000.0,,,transfermarkt,2026-07-14T01:33:36.897502+00:00
Republic of Ireland,Josh O'Dwyer,,,,,,transfermarkt,2026-07-14T01:33:36.897502+00:00
Republic of Ireland,Jayson Molumby,,,3500000.0,,,transfermarkt,2026-07-14T01:33:36.897502+00:00
Republic of Ireland,Killian Phillips,,,1000000.0,,,transfermarkt,2026-07-14T01:33:36.897502+00:00
Republic of Ireland,Matthew Healy,,,500000.0,,,transfermarkt,2026-07-14T01:33:36.897502+00:00
Republic of Ireland,Dawson Devoy,,,350000.0,,,transfermarkt,2026-07-14T01:33:36.897502+00:00
Republic of Ireland,Jamie McGrath,,,1200000.0,,,transfermarkt,2026-07-14T01:33:36.897502+00:00
Republic of Ireland,Jack Moylan,,,800000.0,,,transfermarkt,2026-07-14T01:33:36.897502+00:00
Republic of Ireland,Kian Leavy,,,250000.0,,,transfermarkt,2026-07-14T01:33:36.897502+00:00
Republic of Ireland,Adam Brennan,,,150000.0,,,transfermarkt,2026-07-14T01:33:36.897502+00:00
Republic of Ireland,Jaden Umeh,,,800000.0,,,transfermarkt,2026-07-14T01:33:36.897502+00:00
Republic of Ireland,Chiedozie Ogbene,,,4000000.0,,,transfermarkt,2026-07-14T01:33:36.897502+00:00
Republic of Ireland,Troy Parrott,,,25000000.0,,,transfermarkt,2026-07-14T01:33:36.897502+00:00
Republic of Ireland,Mason Melia,,,1000000.0,,,transfermarkt,2026-07-14T01:33:36.897502+00:00
Mali,Djigui Diarra,,,500000.0,,,transfermarkt,2026-07-14T01:33:39.562903+00:00
Mali,Mamadou Samassa,,,150000.0,,,transfermarkt,2026-07-14T01:33:39.562903+00:00
Mali,N'Golo Traoré,,,,,,transfermarkt,2026-07-14T01:33:39.562903+00:00
Mali,Ousmane Camara,,,8000000.0,,,transfermarkt,2026-07-14T01:33:39.562903+00:00
Mali,Nathan Gassama,,,1500000.0,,,transfermarkt,2026-07-14T01:33:39.562903+00:00
Mali,Daouda Guindo,,,4500000.0,,,transfermarkt,2026-07-14T01:33:39.562903+00:00
Mali,Amadou Dante,,,1200000.0,,,transfermarkt,2026-07-14T01:33:39.562903+00:00
Mali,Fodé Doucouré,,,2000000.0,,,transfermarkt,2026-07-14T01:33:39.562903+00:00
Mali,Woyo Coulibaly,,,2000000.0,,,transfermarkt,2026-07-14T01:33:39.562903+00:00
Mali,Hamari Traoré,,,1500000.0,,,transfermarkt,2026-07-14T01:33:39.562903+00:00
Mali,Cheick Oumar Konaté,,,1200000.0,,,transfermarkt,2026-07-14T01:33:39.562903+00:00
Mali,Mohamed Camara,,,9000000.0,,,transfermarkt,2026-07-14T01:33:39.562903+00:00
Mali,Soumaïla Diabaté,,,8000000.0,,,transfermarkt,2026-07-14T01:33:39.562903+00:00
Mali,Aliou Dieng,,,3000000.0,,,transfermarkt,2026-07-14T01:33:39.562903+00:00
Mali,Kalidou Sidibé,,,2000000.0,,,transfermarkt,2026-07-14T01:33:39.562903+00:00
Mali,Ousmane Diakité,,,1200000.0,,,transfermarkt,2026-07-14T01:33:39.562903+00:00
Mali,Mamadou Sangaré,,,40000000.0,,,transfermarkt,2026-07-14T01:33:39.562903+00:00
Mali,Lassana Coulibaly,,,2200000.0,,,transfermarkt,2026-07-14T01:33:39.562903+00:00
Mali,Moussa Diakité,,,1000000.0,,,transfermarkt,2026-07-14T01:33:39.562903+00:00
Mali,Kamory Doumbia,,,9000000.0,,,transfermarkt,2026-07-14T01:33:39.562903+00:00
Mali,Issa Djiguiba,,,,,,transfermarkt,2026-07-14T01:33:39.562903+00:00
Mali,Gaoussou Diarra,,,1700000.0,,,transfermarkt,2026-07-14T01:33:39.562903+00:00
Mali,Mahamadou Sissoko,,,,,,transfermarkt,2026-07-14T01:33:39.562903+00:00
Mali,Lassine Sinayoko,,,10000000.0,,,transfermarkt,2026-07-14T01:33:39.562903+00:00
Mali,Mamadou Doumbia,,,4000000.0,,,transfermarkt,2026-07-14T01:33:39.562903+00:00
Mali,Gaoussou Diakité,,,3000000.0,,,transfermarkt,2026-07-14T01:33:39.562903+00:00
Mali,Sekou Maiga,,,,,,transfermarkt,2026-07-14T01:33:39.562903+00:00
Burkina Faso,Kilian Nikièma,,,700000.0,,,transfermarkt,2026-07-14T01:33:44.845399+00:00
Burkina Faso,Hillel Konaté,,,400000.0,,,transfermarkt,2026-07-14T01:33:44.845399+00:00
Burkina Faso,Farid Ouédraogo,,,250000.0,,,transfermarkt,2026-07-14T01:33:44.845399+00:00
Burkina Faso,Edmond Tapsoba,,,35000000.0,,,transfermarkt,2026-07-14T01:33:44.845399+00:00
Burkina Faso,Adamo Nagalo,,,2800000.0,,,transfermarkt,2026-07-14T01:33:44.845399+00:00
Burkina Faso,Rachide Gnanou,,,300000.0,,,transfermarkt,2026-07-14T01:33:44.845399+00:00
Burkina Faso,Cyril Dao,,,200000.0,,,transfermarkt,2026-07-14T01:33:44.845399+00:00
Burkina Faso,Saïdou Simporé,,,200000.0,,,transfermarkt,2026-07-14T01:33:44.845399+00:00
Burkina Faso,Hanaby Hadalou Sagne,,,100000.0,,,transfermarkt,2026-07-14T01:33:44.845399+00:00
Burkina Faso,Arsène Kouassi,,,15000000.0,,,transfermarkt,2026-07-14T01:33:44.845399+00:00
Burkina Faso,Arthur Zagré,,,2000000.0,,,transfermarkt,2026-07-14T01:33:44.845399+00:00
Burkina Faso,Mohamed Ouédraogo,,,1200000.0,,,transfermarkt,2026-07-14T01:33:44.845399+00:00
Burkina Faso,Ismahila Ouédraogo,,,1200000.0,,,transfermarkt,2026-07-14T01:33:44.845399+00:00
Burkina Faso,Mohamed Zougrana,,,800000.0,,,transfermarkt,2026-07-14T01:33:44.845399+00:00
Burkina Faso,Gustavo Sangaré,,,800000.0,,,transfermarkt,2026-07-14T01:33:44.845399+00:00
Burkina Faso,Lohann Doucet,,,500000.0,,,transfermarkt,2026-07-14T01:33:44.845399+00:00
Burkina Faso,Aboubacar Bassinga,,,300000.0,,,transfermarkt,2026-07-14T01:33:44.845399+00:00
Burkina Faso,Dango Ouattara,,,35000000.0,,,transfermarkt,2026-07-14T01:33:44.845399+00:00
Burkina Faso,Cyriaque Irié,,,8000000.0,,,transfermarkt,2026-07-14T01:33:44.845399+00:00
Burkina Faso,Ousseni Bouda,,,1800000.0,,,transfermarkt,2026-07-14T01:33:44.845399+00:00
Burkina Faso,Georgi Minoungou,,,1500000.0,,,transfermarkt,2026-07-14T01:33:44.845399+00:00
Burkina Faso,Mohamed Konaté,,,1000000.0,,,transfermarkt,2026-07-14T01:33:44.845399+00:00
Burkina Faso,Elohim Kaboré,,,800000.0,,,transfermarkt,2026-07-14T01:33:44.845399+00:00
Burkina Faso,Abdoul Tapsoba,,,550000.0,,,transfermarkt,2026-07-14T01:33:44.845399+00:00
Burkina Faso,Pierre Landry Kaboré,,,300000.0,,,transfermarkt,2026-07-14T01:33:44.845399+00:00
Slovenia,Jan Oblak,,,15000000.0,,,transfermarkt,2026-07-14T01:33:49.075582+00:00
Slovenia,Matevz Vidovsek,,,1000000.0,,,transfermarkt,2026-07-14T01:33:49.075582+00:00
Slovenia,Zan-Luk Leban,,,800000.0,,,transfermarkt,2026-07-14T01:33:49.075582+00:00
Slovenia,Jaka Bijol,,,20000000.0,,,transfermarkt,2026-07-14T01:33:49.075582+00:00
Slovenia,Vanja Drkusic,,,5000000.0,,,transfermarkt,2026-07-14T01:33:49.075582+00:00
Slovenia,David Brekalo,,,3500000.0,,,transfermarkt,2026-07-14T01:33:49.075582+00:00
Slovenia,David Zec,,,2500000.0,,,transfermarkt,2026-07-14T01:33:49.075582+00:00
Slovenia,Marcel Ratnik,,,2000000.0,,,transfermarkt,2026-07-14T01:33:49.075582+00:00
Slovenia,Srdjan Kuzmic,,,2000000.0,,,transfermarkt,2026-07-14T01:33:49.075582+00:00
Slovenia,Jost Urbancic,,,500000.0,,,transfermarkt,2026-07-14T01:33:49.075582+00:00
Slovenia,Erik Janza,,,400000.0,,,transfermarkt,2026-07-14T01:33:49.075582+00:00
Slovenia,Zan Karnicnik,,,700000.0,,,transfermarkt,2026-07-14T01:33:49.075582+00:00
Slovenia,Tamar Svetlin,,,2500000.0,,,transfermarkt,2026-07-14T01:33:49.075582+00:00
Slovenia,Adrian Zeljkovic,,,2000000.0,,,transfermarkt,2026-07-14T01:33:49.075582+00:00
Slovenia,Adam Gnezda Cerin,,,4500000.0,,,transfermarkt,2026-07-14T01:33:49.075582+00:00
Slovenia,Sandi Lovrić,,,3500000.0,,,transfermarkt,2026-07-14T01:33:49.075582+00:00
Slovenia,Svit Seslar,,,2200000.0,,,transfermarkt,2026-07-14T01:33:49.075582+00:00
Slovenia,Tian Nai Koren,,,1200000.0,,,transfermarkt,2026-07-14T01:33:49.075582+00:00
Slovenia,Danijel Sturm,,,2500000.0,,,transfermarkt,2026-07-14T01:33:49.075582+00:00
Slovenia,Tjas Begic,,,1500000.0,,,transfermarkt,2026-07-14T01:33:49.075582+00:00
Slovenia,Benjamin Verbic,,,500000.0,,,transfermarkt,2026-07-14T01:33:49.075582+00:00
Slovenia,Aljosa Matko,,,1700000.0,,,transfermarkt,2026-07-14T01:33:49.075582+00:00
Slovenia,Zan Vipotnik,,,22000000.0,,,transfermarkt,2026-07-14T01:33:49.075582+00:00
Slovenia,Andraz Sporar,,,1500000.0,,,transfermarkt,2026-07-14T01:33:49.075582+00:00
Slovenia,Ester Sokler,,,1500000.0,,,transfermarkt,2026-07-14T01:33:49.075582+00:00
Albania,Alen Sherri,,,800000.0,,,transfermarkt,2026-07-14T01:33:53.614718+00:00
Albania,Simon Simoni,,,600000.0,,,transfermarkt,2026-07-14T01:33:53.614718+00:00
Albania,Pano Qirko,,,400000.0,,,transfermarkt,2026-07-14T01:33:53.614718+00:00
Albania,Berat Djimsiti,,,4000000.0,,,transfermarkt,2026-07-14T01:33:53.614718+00:00
Albania,Klisman Cake,,,1500000.0,,,transfermarkt,2026-07-14T01:33:53.614718+00:00
Albania,Arlind Ajeti,,,600000.0,,,transfermarkt,2026-07-14T01:33:53.614718+00:00
Albania,Bujar Pllana,,,600000.0,,,transfermarkt,2026-07-14T01:33:53.614718+00:00
Albania,Naser Aliji,,,300000.0,,,transfermarkt,2026-07-14T01:33:53.614718+00:00
Albania,Mario Mitaj,,,6000000.0,,,transfermarkt,2026-07-14T01:33:53.614718+00:00
Albania,Stavro Pilo,,,2000000.0,,,transfermarkt,2026-07-14T01:33:53.614718+00:00
Albania,Elseid Hysaj,,,1200000.0,,,transfermarkt,2026-07-14T01:33:53.614718+00:00
Albania,Andi Hadroj,,,300000.0,,,transfermarkt,2026-07-14T01:33:53.614718+00:00
Albania,Kristjan Asllani,,,12000000.0,,,transfermarkt,2026-07-14T01:33:53.614718+00:00
Albania,Juljan Shehu,,,3500000.0,,,transfermarkt,2026-07-14T01:33:53.614718+00:00
Albania,Ylber Ramadani,,,1800000.0,,,transfermarkt,2026-07-14T01:33:53.614718+00:00
Albania,Adrion Pajaziti,,,1500000.0,,,transfermarkt,2026-07-14T01:33:53.614718+00:00
Albania,Luis Hasa,,,4500000.0,,,transfermarkt,2026-07-14T01:33:53.614718+00:00
Albania,Qazim Laci,,,2800000.0,,,transfermarkt,2026-07-14T01:33:53.614718+00:00
Albania,Anis Mehmeti,,,15000000.0,,,transfermarkt,2026-07-14T01:33:53.614718+00:00
Albania,Nedim Bajrami,,,2500000.0,,,transfermarkt,2026-07-14T01:33:53.614718+00:00
Albania,Myrto Uzuni,,,4000000.0,,,transfermarkt,2026-07-14T01:33:53.614718+00:00
Albania,Arbër Hoxha,,,3000000.0,,,transfermarkt,2026-07-14T01:33:53.614718+00:00
Albania,Mirlind Daku,,,9000000.0,,,transfermarkt,2026-07-14T01:33:53.614718+00:00
Albania,Armando Broja,,,5000000.0,,,transfermarkt,2026-07-14T01:33:53.614718+00:00
Albania,Cristian Shpendi,,,4500000.0,,,transfermarkt,2026-07-14T01:33:53.614718+00:00
Albania,Taulant Seferi,,,1400000.0,,,transfermarkt,2026-07-14T01:33:53.614718+00:00
Iceland,Elías Ólafsson,,,3000000.0,,,transfermarkt,2026-07-14T01:33:57.561050+00:00
Iceland,Hákon Valdimarsson,,,2500000.0,,,transfermarkt,2026-07-14T01:33:57.561050+00:00
Iceland,Anton Ari Einarsson,,,200000.0,,,transfermarkt,2026-07-14T01:33:57.561050+00:00
Iceland,Adam Ingi Benediktsson,,,,,,transfermarkt,2026-07-14T01:33:57.561050+00:00
Iceland,Sverrir Ingi Ingason,,,1800000.0,,,transfermarkt,2026-07-14T01:33:57.561050+00:00
Iceland,Hördur Magnússon,,,450000.0,,,transfermarkt,2026-07-14T01:33:57.561050+00:00
Iceland,Hjörtur Hermannsson,,,400000.0,,,transfermarkt,2026-07-14T01:33:57.561050+00:00
Iceland,Victor Pálsson,,,150000.0,,,transfermarkt,2026-07-14T01:33:57.561050+00:00
Iceland,Logi Tómasson,,,3000000.0,,,transfermarkt,2026-07-14T01:33:57.561050+00:00
Iceland,Dagur Dan Thórhallsson,,,1500000.0,,,transfermarkt,2026-07-14T01:33:57.561050+00:00
Iceland,Andri Fannar Baldursson,,,2000000.0,,,transfermarkt,2026-07-14T01:33:57.561050+00:00
Iceland,Aron Gunnarsson,,,200000.0,,,transfermarkt,2026-07-14T01:33:57.561050+00:00
Iceland,Ísak Jóhannesson,,,8000000.0,,,transfermarkt,2026-07-14T01:33:57.561050+00:00
Iceland,Mikael Egill Ellertsson,,,6000000.0,,,transfermarkt,2026-07-14T01:33:57.561050+00:00
Iceland,Mikael Anderson,,,1800000.0,,,transfermarkt,2026-07-14T01:33:57.561050+00:00
Iceland,Stefán Teitur Thórdarson,,,1200000.0,,,transfermarkt,2026-07-14T01:33:57.561050+00:00
Iceland,Hákon Arnar Haraldsson,,,25000000.0,,,transfermarkt,2026-07-14T01:33:57.561050+00:00
Iceland,Kristian Hlynsson,,,6000000.0,,,transfermarkt,2026-07-14T01:33:57.561050+00:00
Iceland,Kristall Máni Ingason,,,1800000.0,,,transfermarkt,2026-07-14T01:33:57.561050+00:00
Iceland,Gylfi Sigurdsson,,,300000.0,,,transfermarkt,2026-07-14T01:33:57.561050+00:00
Iceland,Arnór Sigurdsson,,,1500000.0,,,transfermarkt,2026-07-14T01:33:57.561050+00:00
Iceland,Jón Dagur Thorsteinsson,,,800000.0,,,transfermarkt,2026-07-14T01:33:57.561050+00:00
Iceland,Orri Óskarsson,,,20000000.0,,,transfermarkt,2026-07-14T01:33:57.561050+00:00
Iceland,Brynjólfur Willumsson,,,900000.0,,,transfermarkt,2026-07-14T01:33:57.561050+00:00
Northern Ireland,Pierce Charles,,,900000.0,,,transfermarkt,2026-07-14T01:34:02.522437+00:00
Northern Ireland,Luke Southwood,,,200000.0,,,transfermarkt,2026-07-14T01:34:02.522437+00:00
Northern Ireland,Josh Clarke,,,200000.0,,,transfermarkt,2026-07-14T01:34:02.522437+00:00
Northern Ireland,Ruairi McConville,,,3000000.0,,,transfermarkt,2026-07-14T01:34:02.522437+00:00
Northern Ireland,Ciaron Brown,,,1500000.0,,,transfermarkt,2026-07-14T01:34:02.522437+00:00
Northern Ireland,Tom Atcheson,,,800000.0,,,transfermarkt,2026-07-14T01:34:02.522437+00:00
Northern Ireland,Trai Hume,,,22000000.0,,,transfermarkt,2026-07-14T01:34:02.522437+00:00
Northern Ireland,Brodie Spencer,,,1500000.0,,,transfermarkt,2026-07-14T01:34:02.522437+00:00
Northern Ireland,Shea Charles,,,15000000.0,,,transfermarkt,2026-07-14T01:34:02.522437+00:00
Northern Ireland,Jamie McDonnell,,,1000000.0,,,transfermarkt,2026-07-14T01:34:02.522437+00:00
Northern Ireland,Patrick Kelly,,,350000.0,,,transfermarkt,2026-07-14T01:34:02.522437+00:00
Northern Ireland,Isaac Price,,,12000000.0,,,transfermarkt,2026-07-14T01:34:02.522437+00:00
Northern Ireland,Ethan Galbraith,,,2500000.0,,,transfermarkt,2026-07-14T01:34:02.522437+00:00
Northern Ireland,Ali McCann,,,2200000.0,,,transfermarkt,2026-07-14T01:34:02.522437+00:00
Northern Ireland,Justin Devenny,,,12000000.0,,,transfermarkt,2026-07-14T01:34:02.522437+00:00
Northern Ireland,Jamie Donley,,,1500000.0,,,transfermarkt,2026-07-14T01:34:02.522437+00:00
Northern Ireland,Paul Smyth,,,800000.0,,,transfermarkt,2026-07-14T01:34:02.522437+00:00
Northern Ireland,Kieran Morrison,,,,,,transfermarkt,2026-07-14T01:34:02.522437+00:00
Northern Ireland,Callum Marshall,,,2000000.0,,,transfermarkt,2026-07-14T01:34:02.522437+00:00
Northern Ireland,Jamie Reid,,,200000.0,,,transfermarkt,2026-07-14T01:34:02.522437+00:00
Northern Ireland,Braiden Graham,,,200000.0,,,transfermarkt,2026-07-14T01:34:02.522437+00:00
Northern Ireland,Josh Magennis,,,50000.0,,,transfermarkt,2026-07-14T01:34:02.522437+00:00
Northern Ireland,Ceadach O'Neill,,,,,,transfermarkt,2026-07-14T01:34:02.522437+00:00
The Gambia,Baboucarr Gaye,,,400000.0,,,transfermarkt,2026-07-14T01:34:05.458418+00:00
The Gambia,Ebrima Jarju,,,300000.0,,,transfermarkt,2026-07-14T01:34:05.458418+00:00
The Gambia,Sheikh Sibi,,,225000.0,,,transfermarkt,2026-07-14T01:34:05.458418+00:00
The Gambia,Abubacarr Sedi Kinteh,,,7000000.0,,,transfermarkt,2026-07-14T01:34:05.458418+00:00
The Gambia,Sheriff Sinyan,,,1400000.0,,,transfermarkt,2026-07-14T01:34:05.458418+00:00
The Gambia,Omar Colley,,,1200000.0,,,transfermarkt,2026-07-14T01:34:05.458418+00:00
The Gambia,Yaya Bojang,,,800000.0,,,transfermarkt,2026-07-14T01:34:05.458418+00:00
The Gambia,Alagie Saine,,,250000.0,,,transfermarkt,2026-07-14T01:34:05.458418+00:00
The Gambia,Sainey Sanyang,,,350000.0,,,transfermarkt,2026-07-14T01:34:05.458418+00:00
The Gambia,Jesper Ceesay,,,1500000.0,,,transfermarkt,2026-07-14T01:34:05.458418+00:00
The Gambia,Mouhamadou Drammeh,,,600000.0,,,transfermarkt,2026-07-14T01:34:05.458418+00:00
The Gambia,Elvin Mendy,,,200000.0,,,transfermarkt,2026-07-14T01:34:05.458418+00:00
The Gambia,Abubakr Barry,,,3000000.0,,,transfermarkt,2026-07-14T01:34:05.458418+00:00
The Gambia,Ebou Adams,,,700000.0,,,transfermarkt,2026-07-14T01:34:05.458418+00:00
The Gambia,Joseph Ceesay,,,600000.0,,,transfermarkt,2026-07-14T01:34:05.458418+00:00
The Gambia,Musa Barrow,,,6000000.0,,,transfermarkt,2026-07-14T01:34:05.458418+00:00
The Gambia,Abdoulie Manneh,,,3000000.0,,,transfermarkt,2026-07-14T01:34:05.458418+00:00
The Gambia,Youssoupha Sanyang,,,2700000.0,,,transfermarkt,2026-07-14T01:34:05.458418+00:00
The Gambia,Salieu Drammeh,,,1000000.0,,,transfermarkt,2026-07-14T01:34:05.458418+00:00
The Gambia,Yankuba Minteh,,,45000000.0,,,transfermarkt,2026-07-14T01:34:05.458418+00:00
The Gambia,Abdoulie Sanyang,,,800000.0,,,transfermarkt,2026-07-14T01:34:05.458418+00:00
The Gambia,Adama Bojang,,,1200000.0,,,transfermarkt,2026-07-14T01:34:05.458418+00:00
The Gambia,Abdoulie Ceesay,,,1000000.0,,,transfermarkt,2026-07-14T01:34:05.458418+00:00
Venezuela,José Contreras,,,1000000.0,,,transfermarkt,2026-07-14T01:34:08.041100+00:00
Venezuela,Cristopher Varela,,,500000.0,,,transfermarkt,2026-07-14T01:34:08.041100+00:00
Venezuela,Joel Graterol,,,500000.0,,,transfermarkt,2026-07-14T01:34:08.041100+00:00
Venezuela,Javier Otero,,,150000.0,,,transfermarkt,2026-07-14T01:34:08.041100+00:00
Venezuela,Nahuel Ferraresi,,,4500000.0,,,transfermarkt,2026-07-14T01:34:08.041100+00:00
Venezuela,Christian Makoun,,,3500000.0,,,transfermarkt,2026-07-14T01:34:08.041100+00:00
Venezuela,Teo Quintero,,,1300000.0,,,transfermarkt,2026-07-14T01:34:08.041100+00:00
Venezuela,Carlos Vivas,,,1200000.0,,,transfermarkt,2026-07-14T01:34:08.041100+00:00
Venezuela,Diego Osio,,,350000.0,,,transfermarkt,2026-07-14T01:34:08.041100+00:00
Venezuela,Luis Balbo,,,3000000.0,,,transfermarkt,2026-07-14T01:34:08.041100+00:00
Venezuela,Jon Aramburu,,,15000000.0,,,transfermarkt,2026-07-14T01:34:08.041100+00:00
Venezuela,Adrián Cova,,,600000.0,,,transfermarkt,2026-07-14T01:34:08.041100+00:00
Venezuela,Jorge Yriarte,,,350000.0,,,transfermarkt,2026-07-14T01:34:08.041100+00:00
Venezuela,Cristian Cásseres Jr.,,,9000000.0,,,transfermarkt,2026-07-14T01:34:08.041100+00:00
Venezuela,Yangel Herrera,,,6000000.0,,,transfermarkt,2026-07-14T01:34:08.041100+00:00
Venezuela,Telasco Segovia,,,6000000.0,,,transfermarkt,2026-07-14T01:34:08.041100+00:00
Venezuela,Daniel Pereira,,,3000000.0,,,transfermarkt,2026-07-14T01:34:08.041100+00:00
Venezuela,Marco Libra,,,,,,transfermarkt,2026-07-14T01:34:08.041100+00:00
Venezuela,Wikelman Carmona,,,3000000.0,,,transfermarkt,2026-07-14T01:34:08.041100+00:00
Venezuela,Gleiker Mendoza,,,3000000.0,,,transfermarkt,2026-07-14T01:34:08.041100+00:00
Venezuela,Edson Tortolero,,,800000.0,,,transfermarkt,2026-07-14T01:34:08.041100+00:00
Venezuela,David Martínez,,,5000000.0,,,transfermarkt,2026-07-14T01:34:08.041100+00:00
Venezuela,Ender Echenique,,,1200000.0,,,transfermarkt,2026-07-14T01:34:08.041100+00:00
Venezuela,Jesús Ramírez,,,5000000.0,,,transfermarkt,2026-07-14T01:34:08.041100+00:00
Venezuela,Kevin Kelsy,,,4000000.0,,,transfermarkt,2026-07-14T01:34:08.041100+00:00
Montenegro,Balsa Popovic,,,1200000.0,,,transfermarkt,2026-07-14T01:34:11.027939+00:00
Montenegro,Igor Nikic,,,500000.0,,,transfermarkt,2026-07-14T01:34:11.027939+00:00
Montenegro,Danijel Petkovic,,,300000.0,,,transfermarkt,2026-07-14T01:34:11.027939+00:00
Montenegro,Miso Dubljanic,,,200000.0,,,transfermarkt,2026-07-14T01:34:11.027939+00:00
Montenegro,Igor Vujacic,,,2800000.0,,,transfermarkt,2026-07-14T01:34:11.027939+00:00
Montenegro,Slobodan Rubežić,,,500000.0,,,transfermarkt,2026-07-14T01:34:11.027939+00:00
Montenegro,Nikola Sipcic,,,400000.0,,,transfermarkt,2026-07-14T01:34:11.027939+00:00
Montenegro,Andrija Raznatovic,,,600000.0,,,transfermarkt,2026-07-14T01:34:11.027939+00:00
Montenegro,Risto Radunovic,,,550000.0,,,transfermarkt,2026-07-14T01:34:11.027939+00:00
Montenegro,Andrija Vukcevic,,,500000.0,,,transfermarkt,2026-07-14T01:34:11.027939+00:00
Montenegro,Milan Roganovic,,,4000000.0,,,transfermarkt,2026-07-14T01:34:11.027939+00:00
Montenegro,Marko Vesovic,,,150000.0,,,transfermarkt,2026-07-14T01:34:11.027939+00:00
Montenegro,Stefan Loncar,,,1200000.0,,,transfermarkt,2026-07-14T01:34:11.027939+00:00
Montenegro,Andrija Bulatovic,,,8000000.0,,,transfermarkt,2026-07-14T01:34:11.027939+00:00
Montenegro,Novica Erakovic,,,400000.0,,,transfermarkt,2026-07-14T01:34:11.027939+00:00
Montenegro,Milos Brnovic,,,300000.0,,,transfermarkt,2026-07-14T01:34:11.027939+00:00
Montenegro,Milan Vukotic,,,3500000.0,,,transfermarkt,2026-07-14T01:34:11.027939+00:00
Montenegro,Aleksa Latkovic,,,1000000.0,,,transfermarkt,2026-07-14T01:34:11.027939+00:00
Montenegro,Marko Simun,,,700000.0,,,transfermarkt,2026-07-14T01:34:11.027939+00:00
Montenegro,Sead Haksabanovic,,,2800000.0,,,transfermarkt,2026-07-14T01:34:11.027939+00:00
Montenegro,Vladimir Jovovic,,,600000.0,,,transfermarkt,2026-07-14T01:34:11.027939+00:00
Montenegro,Driton Camaj,,,300000.0,,,transfermarkt,2026-07-14T01:34:11.027939+00:00
Montenegro,Stevan Jovetić,,,225000.0,,,transfermarkt,2026-07-14T01:34:11.027939+00:00
Montenegro,Nikola Krstović,,,30000000.0,,,transfermarkt,2026-07-14T01:34:11.027939+00:00
Montenegro,Andrej Kostić,,,5000000.0,,,transfermarkt,2026-07-14T01:34:11.027939+00:00
Montenegro,Milutin Osmajic,,,3000000.0,,,transfermarkt,2026-07-14T01:34:11.027939+00:00
Montenegro,Balsa Sekulic,,,600000.0,,,transfermarkt,2026-07-14T01:34:11.027939+00:00
Montenegro,Stefan Mugosa,,,400000.0,,,transfermarkt,2026-07-14T01:34:11.027939+00:00
Israel,Daniel Peretz,,,4000000.0,,,transfermarkt,2026-07-14T01:34:17.031838+00:00
Israel,Omri Glazer,,,1500000.0,,,transfermarkt,2026-07-14T01:34:17.031838+00:00
Israel,Assaf Tzur,,,700000.0,,,transfermarkt,2026-07-14T01:34:17.031838+00:00
Israel,Stav Lemkin,,,6000000.0,,,transfermarkt,2026-07-14T01:34:17.031838+00:00
Israel,Or Blorian,,,2000000.0,,,transfermarkt,2026-07-14T01:34:17.031838+00:00
Israel,Nikita Stoinov,,,1500000.0,,,transfermarkt,2026-07-14T01:34:17.031838+00:00
Israel,Eli Dasa,,,700000.0,,,transfermarkt,2026-07-14T01:34:17.031838+00:00
Israel,Idan Nachmias,,,700000.0,,,transfermarkt,2026-07-14T01:34:17.031838+00:00
Israel,Itay Rotman,,,400000.0,,,transfermarkt,2026-07-14T01:34:17.031838+00:00
Israel,Roy Revivo,,,4500000.0,,,transfermarkt,2026-07-14T01:34:17.031838+00:00
Israel,Guy Mizrahi,,,1300000.0,,,transfermarkt,2026-07-14T01:34:17.031838+00:00
Israel,Neta Lavi,,,800000.0,,,transfermarkt,2026-07-14T01:34:17.031838+00:00
Israel,Yarin Levi,,,2000000.0,,,transfermarkt,2026-07-14T01:34:17.031838+00:00
Israel,Eliel Peretz,,,1700000.0,,,transfermarkt,2026-07-14T01:34:17.031838+00:00
Israel,Ido Shahar,,,1500000.0,,,transfermarkt,2026-07-14T01:34:17.031838+00:00
Israel,Oscar Gloukh,,,13000000.0,,,transfermarkt,2026-07-14T01:34:17.031838+00:00
Israel,Gabi Kanichowsky,,,4000000.0,,,transfermarkt,2026-07-14T01:34:17.031838+00:00
Israel,Manor Solomon,,,8000000.0,,,transfermarkt,2026-07-14T01:34:17.031838+00:00
Israel,Stav Turiel,,,1800000.0,,,transfermarkt,2026-07-14T01:34:17.031838+00:00
Israel,Tay Abed,,,1000000.0,,,transfermarkt,2026-07-14T01:34:17.031838+00:00
Israel,Idan Toklomati,,,4500000.0,,,transfermarkt,2026-07-14T01:34:17.031838+00:00
Israel,Dor Turgeman,,,4500000.0,,,transfermarkt,2026-07-14T01:34:17.031838+00:00
Israel,Sayed Abu Farkhi,,,2000000.0,,,transfermarkt,2026-07-14T01:34:17.031838+00:00
Chile,Brayan Cortés,,,2000000.0,,,transfermarkt,2026-07-14T01:34:21.884086+00:00
Chile,Thomas Gillier,,,1800000.0,,,transfermarkt,2026-07-14T01:34:21.884086+00:00
Chile,Lawrence Vigouroux,,,450000.0,,,transfermarkt,2026-07-14T01:34:21.884086+00:00
Chile,Guillermo Maripán,,,2000000.0,,,transfermarkt,2026-07-14T01:34:21.884086+00:00
Chile,Iván Román,,,1500000.0,,,transfermarkt,2026-07-14T01:34:21.884086+00:00
Chile,Francisco Sierralta,,,1200000.0,,,transfermarkt,2026-07-14T01:34:21.884086+00:00
Chile,Igor Lichnovsky,,,800000.0,,,transfermarkt,2026-07-14T01:34:21.884086+00:00
Chile,Gabriel Suazo,,,6000000.0,,,transfermarkt,2026-07-14T01:34:21.884086+00:00
Chile,Diego Ulloa,,,750000.0,,,transfermarkt,2026-07-14T01:34:21.884086+00:00
Chile,Fabián Hormazábal,,,1800000.0,,,transfermarkt,2026-07-14T01:34:21.884086+00:00
Chile,Felipe Faúndez,,,800000.0,,,transfermarkt,2026-07-14T01:34:21.884086+00:00
Chile,Vicente Pizarro,,,4500000.0,,,transfermarkt,2026-07-14T01:34:21.884086+00:00
Chile,Rodrigo Echeverría,,,2500000.0,,,transfermarkt,2026-07-14T01:34:21.884086+00:00
Chile,Víctor Méndez,,,1500000.0,,,transfermarkt,2026-07-14T01:34:21.884086+00:00
Chile,Felipe Loyola,,,7000000.0,,,transfermarkt,2026-07-14T01:34:21.884086+00:00
Chile,Nils Reichmuth,,,1000000.0,,,transfermarkt,2026-07-14T01:34:21.884086+00:00
Chile,Matías Sepúlveda,,,1200000.0,,,transfermarkt,2026-07-14T01:34:21.884086+00:00
Chile,Lautaro Millán,,,2500000.0,,,transfermarkt,2026-07-14T01:34:21.884086+00:00
Chile,Agustín Arce,,,1000000.0,,,transfermarkt,2026-07-14T01:34:21.884086+00:00
Chile,Lucas Cepeda,,,2500000.0,,,transfermarkt,2026-07-14T01:34:21.884086+00:00
Chile,Clemente Montes,,,1500000.0,,,transfermarkt,2026-07-14T01:34:21.884086+00:00
Chile,Darío Osorio,,,15000000.0,,,transfermarkt,2026-07-14T01:34:21.884086+00:00
Chile,Maximiliano Gutiérrez,,,3000000.0,,,transfermarkt,2026-07-14T01:34:21.884086+00:00
Chile,Gonzalo Tapia,,,3500000.0,,,transfermarkt,2026-07-14T01:34:21.884086+00:00
Chile,Iván Morales,,,1000000.0,,,transfermarkt,2026-07-14T01:34:21.884086+00:00
