match_id,team,jersey_number,player_name,total_distance_m,zone1_m,zone2_m,zone3_m,zone4_m,zone5_m,high_speed_runs_count,sprint_count,top_speed_kmh,source,source_url,retrieved_at
20260019,Argentina,23,Emiliano MARTINEZ,4718.3,4035.2,567.6,99.7,15.8,0.0,8.0,2.0,21.3,fifa_training_centre_pmsr_pdf,https://www.fifatrainingcentre.com/media/native/tournaments/fifa-world-cup/2026/PMSR-M19-ARG-V-ALG.pdf,2026-07-08T13:05:54.441218+00:00
20260019,Argentina,4,Gonzalo MONTIEL,4982.4,2026.8,2221.5,529.6,156.0,48.5,54.0,14.0,31.3,fifa_training_centre_pmsr_pdf,https://www.fifatrainingcentre.com/media/native/tournaments/fifa-world-cup/2026/PMSR-M19-ARG-V-ALG.pdf,2026-07-08T13:05:54.441218+00:00
20260019,Argentina,6,Lisandro MARTINEZ,9012.0,4510.4,3573.4,728.8,173.8,25.6,61.0,16.0,27.8,fifa_training_centre_pmsr_pdf,https://www.fifatrainingcentre.com/media/native/tournaments/fifa-world-cup/2026/PMSR-M19-ARG-V-ALG.pdf,2026-07-08T13:05:54.441218+00:00
20260019,Argentina,7,Rodrigo DE PAUL,10208.7,4548.3,3742.6,1086.4,561.2,270.1,84.0,47.0,30.9,fifa_training_centre_pmsr_pdf,https://www.fifatrainingcentre.com/media/native/tournaments/fifa-world-cup/2026/PMSR-M19-ARG-V-ALG.pdf,2026-07-08T13:05:54.441218+00:00
20260019,Argentina,10,Lionel MESSI,6808.4,4149.4,1569.2,670.2,357.6,62.0,60.0,29.0,29.4,fifa_training_centre_pmsr_pdf,https://www.fifatrainingcentre.com/media/native/tournaments/fifa-world-cup/2026/PMSR-M19-ARG-V-ALG.pdf,2026-07-08T13:05:54.441218+00:00
20260019,Argentina,13,Cristian ROMERO,7406.3,3898.9,2709.8,644.1,127.1,26.4,50.0,13.0,29.9,fifa_training_centre_pmsr_pdf,https://www.fifatrainingcentre.com/media/native/tournaments/fifa-world-cup/2026/PMSR-M19-ARG-V-ALG.pdf,2026-07-08T13:05:54.441218+00:00
20260019,Argentina,16,Thiago ALMADA,7226.5,2160.4,3483.9,1012.4,416.9,153.0,77.0,35.0,29.9,fifa_training_centre_pmsr_pdf,https://www.fifatrainingcentre.com/media/native/tournaments/fifa-world-cup/2026/PMSR-M19-ARG-V-ALG.pdf,2026-07-08T13:05:54.441218+00:00
20260019,Argentina,20,Alexis MAC ALLISTER,11187.3,3604.0,5857.8,1422.5,264.5,38.5,123.0,24.0,27.9,fifa_training_centre_pmsr_pdf,https://www.fifatrainingcentre.com/media/native/tournaments/fifa-world-cup/2026/PMSR-M19-ARG-V-ALG.pdf,2026-07-08T13:05:54.441218+00:00
20260019,Argentina,22,Lautaro MARTINEZ,6730.6,2347.5,3113.9,826.3,292.9,150.1,71.0,23.0,30.4,fifa_training_centre_pmsr_pdf,https://www.fifatrainingcentre.com/media/native/tournaments/fifa-world-cup/2026/PMSR-M19-ARG-V-ALG.pdf,2026-07-08T13:05:54.441218+00:00
20260019,Argentina,24,Enzo FERNANDEZ,11426.6,3885.6,5080.0,1615.4,614.6,231.1,148.0,51.0,30.5,fifa_training_centre_pmsr_pdf,https://www.fifatrainingcentre.com/media/native/tournaments/fifa-world-cup/2026/PMSR-M19-ARG-V-ALG.pdf,2026-07-08T13:05:54.441218+00:00
20260019,Argentina,25,Facundo MEDINA,10855.0,3949.9,4796.0,1381.3,498.1,229.7,124.0,37.0,31.2,fifa_training_centre_pmsr_pdf,https://www.fifatrainingcentre.com/media/native/tournaments/fifa-world-cup/2026/PMSR-M19-ARG-V-ALG.pdf,2026-07-08T13:05:54.441218+00:00
20260019,Argentina,9,Julian ALVAREZ,4394.7,1566.4,1711.6,606.5,366.4,143.7,56.0,28.0,29.9,fifa_training_centre_pmsr_pdf,https://www.fifatrainingcentre.com/media/native/tournaments/fifa-world-cup/2026/PMSR-M19-ARG-V-ALG.pdf,2026-07-08T13:05:54.441218+00:00
20260019,Argentina,15,Nico GONZALEZ,4237.7,1655.7,1779.5,450.3,154.1,198.1,36.0,16.0,33.4,fifa_training_centre_pmsr_pdf,https://www.fifatrainingcentre.com/media/native/tournaments/fifa-world-cup/2026/PMSR-M19-ARG-V-ALG.pdf,2026-07-08T13:05:54.441218+00:00
20260019,Argentina,18,Nico PAZ,2114.0,632.6,1039.1,285.2,81.0,76.1,29.0,5.0,30.0,fifa_training_centre_pmsr_pdf,https://www.fifatrainingcentre.com/media/native/tournaments/fifa-world-cup/2026/PMSR-M19-ARG-V-ALG.pdf,2026-07-08T13:05:54.441218+00:00
20260019,Argentina,19,Nicolas OTAMENDI,1707.0,642.6,844.0,185.8,21.9,12.7,18.0,3.0,26.2,fifa_training_centre_pmsr_pdf,https://www.fifatrainingcentre.com/media/native/tournaments/fifa-world-cup/2026/PMSR-M19-ARG-V-ALG.pdf,2026-07-08T13:05:54.441218+00:00
20260019,Argentina,26,Nahuel MOLINA,5371.3,2216.4,2096.6,686.5,277.4,94.5,64.0,26.0,33.7,fifa_training_centre_pmsr_pdf,https://www.fifatrainingcentre.com/media/native/tournaments/fifa-world-cup/2026/PMSR-M19-ARG-V-ALG.pdf,2026-07-08T13:05:54.441218+00:00
20260019,Algeria,23,Luca ZIDANE,4063.9,3178.4,800.6,72.8,12.1,0.0,8.0,1.0,22.0,fifa_training_centre_pmsr_pdf,https://www.fifatrainingcentre.com/media/native/tournaments/fifa-world-cup/2026/PMSR-M19-ARG-V-ALG.pdf,2026-07-08T13:05:54.441218+00:00
20260019,Algeria,2,Aissa MANDI,9089.2,4384.0,3548.1,784.5,241.9,130.7,83.0,18.0,29.5,fifa_training_centre_pmsr_pdf,https://www.fifatrainingcentre.com/media/native/tournaments/fifa-world-cup/2026/PMSR-M19-ARG-V-ALG.pdf,2026-07-08T13:05:54.441218+00:00
20260019,Algeria,9,Amine GOUIRI,7114.7,2778.9,2983.4,944.9,386.6,20.9,96.0,31.0,26.2,fifa_training_centre_pmsr_pdf,https://www.fifatrainingcentre.com/media/native/tournaments/fifa-world-cup/2026/PMSR-M19-ARG-V-ALG.pdf,2026-07-08T13:05:54.441218+00:00
20260019,Algeria,10,Fares CHAIBI,10722.1,3878.2,4755.1,1438.2,462.3,188.2,124.0,42.0,32.7,fifa_training_centre_pmsr_pdf,https://www.fifatrainingcentre.com/media/native/tournaments/fifa-world-cup/2026/PMSR-M19-ARG-V-ALG.pdf,2026-07-08T13:05:54.441218+00:00
20260019,Algeria,11,Anis HADJ MOUSSA,7147.7,2888.5,2791.2,1034.6,384.1,49.3,97.0,30.0,28.7,fifa_training_centre_pmsr_pdf,https://www.fifatrainingcentre.com/media/native/tournaments/fifa-world-cup/2026/PMSR-M19-ARG-V-ALG.pdf,2026-07-08T13:05:54.441218+00:00
20260019,Algeria,14,Hicham BOUDAOUI,8257.3,2162.6,4176.3,1355.8,468.5,94.2,112.0,33.0,29.6,fifa_training_centre_pmsr_pdf,https://www.fifatrainingcentre.com/media/native/tournaments/fifa-world-cup/2026/PMSR-M19-ARG-V-ALG.pdf,2026-07-08T13:05:54.441218+00:00
20260019,Algeria,15,Rayan AIT-NOURI,9966.6,4034.5,3782.9,1358.5,570.0,220.8,104.0,52.0,29.3,fifa_training_centre_pmsr_pdf,https://www.fifatrainingcentre.com/media/native/tournaments/fifa-world-cup/2026/PMSR-M19-ARG-V-ALG.pdf,2026-07-08T13:05:54.441218+00:00
20260019,Algeria,17,Rafik BELGHALI,10148.9,3829.6,3975.7,1401.8,687.6,254.3,128.0,47.0,33.0,fifa_training_centre_pmsr_pdf,https://www.fifatrainingcentre.com/media/native/tournaments/fifa-world-cup/2026/PMSR-M19-ARG-V-ALG.pdf,2026-07-08T13:05:54.441218+00:00
20260019,Algeria,19,Nabil BENTALEB,9393.7,3218.9,4341.1,1342.1,400.5,91.1,120.0,25.0,30.9,fifa_training_centre_pmsr_pdf,https://www.fifatrainingcentre.com/media/native/tournaments/fifa-world-cup/2026/PMSR-M19-ARG-V-ALG.pdf,2026-07-08T13:05:54.441218+00:00
20260019,Algeria,21,Ramy BENSEBAINI,8858.2,3986.2,3732.9,769.5,307.5,62.1,77.0,28.0,29.8,fifa_training_centre_pmsr_pdf,https://www.fifatrainingcentre.com/media/native/tournaments/fifa-world-cup/2026/PMSR-M19-ARG-V-ALG.pdf,2026-07-08T13:05:54.441218+00:00
20260019,Algeria,22,Ibrahim MAZA,9760.5,3220.9,4617.6,1477.2,378.9,65.8,126.0,35.0,28.4,fifa_training_centre_pmsr_pdf,https://www.fifatrainingcentre.com/media/native/tournaments/fifa-world-cup/2026/PMSR-M19-ARG-V-ALG.pdf,2026-07-08T13:05:54.441218+00:00
20260019,Algeria,6,Ramiz ZERROUKI,1955.0,495.6,1087.5,316.9,52.0,3.0,24.0,5.0,25.3,fifa_training_centre_pmsr_pdf,https://www.fifatrainingcentre.com/media/native/tournaments/fifa-world-cup/2026/PMSR-M19-ARG-V-ALG.pdf,2026-07-08T13:05:54.441218+00:00
20260019,Algeria,7,Riyad MAHREZ,3481.9,1300.4,1382.6,454.3,228.4,116.1,42.0,14.0,30.3,fifa_training_centre_pmsr_pdf,https://www.fifatrainingcentre.com/media/native/tournaments/fifa-world-cup/2026/PMSR-M19-ARG-V-ALG.pdf,2026-07-08T13:05:54.441218+00:00
20260019,Algeria,8,Houssem AOUAR,3820.9,1036.4,1994.5,591.8,170.2,28.0,50.0,16.0,31.5,fifa_training_centre_pmsr_pdf,https://www.fifatrainingcentre.com/media/native/tournaments/fifa-world-cup/2026/PMSR-M19-ARG-V-ALG.pdf,2026-07-08T13:05:54.441218+00:00
20260019,Algeria,18,Mohamed AMOURA,3799.5,920.8,1813.4,668.7,298.1,98.5,57.0,24.0,29.0,fifa_training_centre_pmsr_pdf,https://www.fifatrainingcentre.com/media/native/tournaments/fifa-world-cup/2026/PMSR-M19-ARG-V-ALG.pdf,2026-07-08T13:05:54.441218+00:00
20260043,Argentina,23,Emiliano MARTINEZ,4554.1,3801.0,664.3,87.6,1.2,0.0,7.0,0.0,20.2,fifa_training_centre_pmsr_pdf,https://www.fifatrainingcentre.com/media/native/tournaments/fifa-world-cup/2026/PMSR-M43-ARG-V-AUT.pdf,2026-07-08T13:12:07.567790+00:00
20260043,Argentina,6,Lisandro MARTINEZ,8625.1,4651.6,3105.6,664.9,154.6,48.5,63.0,17.0,29.7,fifa_training_centre_pmsr_pdf,https://www.fifatrainingcentre.com/media/native/tournaments/fifa-world-cup/2026/PMSR-M43-ARG-V-AUT.pdf,2026-07-08T13:12:07.567790+00:00
20260043,Argentina,7,Rodrigo DE PAUL,8180.6,3667.8,2981.8,936.4,430.0,164.6,84.0,37.0,31.8,fifa_training_centre_pmsr_pdf,https://www.fifatrainingcentre.com/media/native/tournaments/fifa-world-cup/2026/PMSR-M43-ARG-V-AUT.pdf,2026-07-08T13:12:07.567790+00:00
20260043,Argentina,10,Lionel MESSI,7904.8,4975.3,1545.3,804.9,484.5,94.8,75.0,31.0,29.7,fifa_training_centre_pmsr_pdf,https://www.fifatrainingcentre.com/media/native/tournaments/fifa-world-cup/2026/PMSR-M43-ARG-V-AUT.pdf,2026-07-08T13:12:07.567790+00:00
20260043,Argentina,13,Cristian ROMERO,5027.9,3022.6,1614.6,301.7,64.0,25.0,24.0,5.0,27.7,fifa_training_centre_pmsr_pdf,https://www.fifatrainingcentre.com/media/native/tournaments/fifa-world-cup/2026/PMSR-M43-ARG-V-AUT.pdf,2026-07-08T13:12:07.567790+00:00
20260043,Argentina,16,Thiago ALMADA,8426.1,2477.9,4054.5,1125.1,503.5,265.2,100.0,39.0,31.3,fifa_training_centre_pmsr_pdf,https://www.fifatrainingcentre.com/media/native/tournaments/fifa-world-cup/2026/PMSR-M43-ARG-V-AUT.pdf,2026-07-08T13:12:07.567790+00:00
20260043,Argentina,20,Alexis MAC ALLISTER,10553.2,3839.1,4908.3,1424.8,303.3,77.6,131.0,26.0,28.6,fifa_training_centre_pmsr_pdf,https://www.fifatrainingcentre.com/media/native/tournaments/fifa-world-cup/2026/PMSR-M43-ARG-V-AUT.pdf,2026-07-08T13:12:07.567790+00:00
20260043,Argentina,22,Lautaro MARTINEZ,6814.0,2651.7,2980.9,753.3,294.2,133.9,67.0,26.0,29.1,fifa_training_centre_pmsr_pdf,https://www.fifatrainingcentre.com/media/native/tournaments/fifa-world-cup/2026/PMSR-M43-ARG-V-AUT.pdf,2026-07-08T13:12:07.567790+00:00
20260043,Argentina,24,Enzo FERNANDEZ,11058.0,4179.6,4426.8,1626.0,570.0,255.6,158.0,48.0,31.3,fifa_training_centre_pmsr_pdf,https://www.fifatrainingcentre.com/media/native/tournaments/fifa-world-cup/2026/PMSR-M43-ARG-V-AUT.pdf,2026-07-08T13:12:07.567790+00:00
20260043,Argentina,25,Facundo MEDINA,8573.3,3311.3,3858.1,999.9,258.8,145.2,102.0,23.0,32.3,fifa_training_centre_pmsr_pdf,https://www.fifatrainingcentre.com/media/native/tournaments/fifa-world-cup/2026/PMSR-M43-ARG-V-AUT.pdf,2026-07-08T13:12:07.567790+00:00
20260043,Argentina,26,Nahuel MOLINA,10087.5,4452.3,3768.2,1208.1,485.9,173.1,89.0,41.0,32.6,fifa_training_centre_pmsr_pdf,https://www.fifatrainingcentre.com/media/native/tournaments/fifa-world-cup/2026/PMSR-M43-ARG-V-AUT.pdf,2026-07-08T13:12:07.567790+00:00
20260043,Argentina,3,Nicolas TAGLIAFICO,1791.2,592.7,742.7,303.5,123.6,28.6,22.0,7.0,28.6,fifa_training_centre_pmsr_pdf,https://www.fifatrainingcentre.com/media/native/tournaments/fifa-world-cup/2026/PMSR-M43-ARG-V-AUT.pdf,2026-07-08T13:12:07.567790+00:00
20260043,Argentina,5,Leandro PAREDES,2049.8,574.9,876.6,375.7,173.2,49.5,35.0,9.0,29.3,fifa_training_centre_pmsr_pdf,https://www.fifatrainingcentre.com/media/native/tournaments/fifa-world-cup/2026/PMSR-M43-ARG-V-AUT.pdf,2026-07-08T13:12:07.567790+00:00
20260043,Argentina,9,Julian ALVAREZ,3636.7,1229.1,1460.7,460.8,352.2,133.9,46.0,28.0,33.6,fifa_training_centre_pmsr_pdf,https://www.fifatrainingcentre.com/media/native/tournaments/fifa-world-cup/2026/PMSR-M43-ARG-V-AUT.pdf,2026-07-08T13:12:07.567790+00:00
20260043,Argentina,15,Nico GONZALEZ,3404.3,1333.5,1201.2,557.1,183.7,128.9,43.0,15.0,32.1,fifa_training_centre_pmsr_pdf,https://www.fifatrainingcentre.com/media/native/tournaments/fifa-world-cup/2026/PMSR-M43-ARG-V-AUT.pdf,2026-07-08T13:12:07.567790+00:00
20260043,Argentina,19,Nicolas OTAMENDI,3681.0,1638.4,1342.4,514.4,146.2,39.6,36.0,11.0,28.8,fifa_training_centre_pmsr_pdf,https://www.fifatrainingcentre.com/media/native/tournaments/fifa-world-cup/2026/PMSR-M43-ARG-V-AUT.pdf,2026-07-08T13:12:07.567790+00:00
20260043,Austria,1,Alexander SCHLAGER,6003.8,3943.8,1824.0,203.5,32.6,0.0,18.0,3.0,24.4,fifa_training_centre_pmsr_pdf,https://www.fifatrainingcentre.com/media/native/tournaments/fifa-world-cup/2026/PMSR-M43-ARG-V-AUT.pdf,2026-07-08T13:12:07.567790+00:00
20260043,Austria,3,Kevin DANSO,8899.4,4329.9,3161.3,938.0,376.0,94.2,92.0,31.0,31.8,fifa_training_centre_pmsr_pdf,https://www.fifatrainingcentre.com/media/native/tournaments/fifa-world-cup/2026/PMSR-M43-ARG-V-AUT.pdf,2026-07-08T13:12:07.567790+00:00
20260043,Austria,4,Xaver SCHLAGER,10125.1,4261.0,4083.0,1275.9,378.2,127.0,107.0,26.0,32.7,fifa_training_centre_pmsr_pdf,https://www.fifatrainingcentre.com/media/native/tournaments/fifa-world-cup/2026/PMSR-M43-ARG-V-AUT.pdf,2026-07-08T13:12:07.567790+00:00
20260043,Austria,5,Stefan POSCH,7836.4,2885.8,3450.8,987.5,369.8,142.4,80.0,32.0,30.8,fifa_training_centre_pmsr_pdf,https://www.fifatrainingcentre.com/media/native/tournaments/fifa-world-cup/2026/PMSR-M43-ARG-V-AUT.pdf,2026-07-08T13:12:07.567790+00:00
20260043,Austria,6,Nicolas SEIWALD,10791.9,3695.2,5044.0,1374.6,521.1,157.0,119.0,41.0,31.9,fifa_training_centre_pmsr_pdf,https://www.fifatrainingcentre.com/media/native/tournaments/fifa-world-cup/2026/PMSR-M43-ARG-V-AUT.pdf,2026-07-08T13:12:07.567790+00:00
20260043,Austria,8,David ALABA,6857.9,2890.7,2979.8,669.5,264.7,53.1,67.0,17.0,28.1,fifa_training_centre_pmsr_pdf,https://www.fifatrainingcentre.com/media/native/tournaments/fifa-world-cup/2026/PMSR-M43-ARG-V-AUT.pdf,2026-07-08T13:12:07.567790+00:00
20260043,Austria,9,Marcel SABITZER,9795.1,4172.1,3536.7,1362.6,564.8,158.9,117.0,51.0,31.6,fifa_training_centre_pmsr_pdf,https://www.fifatrainingcentre.com/media/native/tournaments/fifa-world-cup/2026/PMSR-M43-ARG-V-AUT.pdf,2026-07-08T13:12:07.567790+00:00
20260043,Austria,11,Michael GREGORITSCH,8185.9,3465.5,3266.9,935.3,421.8,96.4,85.0,33.0,28.0,fifa_training_centre_pmsr_pdf,https://www.fifatrainingcentre.com/media/native/tournaments/fifa-world-cup/2026/PMSR-M43-ARG-V-AUT.pdf,2026-07-08T13:12:07.567790+00:00
20260043,Austria,18,Romano SCHMID,8713.2,3283.2,3668.2,1060.4,518.9,182.4,101.0,47.0,31.2,fifa_training_centre_pmsr_pdf,https://www.fifatrainingcentre.com/media/native/tournaments/fifa-world-cup/2026/PMSR-M43-ARG-V-AUT.pdf,2026-07-08T13:12:07.567790+00:00
20260043,Austria,20,Konrad LAIMER,10016.9,4121.4,4069.5,1127.7,458.7,239.6,90.0,41.0,34.0,fifa_training_centre_pmsr_pdf,https://www.fifatrainingcentre.com/media/native/tournaments/fifa-world-cup/2026/PMSR-M43-ARG-V-AUT.pdf,2026-07-08T13:12:07.567790+00:00
20260043,Austria,24,Paul WANNER,8175.3,2554.6,4074.9,1166.2,301.6,78.1,104.0,27.0,28.1,fifa_training_centre_pmsr_pdf,https://www.fifatrainingcentre.com/media/native/tournaments/fifa-world-cup/2026/PMSR-M43-ARG-V-AUT.pdf,2026-07-08T13:12:07.567790+00:00
20260043,Austria,7,Marko ARNAUTOVIC,2733.6,1117.5,1106.3,381.6,123.5,4.7,36.0,9.0,25.9,fifa_training_centre_pmsr_pdf,https://www.fifatrainingcentre.com/media/native/tournaments/fifa-world-cup/2026/PMSR-M43-ARG-V-AUT.pdf,2026-07-08T13:12:07.567790+00:00
20260043,Austria,17,Carney CHUKWUEMEKA,1481.5,455.8,592.4,252.0,134.3,47.0,25.0,9.0,30.7,fifa_training_centre_pmsr_pdf,https://www.fifatrainingcentre.com/media/native/tournaments/fifa-world-cup/2026/PMSR-M43-ARG-V-AUT.pdf,2026-07-08T13:12:07.567790+00:00
20260043,Austria,21,Patrick WIMMER,2155.7,696.8,899.2,344.8,105.1,109.8,23.0,9.0,31.5,fifa_training_centre_pmsr_pdf,https://www.fifatrainingcentre.com/media/native/tournaments/fifa-world-cup/2026/PMSR-M43-ARG-V-AUT.pdf,2026-07-08T13:12:07.567790+00:00
20260043,Austria,22,Alexander PRASS,3243.0,1018.4,1400.4,415.0,198.4,210.7,37.0,15.0,31.0,fifa_training_centre_pmsr_pdf,https://www.fifatrainingcentre.com/media/native/tournaments/fifa-world-cup/2026/PMSR-M43-ARG-V-AUT.pdf,2026-07-08T13:12:07.567790+00:00
20260043,Austria,23,Marco FRIEDL,2757.1,1080.9,1153.8,310.7,170.0,41.8,30.0,12.0,29.5,fifa_training_centre_pmsr_pdf,https://www.fifatrainingcentre.com/media/native/tournaments/fifa-world-cup/2026/PMSR-M43-ARG-V-AUT.pdf,2026-07-08T13:12:07.567790+00:00
20260070,Jordan,1,YAZEED ABULAILA,4221.0,3662.1,520.2,31.8,6.9,0.0,2.0,1.0,22.5,fifa_training_centre_pmsr_pdf,https://www.fifatrainingcentre.com/media/native/tournaments/fifa-world-cup/2026/PMSR-M70-JOR-V-ARG.pdf,2026-07-08T13:12:07.567790+00:00
20260070,Jordan,3,ABDALLAH NASIB,9068.7,3853.1,3873.7,986.9,267.3,87.8,85.0,24.0,32.4,fifa_training_centre_pmsr_pdf,https://www.fifatrainingcentre.com/media/native/tournaments/fifa-world-cup/2026/PMSR-M70-JOR-V-ARG.pdf,2026-07-08T13:12:07.567790+00:00
20260070,Jordan,4,HUSAM ABUDAHAB,9659.4,3905.8,3948.1,1099.7,459.6,246.3,100.0,42.0,32.4,fifa_training_centre_pmsr_pdf,https://www.fifatrainingcentre.com/media/native/tournaments/fifa-world-cup/2026/PMSR-M70-JOR-V-ARG.pdf,2026-07-08T13:12:07.567790+00:00
20260070,Jordan,5,YAZAN ALARAB,8831.5,3838.0,3791.7,823.2,276.1,102.5,77.0,29.0,30.8,fifa_training_centre_pmsr_pdf,https://www.fifatrainingcentre.com/media/native/tournaments/fifa-world-cup/2026/PMSR-M70-JOR-V-ARG.pdf,2026-07-08T13:12:07.567790+00:00
20260070,Jordan,8,NOOR ALRAWABDEH,12305.2,3277.8,6457.7,1937.4,562.5,69.9,181.0,44.0,30.5,fifa_training_centre_pmsr_pdf,https://www.fifatrainingcentre.com/media/native/tournaments/fifa-world-cup/2026/PMSR-M70-JOR-V-ARG.pdf,2026-07-08T13:12:07.567790+00:00
20260070,Jordan,9,ALI OLWAN,10463.7,3780.0,4868.0,1310.1,332.9,172.6,118.0,27.0,33.4,fifa_training_centre_pmsr_pdf,https://www.fifatrainingcentre.com/media/native/tournaments/fifa-world-cup/2026/PMSR-M70-JOR-V-ARG.pdf,2026-07-08T13:12:07.567790+00:00
20260070,Jordan,11,ODEH FAKHOURY,5567.2,1746.4,2675.3,853.6,198.9,92.9,78.0,22.0,32.9,fifa_training_centre_pmsr_pdf,https://www.fifatrainingcentre.com/media/native/tournaments/fifa-world-cup/2026/PMSR-M70-JOR-V-ARG.pdf,2026-07-08T13:12:07.567790+00:00
20260070,Jordan,20,MOHANNAD ABUTAHA,10526.2,3847.2,4378.4,1431.1,707.5,162.1,130.0,55.0,30.0,fifa_training_centre_pmsr_pdf,https://www.fifatrainingcentre.com/media/native/tournaments/fifa-world-cup/2026/PMSR-M70-JOR-V-ARG.pdf,2026-07-08T13:12:07.567790+00:00
20260070,Jordan,21,NIZAR ALRASHDAN,8913.8,2514.9,4952.9,1059.0,303.5,83.4,97.0,24.0,30.2,fifa_training_centre_pmsr_pdf,https://www.fifatrainingcentre.com/media/native/tournaments/fifa-world-cup/2026/PMSR-M70-JOR-V-ARG.pdf,2026-07-08T13:12:07.567790+00:00
20260070,Jordan,23,EHSAN HADDAD,10630.2,4055.6,4609.2,1386.2,497.5,81.8,123.0,30.0,26.7,fifa_training_centre_pmsr_pdf,https://www.fifatrainingcentre.com/media/native/tournaments/fifa-world-cup/2026/PMSR-M70-JOR-V-ARG.pdf,2026-07-08T13:12:07.567790+00:00
20260070,Jordan,24,ALI AZAIZEH,5804.0,1836.3,2743.8,877.7,302.6,43.5,83.0,24.0,28.1,fifa_training_centre_pmsr_pdf,https://www.fifatrainingcentre.com/media/native/tournaments/fifa-world-cup/2026/PMSR-M70-JOR-V-ARG.pdf,2026-07-08T13:12:07.567790+00:00
20260070,Jordan,6,AMER JAMOUS,2137.0,535.0,962.5,467.5,152.2,19.8,48.0,10.0,27.1,fifa_training_centre_pmsr_pdf,https://www.fifatrainingcentre.com/media/native/tournaments/fifa-world-cup/2026/PMSR-M70-JOR-V-ARG.pdf,2026-07-08T13:12:07.567790+00:00
20260070,Jordan,7,MOHAMMAD ABUZRAIQ,697.4,182.9,311.9,127.2,60.7,14.6,11.0,6.0,26.7,fifa_training_centre_pmsr_pdf,https://www.fifatrainingcentre.com/media/native/tournaments/fifa-world-cup/2026/PMSR-M70-JOR-V-ARG.pdf,2026-07-08T13:12:07.567790+00:00
20260070,Jordan,10,MOUSA ALTAMARI,5270.7,2127.3,1799.1,763.0,375.3,205.9,61.0,29.0,31.6,fifa_training_centre_pmsr_pdf,https://www.fifatrainingcentre.com/media/native/tournaments/fifa-world-cup/2026/PMSR-M70-JOR-V-ARG.pdf,2026-07-08T13:12:07.567790+00:00
20260070,Jordan,13,MAHMOUD ALMARDI,5904.1,1812.6,2524.0,1129.1,366.5,71.9,94.0,27.0,30.1,fifa_training_centre_pmsr_pdf,https://www.fifatrainingcentre.com/media/native/tournaments/fifa-world-cup/2026/PMSR-M70-JOR-V-ARG.pdf,2026-07-08T13:12:07.567790+00:00
20260070,Jordan,17,SALEEM OBAID,610.5,179.1,292.4,84.0,55.0,0.0,7.0,3.0,24.0,fifa_training_centre_pmsr_pdf,https://www.fifatrainingcentre.com/media/native/tournaments/fifa-world-cup/2026/PMSR-M70-JOR-V-ARG.pdf,2026-07-08T13:12:07.567790+00:00
20260070,Argentina,23,Emiliano MARTINEZ,4479.9,3785.2,604.8,75.5,14.4,0.0,8.0,2.0,22.5,fifa_training_centre_pmsr_pdf,https://www.fifatrainingcentre.com/media/native/tournaments/fifa-world-cup/2026/PMSR-M70-JOR-V-ARG.pdf,2026-07-08T13:12:07.567790+00:00
20260070,Argentina,2,Marcos SENESI,9406.5,3813.9,4174.2,992.6,330.6,95.2,86.0,25.0,32.5,fifa_training_centre_pmsr_pdf,https://www.fifatrainingcentre.com/media/native/tournaments/fifa-world-cup/2026/PMSR-M70-JOR-V-ARG.pdf,2026-07-08T13:12:07.567790+00:00
20260070,Argentina,3,Nicolas TAGLIAFICO,9697.1,4120.3,3920.5,1192.6,355.9,107.7,108.0,29.0,30.6,fifa_training_centre_pmsr_pdf,https://www.fifatrainingcentre.com/media/native/tournaments/fifa-world-cup/2026/PMSR-M70-JOR-V-ARG.pdf,2026-07-08T13:12:07.567790+00:00
20260070,Argentina,5,Leandro PAREDES,10058.7,3844.9,4752.5,1144.6,261.4,55.3,97.0,20.0,27.9,fifa_training_centre_pmsr_pdf,https://www.fifatrainingcentre.com/media/native/tournaments/fifa-world-cup/2026/PMSR-M70-JOR-V-ARG.pdf,2026-07-08T13:12:07.567790+00:00
20260070,Argentina,9,Julian ALVAREZ,9142.0,2918.0,4371.7,1236.7,461.0,154.7,118.0,37.0,30.2,fifa_training_centre_pmsr_pdf,https://www.fifatrainingcentre.com/media/native/tournaments/fifa-world-cup/2026/PMSR-M70-JOR-V-ARG.pdf,2026-07-08T13:12:07.567790+00:00
20260070,Argentina,11,Giovani LO CELSO,7525.5,2290.5,3532.7,1343.3,288.4,70.6,123.0,23.0,28.9,fifa_training_centre_pmsr_pdf,https://www.fifatrainingcentre.com/media/native/tournaments/fifa-world-cup/2026/PMSR-M70-JOR-V-ARG.pdf,2026-07-08T13:12:07.567790+00:00
20260070,Argentina,14,Exequiel PALACIOS,10029.0,3833.7,4156.3,1320.7,534.1,184.1,113.0,37.0,32.5,fifa_training_centre_pmsr_pdf,https://www.fifatrainingcentre.com/media/native/tournaments/fifa-world-cup/2026/PMSR-M70-JOR-V-ARG.pdf,2026-07-08T13:12:07.567790+00:00
20260070,Argentina,17,Giuliano SIMEONE,8279.4,2950.7,3377.0,1176.5,504.0,271.2,102.0,40.0,35.2,fifa_training_centre_pmsr_pdf,https://www.fifatrainingcentre.com/media/native/tournaments/fifa-world-cup/2026/PMSR-M70-JOR-V-ARG.pdf,2026-07-08T13:12:07.567790+00:00
20260070,Argentina,18,Nico PAZ,7075.5,2459.5,3095.0,1027.6,361.0,132.3,81.0,34.0,31.1,fifa_training_centre_pmsr_pdf,https://www.fifatrainingcentre.com/media/native/tournaments/fifa-world-cup/2026/PMSR-M70-JOR-V-ARG.pdf,2026-07-08T13:12:07.567790+00:00
20260070,Argentina,19,Nicolas OTAMENDI,9558.7,4125.5,3607.6,1377.2,302.3,146.1,111.0,26.0,30.5,fifa_training_centre_pmsr_pdf,https://www.fifatrainingcentre.com/media/native/tournaments/fifa-world-cup/2026/PMSR-M70-JOR-V-ARG.pdf,2026-07-08T13:12:07.567790+00:00
20260070,Argentina,22,Lautaro MARTINEZ,6555.4,2473.9,2867.0,755.7,340.7,118.0,64.0,28.0,29.8,fifa_training_centre_pmsr_pdf,https://www.fifatrainingcentre.com/media/native/tournaments/fifa-world-cup/2026/PMSR-M70-JOR-V-ARG.pdf,2026-07-08T13:12:07.567790+00:00
20260070,Argentina,8,Valentin BARCO,2814.6,982.8,1105.2,477.2,216.7,32.8,41.0,14.0,28.2,fifa_training_centre_pmsr_pdf,https://www.fifatrainingcentre.com/media/native/tournaments/fifa-world-cup/2026/PMSR-M70-JOR-V-ARG.pdf,2026-07-08T13:12:07.567790+00:00
20260070,Argentina,10,Lionel MESSI,2517.2,1520.1,679.9,197.1,116.7,3.4,16.0,9.0,25.7,fifa_training_centre_pmsr_pdf,https://www.fifatrainingcentre.com/media/native/tournaments/fifa-world-cup/2026/PMSR-M70-JOR-V-ARG.pdf,2026-07-08T13:12:07.567790+00:00
20260070,Argentina,16,Thiago ALMADA,3789.6,1292.5,1539.1,561.6,320.3,76.1,51.0,22.0,29.2,fifa_training_centre_pmsr_pdf,https://www.fifatrainingcentre.com/media/native/tournaments/fifa-world-cup/2026/PMSR-M70-JOR-V-ARG.pdf,2026-07-08T13:12:07.567790+00:00
20260070,Argentina,20,Alexis MAC ALLISTER,3505.6,1146.6,1746.0,457.3,148.7,7.0,43.0,10.0,26.4,fifa_training_centre_pmsr_pdf,https://www.fifatrainingcentre.com/media/native/tournaments/fifa-world-cup/2026/PMSR-M70-JOR-V-ARG.pdf,2026-07-08T13:12:07.567790+00:00
20260070,Argentina,21,Jose Manuel LOPEZ,1465.8,428.7,674.2,220.0,124.4,18.5,22.0,11.0,27.6,fifa_training_centre_pmsr_pdf,https://www.fifatrainingcentre.com/media/native/tournaments/fifa-world-cup/2026/PMSR-M70-JOR-V-ARG.pdf,2026-07-08T13:12:07.567790+00:00
20260086,Argentina,23,Emiliano MARTINEZ,6040.7,5082.1,829.8,104.3,18.0,6.5,12.0,1.0,25.4,fifa_training_centre_pmsr_pdf,https://www.fifatrainingcentre.com/media/native/tournaments/fifa-world-cup/2026/PMSR-M86-ARG-V-CPV.pdf,2026-07-08T13:35:15.920526+00:00
20260086,Argentina,6,Lisandro MARTINEZ,11996.5,6315.5,4075.6,1075.3,418.2,111.9,87.0,31.0,31.3,fifa_training_centre_pmsr_pdf,https://www.fifatrainingcentre.com/media/native/tournaments/fifa-world-cup/2026/PMSR-M86-ARG-V-CPV.pdf,2026-07-08T13:35:15.920526+00:00
20260086,Argentina,7,Rodrigo DE PAUL,8706.6,3867.8,3181.2,948.6,598.3,110.6,80.0,42.0,29.3,fifa_training_centre_pmsr_pdf,https://www.fifatrainingcentre.com/media/native/tournaments/fifa-world-cup/2026/PMSR-M86-ARG-V-CPV.pdf,2026-07-08T13:35:15.920526+00:00
20260086,Argentina,10,Lionel MESSI,10364.9,7031.2,2074.8,886.1,316.1,56.6,80.0,27.0,29.2,fifa_training_centre_pmsr_pdf,https://www.fifatrainingcentre.com/media/native/tournaments/fifa-world-cup/2026/PMSR-M86-ARG-V-CPV.pdf,2026-07-08T13:35:15.920526+00:00
20260086,Argentina,13,Cristian ROMERO,11619.6,6580.3,3834.5,900.5,265.8,38.5,78.0,19.0,27.6,fifa_training_centre_pmsr_pdf,https://www.fifatrainingcentre.com/media/native/tournaments/fifa-world-cup/2026/PMSR-M86-ARG-V-CPV.pdf,2026-07-08T13:35:15.920526+00:00
20260086,Argentina,16,Thiago ALMADA,8349.6,2483.4,4188.9,1184.4,389.8,103.0,97.0,31.0,29.0,fifa_training_centre_pmsr_pdf,https://www.fifatrainingcentre.com/media/native/tournaments/fifa-world-cup/2026/PMSR-M86-ARG-V-CPV.pdf,2026-07-08T13:35:15.920526+00:00
20260086,Argentina,20,Alexis MAC ALLISTER,14031.8,5339.2,6636.8,1554.9,418.7,82.1,143.0,34.0,27.9,fifa_training_centre_pmsr_pdf,https://www.fifatrainingcentre.com/media/native/tournaments/fifa-world-cup/2026/PMSR-M86-ARG-V-CPV.pdf,2026-07-08T13:35:15.920526+00:00
20260086,Argentina,22,Lautaro MARTINEZ,7236.0,2784.7,3077.3,890.2,376.8,106.9,77.0,33.0,31.5,fifa_training_centre_pmsr_pdf,https://www.fifatrainingcentre.com/media/native/tournaments/fifa-world-cup/2026/PMSR-M86-ARG-V-CPV.pdf,2026-07-08T13:35:15.920526+00:00
20260086,Argentina,24,Enzo FERNANDEZ,14741.7,5431.9,6390.8,2043.3,760.3,115.4,185.0,57.0,28.7,fifa_training_centre_pmsr_pdf,https://www.fifatrainingcentre.com/media/native/tournaments/fifa-world-cup/2026/PMSR-M86-ARG-V-CPV.pdf,2026-07-08T13:35:15.920526+00:00
20260086,Argentina,25,Facundo MEDINA,9280.9,3567.8,3763.4,1166.7,533.5,249.5,102.0,43.0,31.9,fifa_training_centre_pmsr_pdf,https://www.fifatrainingcentre.com/media/native/tournaments/fifa-world-cup/2026/PMSR-M86-ARG-V-CPV.pdf,2026-07-08T13:35:15.920526+00:00
20260086,Argentina,26,Nahuel MOLINA,11434.9,4738.8,4618.8,1349.9,518.0,209.4,113.0,41.0,32.4,fifa_training_centre_pmsr_pdf,https://www.fifatrainingcentre.com/media/native/tournaments/fifa-world-cup/2026/PMSR-M86-ARG-V-CPV.pdf,2026-07-08T13:35:15.920526+00:00
20260086,Argentina,3,Nicolas TAGLIAFICO,5172.1,2015.1,2128.9,679.3,267.2,81.6,61.0,21.0,31.1,fifa_training_centre_pmsr_pdf,https://www.fifatrainingcentre.com/media/native/tournaments/fifa-world-cup/2026/PMSR-M86-ARG-V-CPV.pdf,2026-07-08T13:35:15.920526+00:00
20260086,Argentina,4,Gonzalo MONTIEL,2560.9,918.2,992.2,449.9,155.6,45.0,33.0,12.0,28.3,fifa_training_centre_pmsr_pdf,https://www.fifatrainingcentre.com/media/native/tournaments/fifa-world-cup/2026/PMSR-M86-ARG-V-CPV.pdf,2026-07-08T13:35:15.920526+00:00
20260086,Argentina,5,Leandro PAREDES,5226.6,1992.2,2302.3,707.1,205.3,19.7,54.0,12.0,26.5,fifa_training_centre_pmsr_pdf,https://www.fifatrainingcentre.com/media/native/tournaments/fifa-world-cup/2026/PMSR-M86-ARG-V-CPV.pdf,2026-07-08T13:35:15.920526+00:00
20260086,Argentina,9,Julian ALVAREZ,7128.2,2507.1,3132.2,886.0,433.9,169.0,70.0,32.0,32.6,fifa_training_centre_pmsr_pdf,https://www.fifatrainingcentre.com/media/native/tournaments/fifa-world-cup/2026/PMSR-M86-ARG-V-CPV.pdf,2026-07-08T13:35:15.920526+00:00
20260086,Argentina,15,Nico GONZALEZ,6731.6,2749.8,2487.1,780.6,481.5,232.6,58.0,38.0,33.5,fifa_training_centre_pmsr_pdf,https://www.fifatrainingcentre.com/media/native/tournaments/fifa-world-cup/2026/PMSR-M86-ARG-V-CPV.pdf,2026-07-08T13:35:15.920526+00:00
20260086,Cabo Verde,1,VOZINHA,6089.6,5274.9,681.1,83.8,47.3,2.4,7.0,5.0,25.4,fifa_training_centre_pmsr_pdf,https://www.fifatrainingcentre.com/media/native/tournaments/fifa-world-cup/2026/PMSR-M86-ARG-V-CPV.pdf,2026-07-08T13:35:15.920526+00:00
20260086,Cabo Verde,3,DINEY BORGES,12588.2,6087.2,4867.7,1148.0,349.5,135.8,102.0,31.0,30.2,fifa_training_centre_pmsr_pdf,https://www.fifatrainingcentre.com/media/native/tournaments/fifa-world-cup/2026/PMSR-M86-ARG-V-CPV.pdf,2026-07-08T13:35:15.920526+00:00
20260086,Cabo Verde,4,PICO LOPES,12276.4,5646.7,5122.5,1084.7,207.5,215.1,95.0,21.0,33.0,fifa_training_centre_pmsr_pdf,https://www.fifatrainingcentre.com/media/native/tournaments/fifa-world-cup/2026/PMSR-M86-ARG-V-CPV.pdf,2026-07-08T13:35:15.920526+00:00
20260086,Cabo Verde,6,KEVIN PINA,10621.1,3970.4,5126.9,1122.5,348.4,52.9,98.0,28.0,28.7,fifa_training_centre_pmsr_pdf,https://www.fifatrainingcentre.com/media/native/tournaments/fifa-world-cup/2026/PMSR-M86-ARG-V-CPV.pdf,2026-07-08T13:35:15.920526+00:00
20260086,Cabo Verde,7,JOVANE CABRAL,7764.4,3669.8,2624.6,985.4,403.7,81.0,95.0,30.0,28.8,fifa_training_centre_pmsr_pdf,https://www.fifatrainingcentre.com/media/native/tournaments/fifa-world-cup/2026/PMSR-M86-ARG-V-CPV.pdf,2026-07-08T13:35:15.920526+00:00
20260086,Cabo Verde,13,SIDNY LOPES CABRAL,12808.8,5085.0,5643.6,1191.2,655.3,233.8,99.0,47.0,30.7,fifa_training_centre_pmsr_pdf,https://www.fifatrainingcentre.com/media/native/tournaments/fifa-world-cup/2026/PMSR-M86-ARG-V-CPV.pdf,2026-07-08T13:35:15.920526+00:00
20260086,Cabo Verde,14,DEROY DUARTE,10876.0,4471.9,5149.7,1011.5,183.1,59.8,96.0,16.0,30.4,fifa_training_centre_pmsr_pdf,https://www.fifatrainingcentre.com/media/native/tournaments/fifa-world-cup/2026/PMSR-M86-ARG-V-CPV.pdf,2026-07-08T13:35:15.920526+00:00
20260086,Cabo Verde,15,LAROS DUARTE,7800.9,2677.6,3898.8,899.6,257.0,67.8,87.0,24.0,30.4,fifa_training_centre_pmsr_pdf,https://www.fifatrainingcentre.com/media/native/tournaments/fifa-world-cup/2026/PMSR-M86-ARG-V-CPV.pdf,2026-07-08T13:35:15.920526+00:00
20260086,Cabo Verde,20,RYAN MENDES,8469.7,3492.3,3229.3,1118.0,460.5,169.6,96.0,38.0,32.8,fifa_training_centre_pmsr_pdf,https://www.fifatrainingcentre.com/media/native/tournaments/fifa-world-cup/2026/PMSR-M86-ARG-V-CPV.pdf,2026-07-08T13:35:15.920526+00:00
20260086,Cabo Verde,21,NUNO DA COSTA,7336.1,2678.1,3224.6,862.0,464.9,106.6,84.0,41.0,31.3,fifa_training_centre_pmsr_pdf,https://www.fifatrainingcentre.com/media/native/tournaments/fifa-world-cup/2026/PMSR-M86-ARG-V-CPV.pdf,2026-07-08T13:35:15.920526+00:00
20260086,Cabo Verde,22,STEVEN MOREIRA,13193.6,5693.6,5360.1,1365.6,596.2,178.1,117.0,48.0,32.3,fifa_training_centre_pmsr_pdf,https://www.fifatrainingcentre.com/media/native/tournaments/fifa-world-cup/2026/PMSR-M86-ARG-V-CPV.pdf,2026-07-08T13:35:15.920526+00:00
20260086,Cabo Verde,9,GILSON BENCHIMOL,3014.0,913.2,1143.5,434.2,293.7,229.3,46.0,27.0,33.4,fifa_training_centre_pmsr_pdf,https://www.fifatrainingcentre.com/media/native/tournaments/fifa-world-cup/2026/PMSR-M86-ARG-V-CPV.pdf,2026-07-08T13:35:15.920526+00:00
20260086,Cabo Verde,10,JAMIRO MONTEIRO,6397.2,2467.0,2658.9,837.9,340.7,92.7,70.0,26.0,30.8,fifa_training_centre_pmsr_pdf,https://www.fifatrainingcentre.com/media/native/tournaments/fifa-world-cup/2026/PMSR-M86-ARG-V-CPV.pdf,2026-07-08T13:35:15.920526+00:00
20260086,Cabo Verde,16,YANNICK SEMEDO,3068.1,1001.3,1208.0,537.3,217.9,103.6,39.0,16.0,29.6,fifa_training_centre_pmsr_pdf,https://www.fifatrainingcentre.com/media/native/tournaments/fifa-world-cup/2026/PMSR-M86-ARG-V-CPV.pdf,2026-07-08T13:35:15.920526+00:00
20260086,Cabo Verde,17,WILLY SEMEDO,6105.1,2070.8,2650.7,1004.5,305.8,73.3,78.0,24.0,28.0,fifa_training_centre_pmsr_pdf,https://www.fifatrainingcentre.com/media/native/tournaments/fifa-world-cup/2026/PMSR-M86-ARG-V-CPV.pdf,2026-07-08T13:35:15.920526+00:00
20260086,Cabo Verde,19,DAILON LIVRAMENTO,7061.0,2526.8,3187.7,933.5,279.5,133.4,79.0,27.0,33.6,fifa_training_centre_pmsr_pdf,https://www.fifatrainingcentre.com/media/native/tournaments/fifa-world-cup/2026/PMSR-M86-ARG-V-CPV.pdf,2026-07-08T13:35:15.920526+00:00
20260086,Cabo Verde,26,HELIO VARELA,5767.7,2013.4,2473.3,792.0,280.8,208.2,71.0,25.0,32.3,fifa_training_centre_pmsr_pdf,https://www.fifatrainingcentre.com/media/native/tournaments/fifa-world-cup/2026/PMSR-M86-ARG-V-CPV.pdf,2026-07-08T13:35:15.920526+00:00
20260095,Argentina,23,Emiliano MARTINEZ,5050.6,4195.7,601.3,145.3,85.8,22.6,14.0,5.0,27.6,fifa_training_centre_pmsr_pdf,https://www.fifatrainingcentre.com/media/native/tournaments/fifa-world-cup/2026/PMSR-M95-ARG-V-EGY.pdf,2026-07-08T13:35:15.920526+00:00
20260095,Argentina,3,Nicolas TAGLIAFICO,7619.4,2834.8,3025.5,1117.8,472.7,168.5,92.0,35.0,29.5,fifa_training_centre_pmsr_pdf,https://www.fifatrainingcentre.com/media/native/tournaments/fifa-world-cup/2026/PMSR-M95-ARG-V-EGY.pdf,2026-07-08T13:35:15.920526+00:00
20260095,Argentina,5,Leandro PAREDES,10459.3,4401.9,4435.2,1217.1,309.3,95.8,110.0,22.0,30.2,fifa_training_centre_pmsr_pdf,https://www.fifatrainingcentre.com/media/native/tournaments/fifa-world-cup/2026/PMSR-M95-ARG-V-EGY.pdf,2026-07-08T13:35:15.920526+00:00
20260095,Argentina,6,Lisandro MARTINEZ,9659.2,4863.1,3272.9,918.2,477.1,128.0,76.0,38.0,30.4,fifa_training_centre_pmsr_pdf,https://www.fifatrainingcentre.com/media/native/tournaments/fifa-world-cup/2026/PMSR-M95-ARG-V-EGY.pdf,2026-07-08T13:35:15.920526+00:00
20260095,Argentina,7,Rodrigo DE PAUL,7585.9,3046.4,2768.7,1004.7,584.5,181.5,81.0,48.0,31.2,fifa_training_centre_pmsr_pdf,https://www.fifatrainingcentre.com/media/native/tournaments/fifa-world-cup/2026/PMSR-M95-ARG-V-EGY.pdf,2026-07-08T13:35:15.920526+00:00
20260095,Argentina,9,Julian ALVAREZ,10730.7,3416.7,4850.5,1562.6,685.4,215.5,146.0,55.0,30.5,fifa_training_centre_pmsr_pdf,https://www.fifatrainingcentre.com/media/native/tournaments/fifa-world-cup/2026/PMSR-M95-ARG-V-EGY.pdf,2026-07-08T13:35:15.920526+00:00
20260095,Argentina,10,Lionel MESSI,8275.4,5283.6,1821.6,727.3,379.4,63.5,67.0,28.0,30.0,fifa_training_centre_pmsr_pdf,https://www.fifatrainingcentre.com/media/native/tournaments/fifa-world-cup/2026/PMSR-M95-ARG-V-EGY.pdf,2026-07-08T13:35:15.920526+00:00
20260095,Argentina,13,Cristian ROMERO,8500.2,4688.5,2710.4,780.4,248.0,72.9,63.0,23.0,31.5,fifa_training_centre_pmsr_pdf,https://www.fifatrainingcentre.com/media/native/tournaments/fifa-world-cup/2026/PMSR-M95-ARG-V-EGY.pdf,2026-07-08T13:35:15.920526+00:00
20260095,Argentina,20,Alexis MAC ALLISTER,11227.7,4130.6,5065.6,1352.2,461.1,218.2,121.0,37.0,30.2,fifa_training_centre_pmsr_pdf,https://www.fifatrainingcentre.com/media/native/tournaments/fifa-world-cup/2026/PMSR-M95-ARG-V-EGY.pdf,2026-07-08T13:35:15.920526+00:00
20260095,Argentina,24,Enzo FERNANDEZ,11915.2,4153.6,5365.8,1547.2,562.3,286.3,128.0,47.0,32.6,fifa_training_centre_pmsr_pdf,https://www.fifatrainingcentre.com/media/native/tournaments/fifa-world-cup/2026/PMSR-M95-ARG-V-EGY.pdf,2026-07-08T13:35:15.920526+00:00
20260095,Argentina,26,Nahuel MOLINA,7912.4,3139.4,3015.4,1066.9,482.5,208.2,80.0,42.0,30.7,fifa_training_centre_pmsr_pdf,https://www.fifatrainingcentre.com/media/native/tournaments/fifa-world-cup/2026/PMSR-M95-ARG-V-EGY.pdf,2026-07-08T13:35:15.920526+00:00
20260095,Argentina,4,Gonzalo MONTIEL,3367.2,1206.6,1331.8,539.9,252.5,36.5,52.0,15.0,29.2,fifa_training_centre_pmsr_pdf,https://www.fifatrainingcentre.com/media/native/tournaments/fifa-world-cup/2026/PMSR-M95-ARG-V-EGY.pdf,2026-07-08T13:35:15.920526+00:00
20260095,Argentina,15,Nico GONZALEZ,3529.5,1356.3,1292.2,456.8,276.8,147.4,34.0,19.0,33.4,fifa_training_centre_pmsr_pdf,https://www.fifatrainingcentre.com/media/native/tournaments/fifa-world-cup/2026/PMSR-M95-ARG-V-EGY.pdf,2026-07-08T13:35:15.920526+00:00
20260095,Argentina,19,Nicolas OTAMENDI,538.8,214.9,234.6,89.2,0.0,0.0,7.0,0.0,19.7,fifa_training_centre_pmsr_pdf,https://www.fifatrainingcentre.com/media/native/tournaments/fifa-world-cup/2026/PMSR-M95-ARG-V-EGY.pdf,2026-07-08T13:35:15.920526+00:00
20260095,Argentina,22,Lautaro MARTINEZ,3494.1,1211.3,1515.8,470.9,200.3,95.8,34.0,17.0,29.0,fifa_training_centre_pmsr_pdf,https://www.fifatrainingcentre.com/media/native/tournaments/fifa-world-cup/2026/PMSR-M95-ARG-V-EGY.pdf,2026-07-08T13:35:15.920526+00:00
20260095,Argentina,25,Facundo MEDINA,561.7,233.5,289.7,16.6,16.4,5.4,2.0,1.0,25.7,fifa_training_centre_pmsr_pdf,https://www.fifatrainingcentre.com/media/native/tournaments/fifa-world-cup/2026/PMSR-M95-ARG-V-EGY.pdf,2026-07-08T13:35:15.920526+00:00
20260095,Egypt,23,MOSTAFA SHOUBIR,5837.6,4396.3,1192.1,175.9,67.4,5.9,15.0,4.0,26.2,fifa_training_centre_pmsr_pdf,https://www.fifatrainingcentre.com/media/native/tournaments/fifa-world-cup/2026/PMSR-M95-ARG-V-EGY.pdf,2026-07-08T13:35:15.920526+00:00
20260095,Egypt,2,YASSER IBRAHIM,10044.4,4114.6,4442.2,1021.9,358.8,106.8,80.0,28.0,28.1,fifa_training_centre_pmsr_pdf,https://www.fifatrainingcentre.com/media/native/tournaments/fifa-world-cup/2026/PMSR-M95-ARG-V-EGY.pdf,2026-07-08T13:35:15.920526+00:00
20260095,Egypt,3,MOHAMED HANY,9964.5,4027.5,4277.2,1015.4,499.0,145.4,93.0,43.0,29.9,fifa_training_centre_pmsr_pdf,https://www.fifatrainingcentre.com/media/native/tournaments/fifa-world-cup/2026/PMSR-M95-ARG-V-EGY.pdf,2026-07-08T13:35:15.920526+00:00
20260095,Egypt,5,RAMY RABIA,9354.4,3949.4,3917.1,1013.8,324.7,149.4,94.0,25.0,31.4,fifa_training_centre_pmsr_pdf,https://www.fifatrainingcentre.com/media/native/tournaments/fifa-world-cup/2026/PMSR-M95-ARG-V-EGY.pdf,2026-07-08T13:35:15.920526+00:00
20260095,Egypt,8,EMAM ASHOUR,5195.5,1959.5,2221.7,707.0,247.0,60.3,61.0,19.0,29.0,fifa_training_centre_pmsr_pdf,https://www.fifatrainingcentre.com/media/native/tournaments/fifa-world-cup/2026/PMSR-M95-ARG-V-EGY.pdf,2026-07-08T13:35:15.920526+00:00
20260095,Egypt,10,MOHAMED SALAH,11086.5,4007.7,4961.8,1270.6,642.8,203.6,106.0,54.0,32.1,fifa_training_centre_pmsr_pdf,https://www.fifatrainingcentre.com/media/native/tournaments/fifa-world-cup/2026/PMSR-M95-ARG-V-EGY.pdf,2026-07-08T13:35:15.920526+00:00
20260095,Egypt,11,MOSTAFA ZICO,10417.0,2938.4,4758.8,1894.3,580.1,245.5,159.0,41.0,30.9,fifa_training_centre_pmsr_pdf,https://www.fifatrainingcentre.com/media/native/tournaments/fifa-world-cup/2026/PMSR-M95-ARG-V-EGY.pdf,2026-07-08T13:35:15.920526+00:00
20260095,Egypt,12,HAISSEM HASSAN,8852.3,3424.1,3349.3,1354.9,519.6,204.4,105.0,35.0,32.9,fifa_training_centre_pmsr_pdf,https://www.fifatrainingcentre.com/media/native/tournaments/fifa-world-cup/2026/PMSR-M95-ARG-V-EGY.pdf,2026-07-08T13:35:15.920526+00:00
20260095,Egypt,15,KARIM HAFEZ,10898.4,4073.4,4739.7,1511.3,497.7,76.3,143.0,34.0,28.6,fifa_training_centre_pmsr_pdf,https://www.fifatrainingcentre.com/media/native/tournaments/fifa-world-cup/2026/PMSR-M95-ARG-V-EGY.pdf,2026-07-08T13:35:15.920526+00:00
20260095,Egypt,17,MOHANAD LASHIN,10543.6,3954.1,4536.2,1491.4,496.5,65.4,126.0,36.0,30.8,fifa_training_centre_pmsr_pdf,https://www.fifatrainingcentre.com/media/native/tournaments/fifa-world-cup/2026/PMSR-M95-ARG-V-EGY.pdf,2026-07-08T13:35:15.920526+00:00
20260095,Egypt,19,MARAWAN ATTIA,11889.6,3859.2,5012.4,2012.5,713.0,292.5,171.0,55.0,32.6,fifa_training_centre_pmsr_pdf,https://www.fifatrainingcentre.com/media/native/tournaments/fifa-world-cup/2026/PMSR-M95-ARG-V-EGY.pdf,2026-07-08T13:35:15.920526+00:00
20260095,Egypt,7,TREZEGUET,3225.5,1127.1,1198.9,496.8,303.0,99.6,45.0,21.0,29.2,fifa_training_centre_pmsr_pdf,https://www.fifatrainingcentre.com/media/native/tournaments/fifa-world-cup/2026/PMSR-M95-ARG-V-EGY.pdf,2026-07-08T13:35:15.920526+00:00
20260095,Egypt,14,HAMDY FATHY,5840.2,2136.1,2581.9,810.2,224.6,87.4,73.0,18.0,29.1,fifa_training_centre_pmsr_pdf,https://www.fifatrainingcentre.com/media/native/tournaments/fifa-world-cup/2026/PMSR-M95-ARG-V-EGY.pdf,2026-07-08T13:35:15.920526+00:00
20260095,Egypt,22,OMAR MARMOUSH,2025.3,842.2,755.2,189.8,137.4,100.6,14.0,12.0,33.4,fifa_training_centre_pmsr_pdf,https://www.fifatrainingcentre.com/media/native/tournaments/fifa-world-cup/2026/PMSR-M95-ARG-V-EGY.pdf,2026-07-08T13:35:15.920526+00:00
20260095,Egypt,25,ZIZO,763.1,162.1,338.0,141.5,72.6,48.9,11.0,4.0,29.1,fifa_training_centre_pmsr_pdf,https://www.fifatrainingcentre.com/media/native/tournaments/fifa-world-cup/2026/PMSR-M95-ARG-V-EGY.pdf,2026-07-08T13:35:15.920526+00:00
20260001,Mexico,1,Raul RANGEL,5476.4,4175.3,1076.4,200.9,23.7,0.0,18.0,3.0,23.2,fifa_training_centre_pmsr_pdf,https://www.fifatrainingcentre.com/media/native/tournaments/fifa-world-cup/2026/PMSR-M01 MEX V RSA.pdf,2026-07-08T13:35:15.920526+00:00
20260001,Mexico,3,Cesar MONTES,8545.9,3627.5,3690.9,840.5,300.9,86.0,72.0,25.0,30.1,fifa_training_centre_pmsr_pdf,https://www.fifatrainingcentre.com/media/native/tournaments/fifa-world-cup/2026/PMSR-M01 MEX V RSA.pdf,2026-07-08T13:35:15.920526+00:00
20260001,Mexico,5,Johan VASQUEZ,10046.9,4107.2,4232.8,1151.6,455.2,100.2,102.0,33.0,27.9,fifa_training_centre_pmsr_pdf,https://www.fifatrainingcentre.com/media/native/tournaments/fifa-world-cup/2026/PMSR-M01 MEX V RSA.pdf,2026-07-08T13:35:15.920526+00:00
20260001,Mexico,6,Erik LIRA,8877.0,2999.1,4287.6,1145.6,363.4,81.3,103.0,27.0,31.4,fifa_training_centre_pmsr_pdf,https://www.fifatrainingcentre.com/media/native/tournaments/fifa-world-cup/2026/PMSR-M01 MEX V RSA.pdf,2026-07-08T13:35:15.920526+00:00
20260001,Mexico,8,Alvaro FIDALGO,8582.8,2509.2,3740.9,1623.2,566.1,143.4,132.0,49.0,30.8,fifa_training_centre_pmsr_pdf,https://www.fifatrainingcentre.com/media/native/tournaments/fifa-world-cup/2026/PMSR-M01 MEX V RSA.pdf,2026-07-08T13:35:15.920526+00:00
20260001,Mexico,9,Raul JIMENEZ,7503.0,3337.6,2730.4,928.1,390.0,116.9,67.0,33.0,33.3,fifa_training_centre_pmsr_pdf,https://www.fifatrainingcentre.com/media/native/tournaments/fifa-world-cup/2026/PMSR-M01 MEX V RSA.pdf,2026-07-08T13:35:15.920526+00:00
20260001,Mexico,15,Israel REYES,10267.2,4054.7,4245.7,1379.4,409.9,177.4,117.0,27.0,30.0,fifa_training_centre_pmsr_pdf,https://www.fifatrainingcentre.com/media/native/tournaments/fifa-world-cup/2026/PMSR-M01 MEX V RSA.pdf,2026-07-08T13:35:15.920526+00:00
20260001,Mexico,16,Julian QUINONES,8832.2,3156.1,3649.3,1324.0,534.8,167.9,115.0,42.0,32.9,fifa_training_centre_pmsr_pdf,https://www.fifatrainingcentre.com/media/native/tournaments/fifa-world-cup/2026/PMSR-M01 MEX V RSA.pdf,2026-07-08T13:35:15.920526+00:00
20260001,Mexico,23,Jesus GALLARDO,9692.5,4195.5,3932.4,1022.4,357.1,185.2,86.0,29.0,30.3,fifa_training_centre_pmsr_pdf,https://www.fifatrainingcentre.com/media/native/tournaments/fifa-world-cup/2026/PMSR-M01 MEX V RSA.pdf,2026-07-08T13:35:15.920526+00:00
20260001,Mexico,25,Roberto ALVARADO,10031.1,3763.0,4293.6,1293.0,499.8,181.7,116.0,43.0,32.2,fifa_training_centre_pmsr_pdf,https://www.fifatrainingcentre.com/media/native/tournaments/fifa-world-cup/2026/PMSR-M01 MEX V RSA.pdf,2026-07-08T13:35:15.920526+00:00
20260001,Mexico,26,Brian GUTIERREZ,7486.6,2912.8,2832.4,1110.0,434.6,196.7,106.0,39.0,31.7,fifa_training_centre_pmsr_pdf,https://www.fifatrainingcentre.com/media/native/tournaments/fifa-world-cup/2026/PMSR-M01 MEX V RSA.pdf,2026-07-08T13:35:15.920526+00:00
20260001,Mexico,4,Edson ALVAREZ,2007.7,744.8,707.0,307.4,143.9,104.6,28.0,15.0,31.5,fifa_training_centre_pmsr_pdf,https://www.fifatrainingcentre.com/media/native/tournaments/fifa-world-cup/2026/PMSR-M01 MEX V RSA.pdf,2026-07-08T13:35:15.920526+00:00
20260001,Mexico,10,Alexis VEGA,1915.4,633.5,740.5,388.6,104.0,48.9,28.0,10.0,28.0,fifa_training_centre_pmsr_pdf,https://www.fifatrainingcentre.com/media/native/tournaments/fifa-world-cup/2026/PMSR-M01 MEX V RSA.pdf,2026-07-08T13:35:15.920526+00:00
20260001,Mexico,14,Armando GONZALEZ,2086.0,748.9,748.0,323.7,186.9,78.4,25.0,14.0,32.0,fifa_training_centre_pmsr_pdf,https://www.fifatrainingcentre.com/media/native/tournaments/fifa-world-cup/2026/PMSR-M01 MEX V RSA.pdf,2026-07-08T13:35:15.920526+00:00
20260001,Mexico,19,Gilberto MORA,3082.9,1161.6,1053.3,570.0,251.5,46.6,43.0,17.0,27.1,fifa_training_centre_pmsr_pdf,https://www.fifatrainingcentre.com/media/native/tournaments/fifa-world-cup/2026/PMSR-M01 MEX V RSA.pdf,2026-07-08T13:35:15.920526+00:00
20260001,Mexico,24,Luis CHAVEZ,2876.7,1042.9,1078.7,459.2,249.1,46.8,42.0,16.0,27.1,fifa_training_centre_pmsr_pdf,https://www.fifatrainingcentre.com/media/native/tournaments/fifa-world-cup/2026/PMSR-M01 MEX V RSA.pdf,2026-07-08T13:35:15.920526+00:00
20260001,South Africa,1,Ronwen WILLIAMS,5010.4,3978.6,903.5,110.9,17.4,0.0,12.0,1.0,23.6,fifa_training_centre_pmsr_pdf,https://www.fifatrainingcentre.com/media/native/tournaments/fifa-world-cup/2026/PMSR-M01 MEX V RSA.pdf,2026-07-08T13:35:15.920526+00:00
20260001,South Africa,4,Teboho MOKOENA,9860.8,3407.1,4302.3,1444.8,576.0,130.7,136.0,44.0,31.4,fifa_training_centre_pmsr_pdf,https://www.fifatrainingcentre.com/media/native/tournaments/fifa-world-cup/2026/PMSR-M01 MEX V RSA.pdf,2026-07-08T13:35:15.920526+00:00
20260001,South Africa,6,Aubrey MODIBA,8037.8,3061.5,3308.1,1162.3,459.6,46.2,98.0,39.0,27.8,fifa_training_centre_pmsr_pdf,https://www.fifatrainingcentre.com/media/native/tournaments/fifa-world-cup/2026/PMSR-M01 MEX V RSA.pdf,2026-07-08T13:35:15.920526+00:00
20260001,South Africa,9,Lyle FOSTER,5968.5,2748.0,2225.6,643.4,263.1,88.4,66.0,16.0,31.2,fifa_training_centre_pmsr_pdf,https://www.fifatrainingcentre.com/media/native/tournaments/fifa-world-cup/2026/PMSR-M01 MEX V RSA.pdf,2026-07-08T13:35:15.920526+00:00
20260001,South Africa,13,Sphephelo SITHOLE,5830.2,2127.2,2391.0,916.7,299.2,96.2,90.0,25.0,31.2,fifa_training_centre_pmsr_pdf,https://www.fifatrainingcentre.com/media/native/tournaments/fifa-world-cup/2026/PMSR-M01 MEX V RSA.pdf,2026-07-08T13:35:15.920526+00:00
20260001,South Africa,14,Mbekezeli MBOKAZI,8871.7,3834.8,3463.0,957.8,445.5,170.6,91.0,43.0,31.5,fifa_training_centre_pmsr_pdf,https://www.fifatrainingcentre.com/media/native/tournaments/fifa-world-cup/2026/PMSR-M01 MEX V RSA.pdf,2026-07-08T13:35:15.920526+00:00
20260001,South Africa,15,Iqraam RAYNERS,8151.6,3502.6,2814.2,1010.7,413.7,410.4,82.0,41.0,34.1,fifa_training_centre_pmsr_pdf,https://www.fifatrainingcentre.com/media/native/tournaments/fifa-world-cup/2026/PMSR-M01 MEX V RSA.pdf,2026-07-08T13:35:15.920526+00:00
20260001,South Africa,19,Nkosinathi SIBISI,9387.6,3780.7,3935.8,1141.2,389.6,140.3,101.0,38.0,29.9,fifa_training_centre_pmsr_pdf,https://www.fifatrainingcentre.com/media/native/tournaments/fifa-world-cup/2026/PMSR-M01 MEX V RSA.pdf,2026-07-08T13:35:15.920526+00:00
20260001,South Africa,20,Khuliso MUDAU,9336.7,3664.0,3701.2,1125.4,538.6,307.4,100.0,48.0,33.3,fifa_training_centre_pmsr_pdf,https://www.fifatrainingcentre.com/media/native/tournaments/fifa-world-cup/2026/PMSR-M01 MEX V RSA.pdf,2026-07-08T13:35:15.920526+00:00
20260001,South Africa,21,Ime OKON,9557.8,3716.3,3707.3,1411.8,588.3,134.1,119.0,52.0,31.6,fifa_training_centre_pmsr_pdf,https://www.fifatrainingcentre.com/media/native/tournaments/fifa-world-cup/2026/PMSR-M01 MEX V RSA.pdf,2026-07-08T13:35:15.920526+00:00
20260001,South Africa,23,Jayden ADAMS,6842.3,2717.9,2842.2,900.1,322.1,59.9,78.0,27.0,27.8,fifa_training_centre_pmsr_pdf,https://www.fifatrainingcentre.com/media/native/tournaments/fifa-world-cup/2026/PMSR-M01 MEX V RSA.pdf,2026-07-08T13:35:15.920526+00:00
20260001,South Africa,5,Thalente MBATHA,3973.8,1384.2,1565.8,635.7,331.5,56.5,59.0,24.0,34.4,fifa_training_centre_pmsr_pdf,https://www.fifatrainingcentre.com/media/native/tournaments/fifa-world-cup/2026/PMSR-M01 MEX V RSA.pdf,2026-07-08T13:35:15.920526+00:00
20260001,South Africa,7,Oswin APPOLLIS,2145.3,667.0,898.8,358.2,183.1,38.3,37.0,16.0,29.9,fifa_training_centre_pmsr_pdf,https://www.fifatrainingcentre.com/media/native/tournaments/fifa-world-cup/2026/PMSR-M01 MEX V RSA.pdf,2026-07-08T13:35:15.920526+00:00
20260001,South Africa,11,Themba ZWANE,2021.0,629.5,864.2,389.0,108.7,29.6,35.0,10.0,27.4,fifa_training_centre_pmsr_pdf,https://www.fifatrainingcentre.com/media/native/tournaments/fifa-world-cup/2026/PMSR-M01 MEX V RSA.pdf,2026-07-08T13:35:15.920526+00:00
20260001,South Africa,17,Evidence MAKGOPA,2064.9,837.4,793.2,224.2,144.8,65.2,17.0,11.0,32.4,fifa_training_centre_pmsr_pdf,https://www.fifatrainingcentre.com/media/native/tournaments/fifa-world-cup/2026/PMSR-M01 MEX V RSA.pdf,2026-07-08T13:35:15.920526+00:00
20260002,Korea Republic,1,KIM Seunggyu,5527.3,3920.1,1372.3,170.6,49.0,15.3,16.0,5.0,26.9,fifa_training_centre_pmsr_pdf,https://www.fifatrainingcentre.com/media/native/tournaments/fifa-world-cup/2026/PMSR-M02 KOR V CZE .pdf,2026-07-08T13:35:15.920526+00:00
20260002,Korea Republic,2,LEE Hanbeom,10260.7,3841.1,4522.5,1362.5,450.1,84.4,117.0,39.0,30.1,fifa_training_centre_pmsr_pdf,https://www.fifatrainingcentre.com/media/native/tournaments/fifa-world-cup/2026/PMSR-M02 KOR V CZE .pdf,2026-07-08T13:35:15.920526+00:00
20260002,Korea Republic,3,LEE Gihyuk,10659.3,3552.1,4578.5,1783.8,624.7,120.2,158.0,51.0,29.2,fifa_training_centre_pmsr_pdf,https://www.fifatrainingcentre.com/media/native/tournaments/fifa-world-cup/2026/PMSR-M02 KOR V CZE .pdf,2026-07-08T13:35:15.920526+00:00
20260002,Korea Republic,4,KIM Minjae,10124.4,3830.0,4407.7,1303.7,428.6,154.4,113.0,35.0,31.9,fifa_training_centre_pmsr_pdf,https://www.fifatrainingcentre.com/media/native/tournaments/fifa-world-cup/2026/PMSR-M02 KOR V CZE .pdf,2026-07-08T13:35:15.920526+00:00
20260002,Korea Republic,6,HWANG Inbeom,9516.0,2970.3,4727.8,1319.4,405.7,92.8,111.0,36.0,28.5,fifa_training_centre_pmsr_pdf,https://www.fifatrainingcentre.com/media/native/tournaments/fifa-world-cup/2026/PMSR-M02 KOR V CZE .pdf,2026-07-08T13:35:15.920526+00:00
20260002,Korea Republic,7,SON Heungmin,7029.0,2970.0,2600.4,605.8,486.1,366.6,58.0,38.0,35.2,fifa_training_centre_pmsr_pdf,https://www.fifatrainingcentre.com/media/native/tournaments/fifa-world-cup/2026/PMSR-M02 KOR V CZE .pdf,2026-07-08T13:35:15.920526+00:00
20260002,Korea Republic,8,PAIK Seungho,9350.8,3288.3,4562.8,1263.7,216.9,19.0,115.0,20.0,29.3,fifa_training_centre_pmsr_pdf,https://www.fifatrainingcentre.com/media/native/tournaments/fifa-world-cup/2026/PMSR-M02 KOR V CZE .pdf,2026-07-08T13:35:15.920526+00:00
20260002,Korea Republic,10,LEE Jaesung,7571.2,2523.8,3042.0,1270.6,534.4,200.4,110.0,44.0,29.2,fifa_training_centre_pmsr_pdf,https://www.fifatrainingcentre.com/media/native/tournaments/fifa-world-cup/2026/PMSR-M02 KOR V CZE .pdf,2026-07-08T13:35:15.920526+00:00
20260002,Korea Republic,13,LEE Taeseok,7706.3,2565.8,3389.9,1122.4,458.1,170.1,90.0,35.0,31.9,fifa_training_centre_pmsr_pdf,https://www.fifatrainingcentre.com/media/native/tournaments/fifa-world-cup/2026/PMSR-M02 KOR V CZE .pdf,2026-07-08T13:35:15.920526+00:00
20260002,Korea Republic,19,LEE Kangin,9529.9,3935.8,4107.1,1153.5,288.7,44.9,88.0,22.0,28.8,fifa_training_centre_pmsr_pdf,https://www.fifatrainingcentre.com/media/native/tournaments/fifa-world-cup/2026/PMSR-M02 KOR V CZE .pdf,2026-07-08T13:35:15.920526+00:00
20260002,Korea Republic,22,SEOL Youngwoo,11283.9,4222.8,4452.2,1488.9,738.3,381.7,115.0,53.0,31.8,fifa_training_centre_pmsr_pdf,https://www.fifatrainingcentre.com/media/native/tournaments/fifa-world-cup/2026/PMSR-M02 KOR V CZE .pdf,2026-07-08T13:35:15.920526+00:00
20260002,Korea Republic,11,HWANG Heechan,3482.9,1295.5,1476.8,450.5,167.6,92.5,45.0,13.0,29.9,fifa_training_centre_pmsr_pdf,https://www.fifatrainingcentre.com/media/native/tournaments/fifa-world-cup/2026/PMSR-M02 KOR V CZE .pdf,2026-07-08T13:35:15.920526+00:00
20260002,Korea Republic,16,PARK Jinseob,1652.4,570.8,708.3,251.1,117.3,4.8,22.0,7.0,25.7,fifa_training_centre_pmsr_pdf,https://www.fifatrainingcentre.com/media/native/tournaments/fifa-world-cup/2026/PMSR-M02 KOR V CZE .pdf,2026-07-08T13:35:15.920526+00:00
20260002,Korea Republic,18,OH Hyeongyu,3040.6,1145.8,1288.6,350.8,188.9,66.5,31.0,15.0,29.1,fifa_training_centre_pmsr_pdf,https://www.fifatrainingcentre.com/media/native/tournaments/fifa-world-cup/2026/PMSR-M02 KOR V CZE .pdf,2026-07-08T13:35:15.920526+00:00
20260002,Korea Republic,24,KIM Jingyu,1890.4,513.7,812.6,428.1,106.4,29.7,28.0,8.0,29.6,fifa_training_centre_pmsr_pdf,https://www.fifatrainingcentre.com/media/native/tournaments/fifa-world-cup/2026/PMSR-M02 KOR V CZE .pdf,2026-07-08T13:35:15.920526+00:00
20260002,Korea Republic,25,EOM Jisung,3180.4,1143.0,1216.0,508.6,178.4,134.3,40.0,13.0,30.6,fifa_training_centre_pmsr_pdf,https://www.fifatrainingcentre.com/media/native/tournaments/fifa-world-cup/2026/PMSR-M02 KOR V CZE .pdf,2026-07-08T13:35:15.920526+00:00
20260002,Czechia,1,Matej KOVAR,5039.3,3765.0,1160.1,99.0,15.3,0.0,12.0,1.0,22.3,fifa_training_centre_pmsr_pdf,https://www.fifatrainingcentre.com/media/native/tournaments/fifa-world-cup/2026/PMSR-M02 KOR V CZE .pdf,2026-07-08T13:35:15.920526+00:00
20260002,Czechia,4,Robin HRANAC,9570.0,3919.4,3947.6,1120.3,475.3,107.3,107.0,41.0,29.3,fifa_training_centre_pmsr_pdf,https://www.fifatrainingcentre.com/media/native/tournaments/fifa-world-cup/2026/PMSR-M02 KOR V CZE .pdf,2026-07-08T13:35:15.920526+00:00
20260002,Czechia,5,Vladimir COUFAL,11390.8,3854.4,4950.5,1740.5,635.7,209.7,145.0,48.0,30.6,fifa_training_centre_pmsr_pdf,https://www.fifatrainingcentre.com/media/native/tournaments/fifa-world-cup/2026/PMSR-M02 KOR V CZE .pdf,2026-07-08T13:35:15.920526+00:00
20260002,Czechia,6,Stepan CHALOUPEK,10873.7,4076.3,4497.6,1553.7,536.0,210.1,141.0,46.0,34.0,fifa_training_centre_pmsr_pdf,https://www.fifatrainingcentre.com/media/native/tournaments/fifa-world-cup/2026/PMSR-M02 KOR V CZE .pdf,2026-07-08T13:35:15.920526+00:00
20260002,Czechia,7,Ladislav KREJCI,10877.7,3953.9,4861.5,1665.8,366.1,30.4,136.0,27.0,26.5,fifa_training_centre_pmsr_pdf,https://www.fifatrainingcentre.com/media/native/tournaments/fifa-world-cup/2026/PMSR-M02 KOR V CZE .pdf,2026-07-08T13:35:15.920526+00:00
20260002,Czechia,10,Patrik SCHICK,8047.6,2319.8,4219.3,1066.3,377.3,64.8,90.0,28.0,28.9,fifa_training_centre_pmsr_pdf,https://www.fifatrainingcentre.com/media/native/tournaments/fifa-world-cup/2026/PMSR-M02 KOR V CZE .pdf,2026-07-08T13:35:15.920526+00:00
20260002,Czechia,15,Pavel SULC,7868.4,2664.4,3320.1,1346.8,360.2,176.9,120.0,31.0,31.2,fifa_training_centre_pmsr_pdf,https://www.fifatrainingcentre.com/media/native/tournaments/fifa-world-cup/2026/PMSR-M02 KOR V CZE .pdf,2026-07-08T13:35:15.920526+00:00
20260002,Czechia,17,Lukas PROVOD,7928.0,2419.7,3515.7,1282.9,517.2,192.6,109.0,45.0,33.3,fifa_training_centre_pmsr_pdf,https://www.fifatrainingcentre.com/media/native/tournaments/fifa-world-cup/2026/PMSR-M02 KOR V CZE .pdf,2026-07-08T13:35:15.920526+00:00
20260002,Czechia,20,Jaroslav ZELENY,10847.7,4053.7,4705.6,1263.4,629.5,195.5,96.0,49.0,30.4,fifa_training_centre_pmsr_pdf,https://www.fifatrainingcentre.com/media/native/tournaments/fifa-world-cup/2026/PMSR-M02 KOR V CZE .pdf,2026-07-08T13:35:15.920526+00:00
20260002,Czechia,22,Tomas SOUCEK,11828.0,3337.2,6080.7,1821.5,512.0,76.5,153.0,30.0,27.5,fifa_training_centre_pmsr_pdf,https://www.fifatrainingcentre.com/media/native/tournaments/fifa-world-cup/2026/PMSR-M02 KOR V CZE .pdf,2026-07-08T13:35:15.920526+00:00
20260002,Czechia,24,Alexandr SOJKA,10700.6,3149.1,4759.4,1949.2,682.0,160.9,163.0,50.0,29.9,fifa_training_centre_pmsr_pdf,https://www.fifatrainingcentre.com/media/native/tournaments/fifa-world-cup/2026/PMSR-M02 KOR V CZE .pdf,2026-07-08T13:35:15.920526+00:00
20260002,Czechia,9,Adam HLOZEK,3767.4,1305.4,1609.6,564.0,218.1,70.4,49.0,20.0,30.8,fifa_training_centre_pmsr_pdf,https://www.fifatrainingcentre.com/media/native/tournaments/fifa-world-cup/2026/PMSR-M02 KOR V CZE .pdf,2026-07-08T13:35:15.920526+00:00
20260002,Czechia,13,Mojmir CHYTIL,1627.3,535.6,719.4,191.3,118.2,62.7,17.0,8.0,29.7,fifa_training_centre_pmsr_pdf,https://www.fifatrainingcentre.com/media/native/tournaments/fifa-world-cup/2026/PMSR-M02 KOR V CZE .pdf,2026-07-08T13:35:15.920526+00:00
20260002,Czechia,18,Michal SADILEK,3922.7,1014.3,1688.5,771.3,364.4,84.2,71.0,30.0,29.3,fifa_training_centre_pmsr_pdf,https://www.fifatrainingcentre.com/media/native/tournaments/fifa-world-cup/2026/PMSR-M02 KOR V CZE .pdf,2026-07-08T13:35:15.920526+00:00
20260002,Czechia,19,Tomas CHORY,3339.2,1351.1,1265.9,459.4,213.2,49.5,36.0,18.0,28.3,fifa_training_centre_pmsr_pdf,https://www.fifatrainingcentre.com/media/native/tournaments/fifa-world-cup/2026/PMSR-M02 KOR V CZE .pdf,2026-07-08T13:35:15.920526+00:00
20260003,Canada,16,Maxime CREPEAU,5354.4,3767.7,1394.0,167.5,25.2,0.0,18.0,2.0,24.1,fifa_training_centre_pmsr_pdf,https://www.fifatrainingcentre.com/media/native/tournaments/fifa-world-cup/2026/PMSR-M03-CAN-V-BIH-V2.pdf,2026-07-08T13:35:15.920526+00:00
20260003,Canada,2,Alistair JOHNSTON,10720.1,3769.8,4243.0,1797.4,526.3,383.6,145.0,48.0,33.3,fifa_training_centre_pmsr_pdf,https://www.fifatrainingcentre.com/media/native/tournaments/fifa-world-cup/2026/PMSR-M03-CAN-V-BIH-V2.pdf,2026-07-08T13:35:15.920526+00:00
20260003,Canada,4,Luc DE FOUGEROLLES,10376.3,3594.7,4713.9,1312.4,609.9,145.4,125.0,38.0,31.6,fifa_training_centre_pmsr_pdf,https://www.fifatrainingcentre.com/media/native/tournaments/fifa-world-cup/2026/PMSR-M03-CAN-V-BIH-V2.pdf,2026-07-08T13:35:15.920526+00:00
20260003,Canada,7,Stephen EUSTAQUIO,11718.5,3350.9,4854.8,2542.4,862.4,108.0,204.0,58.0,29.8,fifa_training_centre_pmsr_pdf,https://www.fifatrainingcentre.com/media/native/tournaments/fifa-world-cup/2026/PMSR-M03-CAN-V-BIH-V2.pdf,2026-07-08T13:35:15.920526+00:00
20260003,Canada,8,Ismael KONE,10875.7,3922.5,4958.0,1443.4,436.4,115.4,124.0,28.0,28.5,fifa_training_centre_pmsr_pdf,https://www.fifatrainingcentre.com/media/native/tournaments/fifa-world-cup/2026/PMSR-M03-CAN-V-BIH-V2.pdf,2026-07-08T13:35:15.920526+00:00
20260003,Canada,10,Jonathan DAVID,7432.5,2594.0,3247.8,1071.1,314.3,205.3,84.0,32.0,31.7,fifa_training_centre_pmsr_pdf,https://www.fifatrainingcentre.com/media/native/tournaments/fifa-world-cup/2026/PMSR-M03-CAN-V-BIH-V2.pdf,2026-07-08T13:35:15.920526+00:00
20260003,Canada,11,Liam MILLAR,7110.3,2529.1,2804.1,1023.5,464.7,289.0,86.0,41.0,32.8,fifa_training_centre_pmsr_pdf,https://www.fifatrainingcentre.com/media/native/tournaments/fifa-world-cup/2026/PMSR-M03-CAN-V-BIH-V2.pdf,2026-07-08T13:35:15.920526+00:00
20260003,Canada,12,Tani OLUWASEYI,7844.6,3147.6,2887.1,1050.5,459.8,299.6,89.0,42.0,33.4,fifa_training_centre_pmsr_pdf,https://www.fifatrainingcentre.com/media/native/tournaments/fifa-world-cup/2026/PMSR-M03-CAN-V-BIH-V2.pdf,2026-07-08T13:35:15.920526+00:00
20260003,Canada,13,Derek CORNELIUS,9065.3,4167.6,3441.6,1026.4,346.5,83.1,86.0,23.0,28.2,fifa_training_centre_pmsr_pdf,https://www.fifatrainingcentre.com/media/native/tournaments/fifa-world-cup/2026/PMSR-M03-CAN-V-BIH-V2.pdf,2026-07-08T13:35:15.920526+00:00
20260003,Canada,17,Tajon BUCHANAN,7110.9,2537.5,3041.0,800.7,460.2,271.6,69.0,35.0,31.2,fifa_training_centre_pmsr_pdf,https://www.fifatrainingcentre.com/media/native/tournaments/fifa-world-cup/2026/PMSR-M03-CAN-V-BIH-V2.pdf,2026-07-08T13:35:15.920526+00:00
20260003,Canada,22,Richie LARYEA,9971.5,3996.4,4089.9,1081.4,433.5,370.3,95.0,36.0,34.6,fifa_training_centre_pmsr_pdf,https://www.fifatrainingcentre.com/media/native/tournaments/fifa-world-cup/2026/PMSR-M03-CAN-V-BIH-V2.pdf,2026-07-08T13:35:15.920526+00:00
20260003,Canada,9,Cyle LARIN,2068.2,823.9,802.0,228.5,144.1,69.7,21.0,10.0,31.3,fifa_training_centre_pmsr_pdf,https://www.fifatrainingcentre.com/media/native/tournaments/fifa-world-cup/2026/PMSR-M03-CAN-V-BIH-V2.pdf,2026-07-08T13:35:15.920526+00:00
20260003,Canada,14,Jacob SHAFFELBURG,4045.5,1441.7,1679.6,515.2,227.2,181.7,46.0,20.0,31.6,fifa_training_centre_pmsr_pdf,https://www.fifatrainingcentre.com/media/native/tournaments/fifa-world-cup/2026/PMSR-M03-CAN-V-BIH-V2.pdf,2026-07-08T13:35:15.920526+00:00
20260003,Canada,20,Ali AHMED,3903.0,1524.3,1433.9,556.8,312.5,75.6,47.0,26.0,26.6,fifa_training_centre_pmsr_pdf,https://www.fifatrainingcentre.com/media/native/tournaments/fifa-world-cup/2026/PMSR-M03-CAN-V-BIH-V2.pdf,2026-07-08T13:35:15.920526+00:00
20260003,Canada,21,Jonathan OSORIO,644.0,182.7,298.2,123.2,40.0,0.0,10.0,4.0,23.0,fifa_training_centre_pmsr_pdf,https://www.fifatrainingcentre.com/media/native/tournaments/fifa-world-cup/2026/PMSR-M03-CAN-V-BIH-V2.pdf,2026-07-08T13:35:15.920526+00:00
20260003,Canada,24,Promise DAVID,3097.9,1676.4,994.4,284.5,112.8,29.8,26.0,9.0,30.0,fifa_training_centre_pmsr_pdf,https://www.fifatrainingcentre.com/media/native/tournaments/fifa-world-cup/2026/PMSR-M03-CAN-V-BIH-V2.pdf,2026-07-08T13:35:15.920526+00:00
20260003,Bosnia and Herzegovina,1,Nikola VASILJ,5298.5,3990.0,1201.2,78.8,17.3,11.3,8.0,2.0,26.3,fifa_training_centre_pmsr_pdf,https://www.fifatrainingcentre.com/media/native/tournaments/fifa-world-cup/2026/PMSR-M03-CAN-V-BIH-V2.pdf,2026-07-08T13:35:15.920526+00:00
20260003,Bosnia and Herzegovina,4,Tarik MUHAREMOVIC,9823.9,4085.5,4176.9,1112.2,328.4,121.0,87.0,24.0,30.7,fifa_training_centre_pmsr_pdf,https://www.fifatrainingcentre.com/media/native/tournaments/fifa-world-cup/2026/PMSR-M03-CAN-V-BIH-V2.pdf,2026-07-08T13:35:15.920526+00:00
20260003,Bosnia and Herzegovina,5,Sead KOLASINAC,8967.6,3777.8,3618.8,869.7,442.4,259.0,77.0,32.0,32.0,fifa_training_centre_pmsr_pdf,https://www.fifatrainingcentre.com/media/native/tournaments/fifa-world-cup/2026/PMSR-M03-CAN-V-BIH-V2.pdf,2026-07-08T13:35:15.920526+00:00
20260003,Bosnia and Herzegovina,6,Benjamin TAHIROVIC,10911.0,4139.6,4376.0,1723.2,595.8,76.5,143.0,35.0,28.4,fifa_training_centre_pmsr_pdf,https://www.fifatrainingcentre.com/media/native/tournaments/fifa-world-cup/2026/PMSR-M03-CAN-V-BIH-V2.pdf,2026-07-08T13:35:15.920526+00:00
20260003,Bosnia and Herzegovina,7,Amar DEDIC,9525.1,3967.9,3992.5,982.1,408.9,173.7,94.0,35.0,32.5,fifa_training_centre_pmsr_pdf,https://www.fifatrainingcentre.com/media/native/tournaments/fifa-world-cup/2026/PMSR-M03-CAN-V-BIH-V2.pdf,2026-07-08T13:35:15.920526+00:00
20260003,Bosnia and Herzegovina,10,Ermedin DEMIROVIC,10123.8,4373.2,3826.8,1068.6,640.9,214.4,91.0,43.0,33.0,fifa_training_centre_pmsr_pdf,https://www.fifatrainingcentre.com/media/native/tournaments/fifa-world-cup/2026/PMSR-M03-CAN-V-BIH-V2.pdf,2026-07-08T13:35:15.920526+00:00
20260003,Bosnia and Herzegovina,13,Ivan BASIC,6984.8,2373.2,3256.0,938.3,279.8,137.6,82.0,24.0,31.2,fifa_training_centre_pmsr_pdf,https://www.fifatrainingcentre.com/media/native/tournaments/fifa-world-cup/2026/PMSR-M03-CAN-V-BIH-V2.pdf,2026-07-08T13:35:15.920526+00:00
20260003,Bosnia and Herzegovina,15,Amar MEMIC,8469.3,3184.3,3156.9,1140.3,539.6,448.2,82.0,45.0,33.9,fifa_training_centre_pmsr_pdf,https://www.fifatrainingcentre.com/media/native/tournaments/fifa-world-cup/2026/PMSR-M03-CAN-V-BIH-V2.pdf,2026-07-08T13:35:15.920526+00:00
20260003,Bosnia and Herzegovina,18,Nikola KATIC,9950.4,4186.7,3905.5,1286.0,422.8,149.3,111.0,39.0,30.3,fifa_training_centre_pmsr_pdf,https://www.fifatrainingcentre.com/media/native/tournaments/fifa-world-cup/2026/PMSR-M03-CAN-V-BIH-V2.pdf,2026-07-08T13:35:15.920526+00:00
20260003,Bosnia and Herzegovina,20,Esmir BAJRAKTAREVIC,8601.3,3073.1,3844.6,941.8,413.3,328.5,87.0,36.0,34.8,fifa_training_centre_pmsr_pdf,https://www.fifatrainingcentre.com/media/native/tournaments/fifa-world-cup/2026/PMSR-M03-CAN-V-BIH-V2.pdf,2026-07-08T13:35:15.920526+00:00
20260003,Bosnia and Herzegovina,25,Jovo LUKIC,6993.3,2732.0,2813.6,930.9,357.3,159.5,79.0,27.0,32.1,fifa_training_centre_pmsr_pdf,https://www.fifatrainingcentre.com/media/native/tournaments/fifa-world-cup/2026/PMSR-M03-CAN-V-BIH-V2.pdf,2026-07-08T13:35:15.920526+00:00
20260003,Bosnia and Herzegovina,8,Armin GIGOVIC,3998.3,1360.4,1640.7,544.3,318.0,135.0,45.0,22.0,29.5,fifa_training_centre_pmsr_pdf,https://www.fifatrainingcentre.com/media/native/tournaments/fifa-world-cup/2026/PMSR-M03-CAN-V-BIH-V2.pdf,2026-07-08T13:35:15.920526+00:00
20260003,Bosnia and Herzegovina,9,Samed BAZDAR,3649.9,1445.6,1428.9,437.5,213.4,124.5,28.0,13.0,29.8,fifa_training_centre_pmsr_pdf,https://www.fifatrainingcentre.com/media/native/tournaments/fifa-world-cup/2026/PMSR-M03-CAN-V-BIH-V2.pdf,2026-07-08T13:35:15.920526+00:00
20260003,Bosnia and Herzegovina,14,Ivan SUNJIC,2526.1,828.9,1115.3,443.9,108.0,30.1,37.0,10.0,26.5,fifa_training_centre_pmsr_pdf,https://www.fifatrainingcentre.com/media/native/tournaments/fifa-world-cup/2026/PMSR-M03-CAN-V-BIH-V2.pdf,2026-07-08T13:35:15.920526+00:00
20260003,Bosnia and Herzegovina,17,Dzenis BURNIC,1352.0,506.5,631.8,160.1,37.9,15.6,15.0,3.0,26.7,fifa_training_centre_pmsr_pdf,https://www.fifatrainingcentre.com/media/native/tournaments/fifa-world-cup/2026/PMSR-M03-CAN-V-BIH-V2.pdf,2026-07-08T13:35:15.920526+00:00
20260003,Bosnia and Herzegovina,19,Kerim ALAJBEGOVIC,2352.7,987.1,980.5,234.3,93.0,57.8,25.0,7.0,31.6,fifa_training_centre_pmsr_pdf,https://www.fifatrainingcentre.com/media/native/tournaments/fifa-world-cup/2026/PMSR-M03-CAN-V-BIH-V2.pdf,2026-07-08T13:35:15.920526+00:00
20260004,USA,24,Matt FREESE,6296.2,4769.1,1418.9,100.3,7.9,0.0,6.0,1.0,21.5,fifa_training_centre_pmsr_pdf,https://www.fifatrainingcentre.com/media/native/tournaments/fifa-world-cup/2026/PMSR-M04-USA-V-PAR.pdf,2026-07-08T13:35:15.920526+00:00
20260004,USA,2,Sergino DEST,8824.2,2814.7,3949.5,1266.6,580.7,212.8,115.0,53.0,32.3,fifa_training_centre_pmsr_pdf,https://www.fifatrainingcentre.com/media/native/tournaments/fifa-world-cup/2026/PMSR-M04-USA-V-PAR.pdf,2026-07-08T13:35:15.920526+00:00
20260004,USA,3,Chris RICHARDS,10829.8,3742.2,5238.2,1571.8,235.9,41.7,125.0,21.0,30.6,fifa_training_centre_pmsr_pdf,https://www.fifatrainingcentre.com/media/native/tournaments/fifa-world-cup/2026/PMSR-M04-USA-V-PAR.pdf,2026-07-08T13:35:15.920526+00:00
20260004,USA,4,Tyler ADAMS,11205.0,3973.8,4855.2,1544.9,726.5,104.7,136.0,50.0,30.5,fifa_training_centre_pmsr_pdf,https://www.fifatrainingcentre.com/media/native/tournaments/fifa-world-cup/2026/PMSR-M04-USA-V-PAR.pdf,2026-07-08T13:35:15.920526+00:00
20260004,USA,5,Antonee ROBINSON,11927.5,3985.9,5100.5,1925.1,667.8,248.1,171.0,57.0,34.0,fifa_training_centre_pmsr_pdf,https://www.fifatrainingcentre.com/media/native/tournaments/fifa-world-cup/2026/PMSR-M04-USA-V-PAR.pdf,2026-07-08T13:35:15.920526+00:00
20260004,USA,8,Weston McKENNIE,11832.5,4574.5,4547.8,1618.6,737.3,354.3,149.0,63.0,31.7,fifa_training_centre_pmsr_pdf,https://www.fifatrainingcentre.com/media/native/tournaments/fifa-world-cup/2026/PMSR-M04-USA-V-PAR.pdf,2026-07-08T13:35:15.920526+00:00
20260004,USA,10,Christian PULISIC,5906.9,2081.0,2497.6,873.0,351.2,104.1,73.0,28.0,31.6,fifa_training_centre_pmsr_pdf,https://www.fifatrainingcentre.com/media/native/tournaments/fifa-world-cup/2026/PMSR-M04-USA-V-PAR.pdf,2026-07-08T13:35:15.920526+00:00
20260004,USA,13,Tim REAM,9655.3,4504.7,3547.4,1165.3,347.6,90.3,100.0,30.0,30.5,fifa_training_centre_pmsr_pdf,https://www.fifatrainingcentre.com/media/native/tournaments/fifa-world-cup/2026/PMSR-M04-USA-V-PAR.pdf,2026-07-08T13:35:15.920526+00:00
20260004,USA,16,Alex FREEMAN,11002.8,3880.1,5049.8,1623.5,393.4,55.9,133.0,37.0,29.0,fifa_training_centre_pmsr_pdf,https://www.fifatrainingcentre.com/media/native/tournaments/fifa-world-cup/2026/PMSR-M04-USA-V-PAR.pdf,2026-07-08T13:35:15.920526+00:00
20260004,USA,17,Malik TILLMAN,9570.4,3300.7,4032.4,1480.0,536.7,220.7,134.0,47.0,30.5,fifa_training_centre_pmsr_pdf,https://www.fifatrainingcentre.com/media/native/tournaments/fifa-world-cup/2026/PMSR-M04-USA-V-PAR.pdf,2026-07-08T13:35:15.920526+00:00
20260004,USA,20,Folarin BALOGUN,7742.4,3042.2,3154.8,848.7,520.4,176.3,75.0,43.0,30.8,fifa_training_centre_pmsr_pdf,https://www.fifatrainingcentre.com/media/native/tournaments/fifa-world-cup/2026/PMSR-M04-USA-V-PAR.pdf,2026-07-08T13:35:15.920526+00:00
20260004,USA,7,Giovanni REYNA,2184.2,535.7,1138.9,414.2,89.4,5.9,35.0,7.0,25.5,fifa_training_centre_pmsr_pdf,https://www.fifatrainingcentre.com/media/native/tournaments/fifa-world-cup/2026/PMSR-M04-USA-V-PAR.pdf,2026-07-08T13:35:15.920526+00:00
20260004,USA,9,Ricardo PEPI,3341.0,935.5,1422.7,579.4,239.9,163.5,45.0,21.0,30.8,fifa_training_centre_pmsr_pdf,https://www.fifatrainingcentre.com/media/native/tournaments/fifa-world-cup/2026/PMSR-M04-USA-V-PAR.pdf,2026-07-08T13:35:15.920526+00:00
20260004,USA,14,Sebastian BERHALTER,6313.5,2037.4,2643.5,1164.5,402.8,65.2,92.0,28.0,31.0,fifa_training_centre_pmsr_pdf,https://www.fifatrainingcentre.com/media/native/tournaments/fifa-world-cup/2026/PMSR-M04-USA-V-PAR.pdf,2026-07-08T13:35:15.920526+00:00
20260004,USA,21,Timothy WEAH,3275.1,970.6,1269.7,640.2,352.6,42.0,51.0,25.0,28.4,fifa_training_centre_pmsr_pdf,https://www.fifatrainingcentre.com/media/native/tournaments/fifa-world-cup/2026/PMSR-M04-USA-V-PAR.pdf,2026-07-08T13:35:15.920526+00:00
20260004,Paraguay,12,Orlando GILL,5901.1,4727.7,1090.6,78.9,4.0,0.0,9.0,0.0,21.9,fifa_training_centre_pmsr_pdf,https://www.fifatrainingcentre.com/media/native/tournaments/fifa-world-cup/2026/PMSR-M04-USA-V-PAR.pdf,2026-07-08T13:35:15.920526+00:00
20260004,Paraguay,3,Omar ALDERETE,9194.7,4513.7,3380.0,821.1,355.3,124.5,64.0,31.0,30.3,fifa_training_centre_pmsr_pdf,https://www.fifatrainingcentre.com/media/native/tournaments/fifa-world-cup/2026/PMSR-M04-USA-V-PAR.pdf,2026-07-08T13:35:15.920526+00:00
20260004,Paraguay,4,Juan Jose CACERES,8402.3,3414.8,3200.7,1065.6,543.5,177.6,92.0,40.0,32.0,fifa_training_centre_pmsr_pdf,https://www.fifatrainingcentre.com/media/native/tournaments/fifa-world-cup/2026/PMSR-M04-USA-V-PAR.pdf,2026-07-08T13:35:15.920526+00:00
20260004,Paraguay,6,Junior ALONSO,10277.2,4435.6,3836.0,1366.1,490.3,149.2,128.0,41.0,29.5,fifa_training_centre_pmsr_pdf,https://www.fifatrainingcentre.com/media/native/tournaments/fifa-world-cup/2026/PMSR-M04-USA-V-PAR.pdf,2026-07-08T13:35:15.920526+00:00
20260004,Paraguay,8,Diego GOMEZ,9385.5,3535.8,3479.1,1557.5,621.5,191.6,132.0,48.0,31.6,fifa_training_centre_pmsr_pdf,https://www.fifatrainingcentre.com/media/native/tournaments/fifa-world-cup/2026/PMSR-M04-USA-V-PAR.pdf,2026-07-08T13:35:15.920526+00:00
20260004,Paraguay,9,Antonio SANABRIA,7093.2,2555.7,3246.1,826.6,371.9,92.9,84.0,33.0,29.2,fifa_training_centre_pmsr_pdf,https://www.fifatrainingcentre.com/media/native/tournaments/fifa-world-cup/2026/PMSR-M04-USA-V-PAR.pdf,2026-07-08T13:35:15.920526+00:00
20260004,Paraguay,10,Miguel ALMIRON,9249.6,3185.3,4303.8,1357.1,358.6,44.8,101.0,32.0,29.3,fifa_training_centre_pmsr_pdf,https://www.fifatrainingcentre.com/media/native/tournaments/fifa-world-cup/2026/PMSR-M04-USA-V-PAR.pdf,2026-07-08T13:35:15.920526+00:00
20260004,Paraguay,14,Andres CUBAS,11791.5,3565.4,5498.3,1869.2,719.9,138.8,174.0,48.0,30.1,fifa_training_centre_pmsr_pdf,https://www.fifatrainingcentre.com/media/native/tournaments/fifa-world-cup/2026/PMSR-M04-USA-V-PAR.pdf,2026-07-08T13:35:15.920526+00:00
20260004,Paraguay,15,Gustavo GOMEZ,9552.7,4670.6,3591.2,676.1,420.2,194.6,63.0,34.0,30.7,fifa_training_centre_pmsr_pdf,https://www.fifatrainingcentre.com/media/native/tournaments/fifa-world-cup/2026/PMSR-M04-USA-V-PAR.pdf,2026-07-08T13:35:15.920526+00:00
20260004,Paraguay,16,Damian BOBADILLA,6042.0,2053.1,2582.2,959.4,301.7,145.5,80.0,22.0,30.2,fifa_training_centre_pmsr_pdf,https://www.fifatrainingcentre.com/media/native/tournaments/fifa-world-cup/2026/PMSR-M04-USA-V-PAR.pdf,2026-07-08T13:35:15.920526+00:00
20260004,Paraguay,19,Julio ENCISO,10676.1,3541.3,4929.1,1416.3,574.9,214.5,128.0,42.0,33.3,fifa_training_centre_pmsr_pdf,https://www.fifatrainingcentre.com/media/native/tournaments/fifa-world-cup/2026/PMSR-M04-USA-V-PAR.pdf,2026-07-08T13:35:15.920526+00:00
20260004,Paraguay,2,Gustavo VELAZQUEZ,2009.8,718.7,925.9,207.7,112.6,45.0,19.0,9.0,31.3,fifa_training_centre_pmsr_pdf,https://www.fifatrainingcentre.com/media/native/tournaments/fifa-world-cup/2026/PMSR-M04-USA-V-PAR.pdf,2026-07-08T13:35:15.920526+00:00
20260004,Paraguay,7,Ramon SOSA,2289.6,612.5,1019.1,458.0,192.1,8.0,36.0,16.0,26.1,fifa_training_centre_pmsr_pdf,https://www.fifatrainingcentre.com/media/native/tournaments/fifa-world-cup/2026/PMSR-M04-USA-V-PAR.pdf,2026-07-08T13:35:15.920526+00:00
20260004,Paraguay,11,MAURICIO,5908.7,1990.1,2216.6,1214.9,438.0,49.0,95.0,32.0,27.6,fifa_training_centre_pmsr_pdf,https://www.fifatrainingcentre.com/media/native/tournaments/fifa-world-cup/2026/PMSR-M04-USA-V-PAR.pdf,2026-07-08T13:35:15.920526+00:00
20260004,Paraguay,17,Alejandro ROMERO GAMARRA,2181.0,559.2,1059.4,407.8,154.7,0.0,35.0,11.0,23.5,fifa_training_centre_pmsr_pdf,https://www.fifatrainingcentre.com/media/native/tournaments/fifa-world-cup/2026/PMSR-M04-USA-V-PAR.pdf,2026-07-08T13:35:15.920526+00:00
20260004,Paraguay,18,Alex ARCE,4355.1,1318.8,1644.4,850.3,412.9,128.9,67.0,27.0,30.1,fifa_training_centre_pmsr_pdf,https://www.fifatrainingcentre.com/media/native/tournaments/fifa-world-cup/2026/PMSR-M04-USA-V-PAR.pdf,2026-07-08T13:35:15.920526+00:00
20260005,Haiti,1,Johny PLACIDE,4114.7,3302.1,747.1,48.2,17.3,0.0,5.0,1.0,23.4,fifa_training_centre_pmsr_pdf,https://www.fifatrainingcentre.com/media/native/tournaments/fifa-world-cup/2026/PMSR-M05-HAI-V-SCO.pdf,2026-07-08T13:35:15.920526+00:00
20260005,Haiti,2,Carlens ARCUS,10859.5,3954.7,4470.6,1641.9,671.7,120.6,153.0,44.0,28.8,fifa_training_centre_pmsr_pdf,https://www.fifatrainingcentre.com/media/native/tournaments/fifa-world-cup/2026/PMSR-M05-HAI-V-SCO.pdf,2026-07-08T13:35:15.920526+00:00
20260005,Haiti,4,Ricardo ADE,9710.9,4008.9,3912.3,1380.8,357.3,51.6,113.0,29.0,28.5,fifa_training_centre_pmsr_pdf,https://www.fifatrainingcentre.com/media/native/tournaments/fifa-world-cup/2026/PMSR-M05-HAI-V-SCO.pdf,2026-07-08T13:35:15.920526+00:00
20260005,Haiti,5,Hannes DELCROIX,10218.2,3890.3,4629.2,1246.1,344.6,108.1,110.0,28.0,31.2,fifa_training_centre_pmsr_pdf,https://www.fifatrainingcentre.com/media/native/tournaments/fifa-world-cup/2026/PMSR-M05-HAI-V-SCO.pdf,2026-07-08T13:35:15.920526+00:00
20260005,Haiti,8,Martin EXPERIENCE,11711.2,3590.0,5212.9,1945.4,782.7,180.1,155.0,60.0,30.2,fifa_training_centre_pmsr_pdf,https://www.fifatrainingcentre.com/media/native/tournaments/fifa-world-cup/2026/PMSR-M05-HAI-V-SCO.pdf,2026-07-08T13:35:15.920526+00:00
20260005,Haiti,10,Jean-Ricner BELLEGARDE,11719.9,3735.0,5454.3,2018.4,419.5,92.8,160.0,41.0,34.2,fifa_training_centre_pmsr_pdf,https://www.fifatrainingcentre.com/media/native/tournaments/fifa-world-cup/2026/PMSR-M05-HAI-V-SCO.pdf,2026-07-08T13:35:15.920526+00:00
20260005,Haiti,11,Louicius DEEDSON,7334.9,2664.7,2972.0,1034.4,557.8,106.1,83.0,38.0,30.8,fifa_training_centre_pmsr_pdf,https://www.fifatrainingcentre.com/media/native/tournaments/fifa-world-cup/2026/PMSR-M05-HAI-V-SCO.pdf,2026-07-08T13:35:15.920526+00:00
20260005,Haiti,15,Ruben PROVIDENCE,8839.5,3434.9,3461.3,1235.7,478.5,229.1,110.0,41.0,34.0,fifa_training_centre_pmsr_pdf,https://www.fifatrainingcentre.com/media/native/tournaments/fifa-world-cup/2026/PMSR-M05-HAI-V-SCO.pdf,2026-07-08T13:35:15.920526+00:00
20260005,Haiti,17,Danley JEAN JACQUES,12130.5,3729.6,5325.2,2216.4,695.3,164.1,178.0,50.0,33.3,fifa_training_centre_pmsr_pdf,https://www.fifatrainingcentre.com/media/native/tournaments/fifa-world-cup/2026/PMSR-M05-HAI-V-SCO.pdf,2026-07-08T13:35:15.920526+00:00
20260005,Haiti,18,Wilson ISIDOR,8628.5,3427.4,3224.4,1190.3,575.6,210.7,100.0,39.0,32.6,fifa_training_centre_pmsr_pdf,https://www.fifatrainingcentre.com/media/native/tournaments/fifa-world-cup/2026/PMSR-M05-HAI-V-SCO.pdf,2026-07-08T13:35:15.920526+00:00
20260005,Haiti,20,Frantzdy PIERROT,11021.6,3736.9,5203.7,1346.2,507.4,227.3,128.0,41.0,30.5,fifa_training_centre_pmsr_pdf,https://www.fifatrainingcentre.com/media/native/tournaments/fifa-world-cup/2026/PMSR-M05-HAI-V-SCO.pdf,2026-07-08T13:35:15.920526+00:00
20260005,Haiti,16,Lenny JOSEPH,2338.2,886.7,978.5,268.3,165.0,39.7,26.0,12.0,29.0,fifa_training_centre_pmsr_pdf,https://www.fifatrainingcentre.com/media/native/tournaments/fifa-world-cup/2026/PMSR-M05-HAI-V-SCO.pdf,2026-07-08T13:35:15.920526+00:00
20260005,Haiti,19,Yassin FORTUNE,1501.2,501.2,602.8,302.8,59.7,34.8,24.0,5.0,28.2,fifa_training_centre_pmsr_pdf,https://www.fifatrainingcentre.com/media/native/tournaments/fifa-world-cup/2026/PMSR-M05-HAI-V-SCO.pdf,2026-07-08T13:35:15.920526+00:00
20260005,Haiti,21,Josue CASIMIR,3609.2,1608.7,1237.3,361.7,274.3,127.2,26.0,23.0,33.5,fifa_training_centre_pmsr_pdf,https://www.fifatrainingcentre.com/media/native/tournaments/fifa-world-cup/2026/PMSR-M05-HAI-V-SCO.pdf,2026-07-08T13:35:15.920526+00:00
20260005,Scotland,1,Angus GUNN,5966.8,4446.5,1374.1,126.7,19.5,0.0,9.0,2.0,23.5,fifa_training_centre_pmsr_pdf,https://www.fifatrainingcentre.com/media/native/tournaments/fifa-world-cup/2026/PMSR-M05-HAI-V-SCO.pdf,2026-07-08T13:35:15.920526+00:00
20260005,Scotland,2,Aaron HICKEY,8361.4,3069.9,3665.5,1107.2,340.7,178.1,103.0,30.0,32.4,fifa_training_centre_pmsr_pdf,https://www.fifatrainingcentre.com/media/native/tournaments/fifa-world-cup/2026/PMSR-M05-HAI-V-SCO.pdf,2026-07-08T13:35:15.920526+00:00
20260005,Scotland,3,Andy ROBERTSON,10253.7,4368.5,3854.9,1124.9,643.7,261.6,104.0,42.0,31.9,fifa_training_centre_pmsr_pdf,https://www.fifatrainingcentre.com/media/native/tournaments/fifa-world-cup/2026/PMSR-M05-HAI-V-SCO.pdf,2026-07-08T13:35:15.920526+00:00
20260005,Scotland,4,Scott McTOMINAY,12324.6,3785.8,5515.0,2208.1,646.5,169.1,180.0,47.0,30.4,fifa_training_centre_pmsr_pdf,https://www.fifatrainingcentre.com/media/native/tournaments/fifa-world-cup/2026/PMSR-M05-HAI-V-SCO.pdf,2026-07-08T13:35:15.920526+00:00
20260005,Scotland,5,Grant HANLEY,9877.2,4466.3,4046.9,951.1,310.3,102.7,89.0,19.0,31.0,fifa_training_centre_pmsr_pdf,https://www.fifatrainingcentre.com/media/native/tournaments/fifa-world-cup/2026/PMSR-M05-HAI-V-SCO.pdf,2026-07-08T13:35:15.920526+00:00
20260005,Scotland,7,John McGINN,8970.2,3750.2,3420.5,1174.8,480.0,144.8,101.0,38.0,30.6,fifa_training_centre_pmsr_pdf,https://www.fifatrainingcentre.com/media/native/tournaments/fifa-world-cup/2026/PMSR-M05-HAI-V-SCO.pdf,2026-07-08T13:35:15.920526+00:00
20260005,Scotland,10,Che ADAMS,8559.2,3245.4,3506.0,1263.2,423.4,121.3,95.0,37.0,31.9,fifa_training_centre_pmsr_pdf,https://www.fifatrainingcentre.com/media/native/tournaments/fifa-world-cup/2026/PMSR-M05-HAI-V-SCO.pdf,2026-07-08T13:35:15.920526+00:00
20260005,Scotland,13,Jack HENDRY,10337.2,3986.0,4256.0,1276.7,594.0,224.6,126.0,44.0,30.1,fifa_training_centre_pmsr_pdf,https://www.fifatrainingcentre.com/media/native/tournaments/fifa-world-cup/2026/PMSR-M05-HAI-V-SCO.pdf,2026-07-08T13:35:15.920526+00:00
20260005,Scotland,17,Ben GANNON-DOAK,8463.3,3112.5,3337.8,1134.1,600.0,278.9,90.0,50.0,32.9,fifa_training_centre_pmsr_pdf,https://www.fifatrainingcentre.com/media/native/tournaments/fifa-world-cup/2026/PMSR-M05-HAI-V-SCO.pdf,2026-07-08T13:35:15.920526+00:00
20260005,Scotland,19,Lewis FERGUSON,11792.1,3314.5,6093.0,1600.5,502.4,281.7,131.0,39.0,31.1,fifa_training_centre_pmsr_pdf,https://www.fifatrainingcentre.com/media/native/tournaments/fifa-world-cup/2026/PMSR-M05-HAI-V-SCO.pdf,2026-07-08T13:35:15.920526+00:00
20260005,Scotland,20,Lawrence SHANKLAND,10242.4,3428.6,4480.0,1677.2,506.4,150.1,136.0,38.0,29.2,fifa_training_centre_pmsr_pdf,https://www.fifatrainingcentre.com/media/native/tournaments/fifa-world-cup/2026/PMSR-M05-HAI-V-SCO.pdf,2026-07-08T13:35:15.920526+00:00
20260005,Scotland,9,Lyndon DYKES,2781.6,819.7,1220.0,415.3,243.6,83.1,33.0,13.0,28.2,fifa_training_centre_pmsr_pdf,https://www.fifatrainingcentre.com/media/native/tournaments/fifa-world-cup/2026/PMSR-M05-HAI-V-SCO.pdf,2026-07-08T13:35:15.920526+00:00
20260005,Scotland,11,Ryan CHRISTIE,3061.2,783.5,1385.6,628.7,206.3,57.2,49.0,16.0,29.9,fifa_training_centre_pmsr_pdf,https://www.fifatrainingcentre.com/media/native/tournaments/fifa-world-cup/2026/PMSR-M05-HAI-V-SCO.pdf,2026-07-08T13:35:15.920526+00:00
20260005,Scotland,22,Nathan PATTERSON,2577.2,873.1,1167.3,293.7,149.0,94.1,27.0,13.0,31.6,fifa_training_centre_pmsr_pdf,https://www.fifatrainingcentre.com/media/native/tournaments/fifa-world-cup/2026/PMSR-M05-HAI-V-SCO.pdf,2026-07-08T13:35:15.920526+00:00
20260005,Scotland,23,Kenny McLEAN,1895.6,574.6,960.4,267.8,73.8,19.2,17.0,6.0,29.0,fifa_training_centre_pmsr_pdf,https://www.fifatrainingcentre.com/media/native/tournaments/fifa-world-cup/2026/PMSR-M05-HAI-V-SCO.pdf,2026-07-08T13:35:15.920526+00:00
20260005,Scotland,25,Findlay CURTIS,2108.2,577.3,987.6,309.4,135.3,98.7,24.0,12.0,31.2,fifa_training_centre_pmsr_pdf,https://www.fifatrainingcentre.com/media/native/tournaments/fifa-world-cup/2026/PMSR-M05-HAI-V-SCO.pdf,2026-07-08T13:35:15.920526+00:00
20260006,Australia,18,Patrick BEACH,4685.7,3549.0,894.4,159.5,82.9,0.0,7.0,4.0,24.0,fifa_training_centre_pmsr_pdf,https://www.fifatrainingcentre.com/media/native/tournaments/fifa-world-cup/2026/PMSR-M06-AUS-V-TUR.pdf,2026-07-08T13:35:15.920526+00:00
20260006,Australia,3,Alessandro CIRCATI,10618.9,4021.7,5016.3,1021.6,499.3,60.0,88.0,29.0,27.0,fifa_training_centre_pmsr_pdf,https://www.fifatrainingcentre.com/media/native/tournaments/fifa-world-cup/2026/PMSR-M06-AUS-V-TUR.pdf,2026-07-08T13:35:15.920526+00:00
20260006,Australia,4,Jacob ITALIANO,9143.5,2912.4,4255.4,1186.2,497.5,292.0,108.0,45.0,32.8,fifa_training_centre_pmsr_pdf,https://www.fifatrainingcentre.com/media/native/tournaments/fifa-world-cup/2026/PMSR-M06-AUS-V-TUR.pdf,2026-07-08T13:35:15.920526+00:00
20260006,Australia,5,Jordan BOS,9800.9,3139.0,4509.7,1192.2,686.5,273.5,103.0,53.0,36.7,fifa_training_centre_pmsr_pdf,https://www.fifatrainingcentre.com/media/native/tournaments/fifa-world-cup/2026/PMSR-M06-AUS-V-TUR.pdf,2026-07-08T13:35:15.920526+00:00
20260006,Australia,8,Connor METCALFE,11558.1,3709.2,5272.8,1801.7,643.0,131.4,150.0,49.0,29.5,fifa_training_centre_pmsr_pdf,https://www.fifatrainingcentre.com/media/native/tournaments/fifa-world-cup/2026/PMSR-M06-AUS-V-TUR.pdf,2026-07-08T13:35:15.920526+00:00
20260006,Australia,9,Mohamed TOURE,8343.0,3169.0,3587.1,983.2,359.7,243.9,90.0,33.0,35.8,fifa_training_centre_pmsr_pdf,https://www.fifatrainingcentre.com/media/native/tournaments/fifa-world-cup/2026/PMSR-M06-AUS-V-TUR.pdf,2026-07-08T13:35:15.920526+00:00
20260006,Australia,13,Aiden ONEILL,12360.6,3418.4,6140.4,2002.3,597.7,201.9,176.0,44.0,32.8,fifa_training_centre_pmsr_pdf,https://www.fifatrainingcentre.com/media/native/tournaments/fifa-world-cup/2026/PMSR-M06-AUS-V-TUR.pdf,2026-07-08T13:35:15.920526+00:00
20260006,Australia,17,Nestory IRANKUNDA,6387.2,2479.3,2639.4,684.5,287.7,296.3,61.0,22.0,33.6,fifa_training_centre_pmsr_pdf,https://www.fifatrainingcentre.com/media/native/tournaments/fifa-world-cup/2026/PMSR-M06-AUS-V-TUR.pdf,2026-07-08T13:35:15.920526+00:00
20260006,Australia,19,Harry SOUTTAR,10003.5,4217.5,4517.7,978.6,221.0,68.7,78.0,16.0,28.2,fifa_training_centre_pmsr_pdf,https://www.fifatrainingcentre.com/media/native/tournaments/fifa-world-cup/2026/PMSR-M06-AUS-V-TUR.pdf,2026-07-08T13:35:15.920526+00:00
20260006,Australia,21,Cameron BURGESS,10269.0,4263.2,4430.8,1141.7,275.5,157.8,92.0,21.0,34.2,fifa_training_centre_pmsr_pdf,https://www.fifatrainingcentre.com/media/native/tournaments/fifa-world-cup/2026/PMSR-M06-AUS-V-TUR.pdf,2026-07-08T13:35:15.920526+00:00
20260006,Australia,24,Paul OKON-ENGSTLER,10751.5,2803.6,5574.2,1542.3,640.7,190.7,130.0,41.0,29.9,fifa_training_centre_pmsr_pdf,https://www.fifatrainingcentre.com/media/native/tournaments/fifa-world-cup/2026/PMSR-M06-AUS-V-TUR.pdf,2026-07-08T13:35:15.920526+00:00
20260006,Australia,6,Jason GERIA,2596.1,936.8,1118.6,286.8,169.2,84.7,16.0,10.0,29.5,fifa_training_centre_pmsr_pdf,https://www.fifatrainingcentre.com/media/native/tournaments/fifa-world-cup/2026/PMSR-M06-AUS-V-TUR.pdf,2026-07-08T13:35:15.920526+00:00
20260006,Australia,16,Aziz BEHICH,1528.8,462.1,872.0,122.4,49.9,22.4,11.0,4.0,31.2,fifa_training_centre_pmsr_pdf,https://www.fifatrainingcentre.com/media/native/tournaments/fifa-world-cup/2026/PMSR-M06-AUS-V-TUR.pdf,2026-07-08T13:35:15.920526+00:00
20260006,Australia,22,Jackson IRVINE,1724.7,403.0,845.4,308.0,131.7,36.6,32.0,7.0,26.9,fifa_training_centre_pmsr_pdf,https://www.fifatrainingcentre.com/media/native/tournaments/fifa-world-cup/2026/PMSR-M06-AUS-V-TUR.pdf,2026-07-08T13:35:15.920526+00:00
20260006,Australia,23,Nishan VELUPILLAY,4205.8,1296.0,1784.8,698.0,297.8,129.1,58.0,25.0,31.1,fifa_training_centre_pmsr_pdf,https://www.fifatrainingcentre.com/media/native/tournaments/fifa-world-cup/2026/PMSR-M06-AUS-V-TUR.pdf,2026-07-08T13:35:15.920526+00:00
20260006,Australia,26,Tete YENGI,2651.1,838.4,1141.5,458.0,176.4,36.9,32.0,15.0,31.6,fifa_training_centre_pmsr_pdf,https://www.fifatrainingcentre.com/media/native/tournaments/fifa-world-cup/2026/PMSR-M06-AUS-V-TUR.pdf,2026-07-08T13:35:15.920526+00:00
20260006,Türkiye,23,Ugurcan CAKIR,4625.1,3422.5,992.2,161.9,31.2,17.3,13.0,3.0,28.0,fifa_training_centre_pmsr_pdf,https://www.fifatrainingcentre.com/media/native/tournaments/fifa-world-cup/2026/PMSR-M06-AUS-V-TUR.pdf,2026-07-08T13:35:15.920526+00:00
20260006,Türkiye,2,Zeki CELIK,9541.5,3456.2,3863.1,1348.4,577.8,296.0,118.0,47.0,34.7,fifa_training_centre_pmsr_pdf,https://www.fifatrainingcentre.com/media/native/tournaments/fifa-world-cup/2026/PMSR-M06-AUS-V-TUR.pdf,2026-07-08T13:35:15.920526+00:00
20260006,Türkiye,3,Merih DEMIRAL,9972.4,4621.9,4041.4,771.4,331.3,206.5,67.0,27.0,33.8,fifa_training_centre_pmsr_pdf,https://www.fifatrainingcentre.com/media/native/tournaments/fifa-world-cup/2026/PMSR-M06-AUS-V-TUR.pdf,2026-07-08T13:35:15.920526+00:00
20260006,Türkiye,6,Orkun KOKCU,7613.1,2549.3,3672.1,960.1,353.7,77.8,79.0,30.0,29.2,fifa_training_centre_pmsr_pdf,https://www.fifatrainingcentre.com/media/native/tournaments/fifa-world-cup/2026/PMSR-M06-AUS-V-TUR.pdf,2026-07-08T13:35:15.920526+00:00
20260006,Türkiye,7,Kerem AKTURKOGLU,9564.0,3995.3,3656.1,1040.0,604.1,268.4,97.0,53.0,31.4,fifa_training_centre_pmsr_pdf,https://www.fifatrainingcentre.com/media/native/tournaments/fifa-world-cup/2026/PMSR-M06-AUS-V-TUR.pdf,2026-07-08T13:35:15.920526+00:00
20260006,Türkiye,8,Arda GULER,10811.0,4047.5,4778.2,1402.1,478.2,105.0,128.0,39.0,28.7,fifa_training_centre_pmsr_pdf,https://www.fifatrainingcentre.com/media/native/tournaments/fifa-world-cup/2026/PMSR-M06-AUS-V-TUR.pdf,2026-07-08T13:35:15.920526+00:00
20260006,Türkiye,10,Hakan CALHANOGLU,11710.0,3568.9,5777.8,1893.2,388.0,82.1,147.0,35.0,29.2,fifa_training_centre_pmsr_pdf,https://www.fifatrainingcentre.com/media/native/tournaments/fifa-world-cup/2026/PMSR-M06-AUS-V-TUR.pdf,2026-07-08T13:35:15.920526+00:00
20260006,Türkiye,14,Abdulkerim BARDAKCI,9876.3,4545.1,3885.9,915.5,409.2,120.6,78.0,34.0,28.4,fifa_training_centre_pmsr_pdf,https://www.fifatrainingcentre.com/media/native/tournaments/fifa-world-cup/2026/PMSR-M06-AUS-V-TUR.pdf,2026-07-08T13:35:15.920526+00:00
20260006,Türkiye,16,Ismail YUKSEK,8788.0,3750.2,3785.6,875.2,249.5,127.6,79.0,19.0,32.3,fifa_training_centre_pmsr_pdf,https://www.fifatrainingcentre.com/media/native/tournaments/fifa-world-cup/2026/PMSR-M06-AUS-V-TUR.pdf,2026-07-08T13:35:15.920526+00:00
20260006,Türkiye,20,Ferdi KADIOGLU,10570.2,4175.0,4141.8,1394.5,692.2,166.7,118.0,57.0,32.1,fifa_training_centre_pmsr_pdf,https://www.fifatrainingcentre.com/media/native/tournaments/fifa-world-cup/2026/PMSR-M06-AUS-V-TUR.pdf,2026-07-08T13:35:15.920526+00:00
20260006,Türkiye,21,Baris Alper YILMAZ,5586.6,1917.4,2484.5,673.1,297.5,214.1,57.0,24.0,34.3,fifa_training_centre_pmsr_pdf,https://www.fifatrainingcentre.com/media/native/tournaments/fifa-world-cup/2026/PMSR-M06-AUS-V-TUR.pdf,2026-07-08T13:35:15.920526+00:00
20260006,Türkiye,5,Salih OZCAN,1979.9,587.8,855.9,347.4,173.4,15.5,26.0,12.0,28.3,fifa_training_centre_pmsr_pdf,https://www.fifatrainingcentre.com/media/native/tournaments/fifa-world-cup/2026/PMSR-M06-AUS-V-TUR.pdf,2026-07-08T13:35:15.920526+00:00
20260006,Türkiye,9,Deniz GUL,1322.1,496.3,633.7,120.6,64.8,6.7,9.0,6.0,25.8,fifa_training_centre_pmsr_pdf,https://www.fifatrainingcentre.com/media/native/tournaments/fifa-world-cup/2026/PMSR-M06-AUS-V-TUR.pdf,2026-07-08T13:35:15.920526+00:00
20260006,Türkiye,11,Kenan YILDIZ,5024.7,2315.9,2016.4,551.5,115.0,25.7,37.0,13.0,28.1,fifa_training_centre_pmsr_pdf,https://www.fifatrainingcentre.com/media/native/tournaments/fifa-world-cup/2026/PMSR-M06-AUS-V-TUR.pdf,2026-07-08T13:35:15.920526+00:00
20260006,Türkiye,18,Mert MULDUR,2113.0,647.0,903.8,297.2,122.3,142.7,22.0,9.0,31.2,fifa_training_centre_pmsr_pdf,https://www.fifatrainingcentre.com/media/native/tournaments/fifa-world-cup/2026/PMSR-M06-AUS-V-TUR.pdf,2026-07-08T13:35:15.920526+00:00
20260006,Türkiye,19,Yunus AKGUN,3353.0,1427.1,1315.6,337.8,205.7,66.7,26.0,22.0,31.7,fifa_training_centre_pmsr_pdf,https://www.fifatrainingcentre.com/media/native/tournaments/fifa-world-cup/2026/PMSR-M06-AUS-V-TUR.pdf,2026-07-08T13:35:15.920526+00:00
20260007,Brazil,1,ALISSON,5270.8,4392.6,868.9,9.3,0.0,0.0,1.0,0.0,17.8,fifa_training_centre_pmsr_pdf,https://www.fifatrainingcentre.com/media/native/tournaments/fifa-world-cup/2026/PMSR-M07-BRA-V-MAR POST-V2.pdf,2026-07-08T13:35:15.920526+00:00
20260007,Brazil,3,GABRIEL MAGALHAES,10179.3,3992.2,4352.8,1347.9,382.8,103.6,122.0,30.0,31.0,fifa_training_centre_pmsr_pdf,https://www.fifatrainingcentre.com/media/native/tournaments/fifa-world-cup/2026/PMSR-M07-BRA-V-MAR POST-V2.pdf,2026-07-08T13:35:15.920526+00:00
20260007,Brazil,4,MARQUINHOS,9791.8,3958.1,4140.8,1163.9,414.4,114.7,98.0,26.0,33.3,fifa_training_centre_pmsr_pdf,https://www.fifatrainingcentre.com/media/native/tournaments/fifa-world-cup/2026/PMSR-M07-BRA-V-MAR POST-V2.pdf,2026-07-08T13:35:15.920526+00:00
20260007,Brazil,5,CASEMIRO,5315.1,1902.8,2496.7,680.2,205.1,30.2,55.0,11.0,26.5,fifa_training_centre_pmsr_pdf,https://www.fifatrainingcentre.com/media/native/tournaments/fifa-world-cup/2026/PMSR-M07-BRA-V-MAR POST-V2.pdf,2026-07-08T13:35:15.920526+00:00
20260007,Brazil,7,VINICIUS JUNIOR,10103.7,4545.1,3019.5,1518.6,742.9,277.6,117.0,60.0,34.1,fifa_training_centre_pmsr_pdf,https://www.fifatrainingcentre.com/media/native/tournaments/fifa-world-cup/2026/PMSR-M07-BRA-V-MAR POST-V2.pdf,2026-07-08T13:35:15.920526+00:00
20260007,Brazil,8,BRUNO GUIMARAES,9806.3,3016.5,4563.6,1682.2,505.3,38.7,133.0,32.0,28.0,fifa_training_centre_pmsr_pdf,https://www.fifatrainingcentre.com/media/native/tournaments/fifa-world-cup/2026/PMSR-M07-BRA-V-MAR POST-V2.pdf,2026-07-08T13:35:15.920526+00:00
20260007,Brazil,11,RAPHINHA,11651.0,4088.5,4257.0,1816.4,988.9,500.3,152.0,80.0,33.1,fifa_training_centre_pmsr_pdf,https://www.fifatrainingcentre.com/media/native/tournaments/fifa-world-cup/2026/PMSR-M07-BRA-V-MAR POST-V2.pdf,2026-07-08T13:35:15.920526+00:00
20260007,Brazil,16,DOUGLAS SANTOS,10529.3,3655.4,4514.1,1510.9,672.8,176.1,145.0,51.0,30.9,fifa_training_centre_pmsr_pdf,https://www.fifatrainingcentre.com/media/native/tournaments/fifa-world-cup/2026/PMSR-M07-BRA-V-MAR POST-V2.pdf,2026-07-08T13:35:15.920526+00:00
20260007,Brazil,20,LUCAS PAQUETA,7073.1,2697.5,2687.6,1070.2,528.4,89.3,93.0,38.0,29.5,fifa_training_centre_pmsr_pdf,https://www.fifatrainingcentre.com/media/native/tournaments/fifa-world-cup/2026/PMSR-M07-BRA-V-MAR POST-V2.pdf,2026-07-08T13:35:15.920526+00:00
20260007,Brazil,24,ROGER IBANEZ,5075.6,1960.5,1802.4,759.0,449.0,104.8,65.0,30.0,29.4,fifa_training_centre_pmsr_pdf,https://www.fifatrainingcentre.com/media/native/tournaments/fifa-world-cup/2026/PMSR-M07-BRA-V-MAR POST-V2.pdf,2026-07-08T13:35:15.920526+00:00
20260007,Brazil,25,IGOR THIAGO,7498.8,2360.9,3297.4,1201.0,480.3,159.3,95.0,43.0,33.2,fifa_training_centre_pmsr_pdf,https://www.fifatrainingcentre.com/media/native/tournaments/fifa-world-cup/2026/PMSR-M07-BRA-V-MAR POST-V2.pdf,2026-07-08T13:35:15.920526+00:00
20260007,Brazil,9,MATHEUS CUNHA,4005.3,1583.3,1358.5,736.1,270.2,57.3,63.0,21.0,29.8,fifa_training_centre_pmsr_pdf,https://www.fifatrainingcentre.com/media/native/tournaments/fifa-world-cup/2026/PMSR-M07-BRA-V-MAR POST-V2.pdf,2026-07-08T13:35:15.920526+00:00
20260007,Brazil,13,DANILO,5156.8,1964.5,1933.4,753.7,337.0,168.3,69.0,30.0,32.7,fifa_training_centre_pmsr_pdf,https://www.fifatrainingcentre.com/media/native/tournaments/fifa-world-cup/2026/PMSR-M07-BRA-V-MAR POST-V2.pdf,2026-07-08T13:35:15.920526+00:00
20260007,Brazil,17,FABINHO,5755.9,1817.7,2795.6,757.2,329.8,55.6,65.0,22.0,28.1,fifa_training_centre_pmsr_pdf,https://www.fifatrainingcentre.com/media/native/tournaments/fifa-world-cup/2026/PMSR-M07-BRA-V-MAR POST-V2.pdf,2026-07-08T13:35:15.920526+00:00
20260007,Brazil,18,DANILO SANTOS,2551.1,574.4,1276.5,520.3,156.6,23.2,49.0,9.0,27.4,fifa_training_centre_pmsr_pdf,https://www.fifatrainingcentre.com/media/native/tournaments/fifa-world-cup/2026/PMSR-M07-BRA-V-MAR POST-V2.pdf,2026-07-08T13:35:15.920526+00:00
20260007,Brazil,21,LUIZ HENRIQUE,3896.9,1456.9,1368.9,608.9,345.4,116.7,60.0,26.0,29.0,fifa_training_centre_pmsr_pdf,https://www.fifatrainingcentre.com/media/native/tournaments/fifa-world-cup/2026/PMSR-M07-BRA-V-MAR POST-V2.pdf,2026-07-08T13:35:15.920526+00:00
20260007,Morocco,1,Yassine BOUNOU,4633.2,3672.8,874.5,79.4,6.5,0.0,8.0,1.0,21.4,fifa_training_centre_pmsr_pdf,https://www.fifatrainingcentre.com/media/native/tournaments/fifa-world-cup/2026/PMSR-M07-BRA-V-MAR POST-V2.pdf,2026-07-08T13:35:15.920526+00:00
20260007,Morocco,2,Achraf HAKIMI,10149.5,4150.8,3851.5,1229.9,654.7,262.7,112.0,53.0,30.8,fifa_training_centre_pmsr_pdf,https://www.fifatrainingcentre.com/media/native/tournaments/fifa-world-cup/2026/PMSR-M07-BRA-V-MAR POST-V2.pdf,2026-07-08T13:35:15.920526+00:00
20260007,Morocco,3,Noussair MAZRAOUI,8041.8,2964.5,3769.1,860.7,327.2,120.3,79.0,33.0,31.3,fifa_training_centre_pmsr_pdf,https://www.fifatrainingcentre.com/media/native/tournaments/fifa-world-cup/2026/PMSR-M07-BRA-V-MAR POST-V2.pdf,2026-07-08T13:35:15.920526+00:00
20260007,Morocco,6,Ayyoub BOUADDI,11871.1,3337.8,5942.1,1750.6,610.5,230.3,142.0,42.0,31.6,fifa_training_centre_pmsr_pdf,https://www.fifatrainingcentre.com/media/native/tournaments/fifa-world-cup/2026/PMSR-M07-BRA-V-MAR POST-V2.pdf,2026-07-08T13:35:15.920526+00:00
20260007,Morocco,8,Azzedine OUNAHI,7954.2,2409.0,3675.6,1242.4,528.6,98.7,100.0,37.0,30.7,fifa_training_centre_pmsr_pdf,https://www.fifatrainingcentre.com/media/native/tournaments/fifa-world-cup/2026/PMSR-M07-BRA-V-MAR POST-V2.pdf,2026-07-08T13:35:15.920526+00:00
20260007,Morocco,10,Brahim DIAZ,6678.1,2956.6,2320.5,909.7,383.8,107.6,83.0,32.0,31.1,fifa_training_centre_pmsr_pdf,https://www.fifatrainingcentre.com/media/native/tournaments/fifa-world-cup/2026/PMSR-M07-BRA-V-MAR POST-V2.pdf,2026-07-08T13:35:15.920526+00:00
20260007,Morocco,11,Ismael SAIBARI,10124.4,3025.6,4146.4,1523.2,963.8,465.3,120.0,76.0,33.7,fifa_training_centre_pmsr_pdf,https://www.fifatrainingcentre.com/media/native/tournaments/fifa-world-cup/2026/PMSR-M07-BRA-V-MAR POST-V2.pdf,2026-07-08T13:35:15.920526+00:00
20260007,Morocco,14,Issa DIOP,10127.8,4380.7,4220.5,1175.4,308.1,43.0,94.0,22.0,32.0,fifa_training_centre_pmsr_pdf,https://www.fifatrainingcentre.com/media/native/tournaments/fifa-world-cup/2026/PMSR-M07-BRA-V-MAR POST-V2.pdf,2026-07-08T13:35:15.920526+00:00
20260007,Morocco,18,Chadi RIAD,10585.4,3925.4,5104.2,1156.7,320.3,78.8,103.0,20.0,28.5,fifa_training_centre_pmsr_pdf,https://www.fifatrainingcentre.com/media/native/tournaments/fifa-world-cup/2026/PMSR-M07-BRA-V-MAR POST-V2.pdf,2026-07-08T13:35:15.920526+00:00
20260007,Morocco,23,Bilal EL KHANNOUSS,8547.1,3752.1,2796.6,1227.4,561.8,209.3,114.0,38.0,33.2,fifa_training_centre_pmsr_pdf,https://www.fifatrainingcentre.com/media/native/tournaments/fifa-world-cup/2026/PMSR-M07-BRA-V-MAR POST-V2.pdf,2026-07-08T13:35:15.920526+00:00
20260007,Morocco,24,Neil EL AYNAOUI,11778.0,3600.1,5409.6,1796.3,608.9,363.1,134.0,46.0,30.2,fifa_training_centre_pmsr_pdf,https://www.fifatrainingcentre.com/media/native/tournaments/fifa-world-cup/2026/PMSR-M07-BRA-V-MAR POST-V2.pdf,2026-07-08T13:35:15.920526+00:00
20260007,Morocco,7,Chemsdine TALBI,3838.4,1238.9,1580.3,671.5,259.4,88.3,53.0,21.0,29.7,fifa_training_centre_pmsr_pdf,https://www.fifatrainingcentre.com/media/native/tournaments/fifa-world-cup/2026/PMSR-M07-BRA-V-MAR POST-V2.pdf,2026-07-08T13:35:15.920526+00:00
20260007,Morocco,9,Soufiane RAHIMI,1411.4,422.1,460.5,319.2,138.0,71.7,26.0,12.0,31.1,fifa_training_centre_pmsr_pdf,https://www.fifatrainingcentre.com/media/native/tournaments/fifa-world-cup/2026/PMSR-M07-BRA-V-MAR POST-V2.pdf,2026-07-08T13:35:15.920526+00:00
20260007,Morocco,15,Samir EL MOURABET,4358.1,1023.8,2070.5,770.4,397.8,95.6,62.0,27.0,28.5,fifa_training_centre_pmsr_pdf,https://www.fifatrainingcentre.com/media/native/tournaments/fifa-world-cup/2026/PMSR-M07-BRA-V-MAR POST-V2.pdf,2026-07-08T13:35:15.920526+00:00
20260007,Morocco,21,Ayoube AMAIMOUNI,2700.7,707.4,1126.0,532.7,261.6,73.0,40.0,21.0,30.0,fifa_training_centre_pmsr_pdf,https://www.fifatrainingcentre.com/media/native/tournaments/fifa-world-cup/2026/PMSR-M07-BRA-V-MAR POST-V2.pdf,2026-07-08T13:35:15.920526+00:00
20260007,Morocco,26,Anass SALAH EDDINE,2101.1,768.8,944.2,262.0,126.2,0.0,22.0,8.0,24.8,fifa_training_centre_pmsr_pdf,https://www.fifatrainingcentre.com/media/native/tournaments/fifa-world-cup/2026/PMSR-M07-BRA-V-MAR POST-V2.pdf,2026-07-08T13:35:15.920526+00:00
20260008,Qatar,1,MAHMOUD ABUNADA,5311.9,4180.3,1046.8,59.6,16.4,8.9,6.0,2.0,26.8,fifa_training_centre_pmsr_pdf,https://www.fifatrainingcentre.com/media/native/tournaments/fifa-world-cup/2026/PMSR-M08-QAT-V-SUI.pdf,2026-07-08T13:35:15.920526+00:00
20260008,Qatar,2,PEDRO MIGUEL,8893.9,4304.8,3395.0,873.6,235.7,84.9,78.0,22.0,31.6,fifa_training_centre_pmsr_pdf,https://www.fifatrainingcentre.com/media/native/tournaments/fifa-world-cup/2026/PMSR-M08-QAT-V-SUI.pdf,2026-07-08T13:35:15.920526+00:00
20260008,Qatar,4,ISSA LAYE,10034.8,3603.3,4473.1,1412.9,442.8,102.6,124.0,37.0,29.4,fifa_training_centre_pmsr_pdf,https://www.fifatrainingcentre.com/media/native/tournaments/fifa-world-cup/2026/PMSR-M08-QAT-V-SUI.pdf,2026-07-08T13:35:15.920526+00:00
20260008,Qatar,5,JASSEM GABER,6528.2,2451.4,2801.9,1012.1,243.9,18.8,93.0,18.0,27.6,fifa_training_centre_pmsr_pdf,https://www.fifatrainingcentre.com/media/native/tournaments/fifa-world-cup/2026/PMSR-M08-QAT-V-SUI.pdf,2026-07-08T13:35:15.920526+00:00
20260008,Qatar,8,EDMILSON JUNIOR,10142.6,3764.7,3993.8,1786.3,429.7,168.2,135.0,39.0,31.5,fifa_training_centre_pmsr_pdf,https://www.fifatrainingcentre.com/media/native/tournaments/fifa-world-cup/2026/PMSR-M08-QAT-V-SUI.pdf,2026-07-08T13:35:15.920526+00:00
20260008,Qatar,11,AKRAM AFIF,9544.9,4478.9,3346.0,925.8,513.6,280.6,81.0,37.0,32.4,fifa_training_centre_pmsr_pdf,https://www.fifatrainingcentre.com/media/native/tournaments/fifa-world-cup/2026/PMSR-M08-QAT-V-SUI.pdf,2026-07-08T13:35:15.920526+00:00
20260008,Qatar,13,AYOUB ALOUI,6346.9,2627.2,2574.2,795.1,253.8,96.6,65.0,22.0,32.0,fifa_training_centre_pmsr_pdf,https://www.fifatrainingcentre.com/media/native/tournaments/fifa-world-cup/2026/PMSR-M08-QAT-V-SUI.pdf,2026-07-08T13:35:15.920526+00:00
20260008,Qatar,14,HOMAM AHMED,10544.1,4025.9,4371.1,1329.1,542.9,275.1,127.0,44.0,32.6,fifa_training_centre_pmsr_pdf,https://www.fifatrainingcentre.com/media/native/tournaments/fifa-world-cup/2026/PMSR-M08-QAT-V-SUI.pdf,2026-07-08T13:35:15.920526+00:00
20260008,Qatar,15,YUSUF ABDURISAG,7808.3,2218.2,3245.3,1347.7,684.3,312.9,111.0,47.0,30.4,fifa_training_centre_pmsr_pdf,https://www.fifatrainingcentre.com/media/native/tournaments/fifa-world-cup/2026/PMSR-M08-QAT-V-SUI.pdf,2026-07-08T13:35:15.920526+00:00
20260008,Qatar,16,BOUALEM KHOUKHI,8536.4,3926.4,3574.8,795.2,193.4,46.6,68.0,20.0,31.3,fifa_training_centre_pmsr_pdf,https://www.fifatrainingcentre.com/media/native/tournaments/fifa-world-cup/2026/PMSR-M08-QAT-V-SUI.pdf,2026-07-08T13:35:15.920526+00:00
20260008,Qatar,23,ASSIM MADIBO,8995.9,2500.1,4593.2,1746.2,156.3,0.0,136.0,15.0,24.8,fifa_training_centre_pmsr_pdf,https://www.fifatrainingcentre.com/media/native/tournaments/fifa-world-cup/2026/PMSR-M08-QAT-V-SUI.pdf,2026-07-08T13:35:15.920526+00:00
20260008,Qatar,7,AHMED ALAAELDIN,4213.2,1301.8,2030.7,511.6,252.4,116.7,48.0,18.0,31.7,fifa_training_centre_pmsr_pdf,https://www.fifatrainingcentre.com/media/native/tournaments/fifa-world-cup/2026/PMSR-M08-QAT-V-SUI.pdf,2026-07-08T13:35:15.920526+00:00
20260008,Qatar,10,HASSAN ALHAYDOS,1103.2,335.3,486.1,167.9,97.2,16.7,17.0,8.0,29.0,fifa_training_centre_pmsr_pdf,https://www.fifatrainingcentre.com/media/native/tournaments/fifa-world-cup/2026/PMSR-M08-QAT-V-SUI.pdf,2026-07-08T13:35:15.920526+00:00
20260008,Qatar,12,KARIM BOUDIAF,4361.2,1546.2,1763.4,821.6,197.8,32.0,72.0,12.0,27.5,fifa_training_centre_pmsr_pdf,https://www.fifatrainingcentre.com/media/native/tournaments/fifa-world-cup/2026/PMSR-M08-QAT-V-SUI.pdf,2026-07-08T13:35:15.920526+00:00
20260008,Qatar,20,AHMED FATHY,4509.7,1420.4,1782.3,955.9,310.2,41.0,77.0,24.0,27.5,fifa_training_centre_pmsr_pdf,https://www.fifatrainingcentre.com/media/native/tournaments/fifa-world-cup/2026/PMSR-M08-QAT-V-SUI.pdf,2026-07-08T13:35:15.920526+00:00
20260008,Qatar,26,MOHAMED MANAI,2364.4,802.9,984.4,382.9,179.8,14.6,34.0,12.0,27.1,fifa_training_centre_pmsr_pdf,https://www.fifatrainingcentre.com/media/native/tournaments/fifa-world-cup/2026/PMSR-M08-QAT-V-SUI.pdf,2026-07-08T13:35:15.920526+00:00
20260008,Switzerland,1,Gregor KOBEL,5418.3,4245.4,1077.7,83.5,11.7,0.0,8.0,1.0,23.2,fifa_training_centre_pmsr_pdf,https://www.fifatrainingcentre.com/media/native/tournaments/fifa-world-cup/2026/PMSR-M08-QAT-V-SUI.pdf,2026-07-08T13:35:15.920526+00:00
20260008,Switzerland,4,Nico ELVEDI,9761.3,3765.1,4241.8,1132.5,439.7,182.2,101.0,35.0,31.7,fifa_training_centre_pmsr_pdf,https://www.fifatrainingcentre.com/media/native/tournaments/fifa-world-cup/2026/PMSR-M08-QAT-V-SUI.pdf,2026-07-08T13:35:15.920526+00:00
20260008,Switzerland,5,Manuel AKANJI,9576.1,3842.8,3893.9,1164.4,476.2,198.8,108.0,34.0,31.4,fifa_training_centre_pmsr_pdf,https://www.fifatrainingcentre.com/media/native/tournaments/fifa-world-cup/2026/PMSR-M08-QAT-V-SUI.pdf,2026-07-08T13:35:15.920526+00:00
20260008,Switzerland,6,Denis ZAKARIA,10678.9,4254.2,4388.0,1144.8,643.0,248.9,113.0,48.0,33.0,fifa_training_centre_pmsr_pdf,https://www.fifatrainingcentre.com/media/native/tournaments/fifa-world-cup/2026/PMSR-M08-QAT-V-SUI.pdf,2026-07-08T13:35:15.920526+00:00
20260008,Switzerland,7,Breel EMBOLO,8919.4,4242.1,3139.3,913.2,423.1,201.8,82.0,43.0,32.8,fifa_training_centre_pmsr_pdf,https://www.fifatrainingcentre.com/media/native/tournaments/fifa-world-cup/2026/PMSR-M08-QAT-V-SUI.pdf,2026-07-08T13:35:15.920526+00:00
20260008,Switzerland,8,Remo FREULER,10694.6,3918.6,4192.6,1982.6,503.9,97.0,169.0,41.0,28.6,fifa_training_centre_pmsr_pdf,https://www.fifatrainingcentre.com/media/native/tournaments/fifa-world-cup/2026/PMSR-M08-QAT-V-SUI.pdf,2026-07-08T13:35:15.920526+00:00
20260008,Switzerland,10,Granit XHAKA,10800.1,3545.4,4660.6,2072.3,470.5,51.2,176.0,34.0,28.9,fifa_training_centre_pmsr_pdf,https://www.fifatrainingcentre.com/media/native/tournaments/fifa-world-cup/2026/PMSR-M08-QAT-V-SUI.pdf,2026-07-08T13:35:15.920526+00:00
20260008,Switzerland,11,Dan NDOYE,6898.8,2812.1,2764.0,842.1,366.2,114.3,72.0,32.0,32.2,fifa_training_centre_pmsr_pdf,https://www.fifatrainingcentre.com/media/native/tournaments/fifa-world-cup/2026/PMSR-M08-QAT-V-SUI.pdf,2026-07-08T13:35:15.920526+00:00
20260008,Switzerland,13,Ricardo RODRIGUEZ,8970.5,3928.5,3287.9,1148.5,502.4,103.2,97.0,41.0,28.5,fifa_training_centre_pmsr_pdf,https://www.fifatrainingcentre.com/media/native/tournaments/fifa-world-cup/2026/PMSR-M08-QAT-V-SUI.pdf,2026-07-08T13:35:15.920526+00:00
20260008,Switzerland,17,Ruben VARGAS,8158.0,3511.6,3070.2,1010.7,403.1,162.4,88.0,34.0,31.8,fifa_training_centre_pmsr_pdf,https://www.fifatrainingcentre.com/media/native/tournaments/fifa-world-cup/2026/PMSR-M08-QAT-V-SUI.pdf,2026-07-08T13:35:15.920526+00:00
20260008,Switzerland,20,Michel AEBISCHER,7908.2,3100.9,2920.2,1207.7,537.7,141.8,112.0,45.0,29.6,fifa_training_centre_pmsr_pdf,https://www.fifatrainingcentre.com/media/native/tournaments/fifa-world-cup/2026/PMSR-M08-QAT-V-SUI.pdf,2026-07-08T13:35:15.920526+00:00
20260008,Switzerland,2,Miro MUHEIM,1040.2,300.0,493.5,151.2,78.6,17.0,18.0,7.0,29.5,fifa_training_centre_pmsr_pdf,https://www.fifatrainingcentre.com/media/native/tournaments/fifa-world-cup/2026/PMSR-M08-QAT-V-SUI.pdf,2026-07-08T13:35:15.920526+00:00
20260008,Switzerland,9,Johan MANZAMBI,3570.0,1356.1,1403.6,478.2,282.6,49.5,45.0,21.0,27.7,fifa_training_centre_pmsr_pdf,https://www.fifatrainingcentre.com/media/native/tournaments/fifa-world-cup/2026/PMSR-M08-QAT-V-SUI.pdf,2026-07-08T13:35:15.920526+00:00
20260008,Switzerland,14,Ardon JASHARI,1008.6,306.0,414.6,236.6,51.5,0.0,19.0,3.0,24.1,fifa_training_centre_pmsr_pdf,https://www.fifatrainingcentre.com/media/native/tournaments/fifa-world-cup/2026/PMSR-M08-QAT-V-SUI.pdf,2026-07-08T13:35:15.920526+00:00
20260008,Switzerland,22,Fabian RIEDER,3938.9,1092.5,1667.0,807.9,303.6,67.9,65.0,22.0,28.2,fifa_training_centre_pmsr_pdf,https://www.fifatrainingcentre.com/media/native/tournaments/fifa-world-cup/2026/PMSR-M08-QAT-V-SUI.pdf,2026-07-08T13:35:15.920526+00:00
20260008,Switzerland,23,Zeki AMDOUNI,2065.9,809.6,869.7,282.9,89.4,14.4,26.0,8.0,27.0,fifa_training_centre_pmsr_pdf,https://www.fifatrainingcentre.com/media/native/tournaments/fifa-world-cup/2026/PMSR-M08-QAT-V-SUI.pdf,2026-07-08T13:35:15.920526+00:00
20260009,Côte d'Ivoire,1,Yahia FOFANA,5396.1,4345.4,929.9,60.9,59.9,0.0,3.0,1.0,23.6,fifa_training_centre_pmsr_pdf,https://www.fifatrainingcentre.com/media/native/tournaments/fifa-world-cup/2026/PMSR-M09-CIV-V-ECU.pdf,2026-07-08T13:35:15.920526+00:00
20260009,Côte d'Ivoire,3,Ghislain KONAN,10043.1,4338.7,3720.1,1373.0,457.0,154.3,121.0,41.0,29.5,fifa_training_centre_pmsr_pdf,https://www.fifatrainingcentre.com/media/native/tournaments/fifa-world-cup/2026/PMSR-M09-CIV-V-ECU.pdf,2026-07-08T13:35:15.920526+00:00
20260009,Côte d'Ivoire,5,Wilfried SINGO,9611.2,3947.7,4019.4,1087.3,362.1,194.8,88.0,32.0,33.3,fifa_training_centre_pmsr_pdf,https://www.fifatrainingcentre.com/media/native/tournaments/fifa-world-cup/2026/PMSR-M09-CIV-V-ECU.pdf,2026-07-08T13:35:15.920526+00:00
20260009,Côte d'Ivoire,6,Seko FOFANA,9051.2,2872.2,3825.1,1616.4,580.3,157.2,130.0,37.0,30.1,fifa_training_centre_pmsr_pdf,https://www.fifatrainingcentre.com/media/native/tournaments/fifa-world-cup/2026/PMSR-M09-CIV-V-ECU.pdf,2026-07-08T13:35:15.920526+00:00
20260009,Côte d'Ivoire,8,Franck KESSIE,11314.1,3757.2,5299.1,1545.8,604.7,107.3,140.0,45.0,29.2,fifa_training_centre_pmsr_pdf,https://www.fifatrainingcentre.com/media/native/tournaments/fifa-world-cup/2026/PMSR-M09-CIV-V-ECU.pdf,2026-07-08T13:35:15.920526+00:00
20260009,Côte d'Ivoire,11,Yan DIOMANDE,9396.3,3971.3,3439.7,1081.1,525.7,378.6,94.0,52.0,33.6,fifa_training_centre_pmsr_pdf,https://www.fifatrainingcentre.com/media/native/tournaments/fifa-world-cup/2026/PMSR-M09-CIV-V-ECU.pdf,2026-07-08T13:35:15.920526+00:00
20260009,Côte d'Ivoire,12,Elye WAHI,6519.4,2186.0,2772.1,1017.2,391.8,152.4,80.0,30.0,32.7,fifa_training_centre_pmsr_pdf,https://www.fifatrainingcentre.com/media/native/tournaments/fifa-world-cup/2026/PMSR-M09-CIV-V-ECU.pdf,2026-07-08T13:35:15.920526+00:00
20260009,Côte d'Ivoire,17,Guela DOUE,9141.1,3509.8,3856.3,1143.3,440.0,191.6,99.0,35.0,32.5,fifa_training_centre_pmsr_pdf,https://www.fifatrainingcentre.com/media/native/tournaments/fifa-world-cup/2026/PMSR-M09-CIV-V-ECU.pdf,2026-07-08T13:35:15.920526+00:00
20260009,Côte d'Ivoire,19,Nicolas PEPE,8420.2,2885.3,3342.1,1301.0,679.5,212.4,114.0,48.0,31.9,fifa_training_centre_pmsr_pdf,https://www.fifatrainingcentre.com/media/native/tournaments/fifa-world-cup/2026/PMSR-M09-CIV-V-ECU.pdf,2026-07-08T13:35:15.920526+00:00
20260009,Côte d'Ivoire,20,Emmanuel AGBADOU,9528.0,3776.8,4299.6,969.4,380.3,101.9,87.0,29.0,32.6,fifa_training_centre_pmsr_pdf,https://www.fifatrainingcentre.com/media/native/tournaments/fifa-world-cup/2026/PMSR-M09-CIV-V-ECU.pdf,2026-07-08T13:35:15.920526+00:00
20260009,Côte d'Ivoire,24,Bazoumana TOURE,6867.8,2179.9,3136.7,1003.5,343.4,204.2,84.0,32.0,34.6,fifa_training_centre_pmsr_pdf,https://www.fifatrainingcentre.com/media/native/tournaments/fifa-world-cup/2026/PMSR-M09-CIV-V-ECU.pdf,2026-07-08T13:35:15.920526+00:00
20260009,Côte d'Ivoire,7,Odilon KOSSOUNOU,1102.0,372.8,438.3,188.9,77.0,25.0,15.0,6.0,28.5,fifa_training_centre_pmsr_pdf,https://www.fifatrainingcentre.com/media/native/tournaments/fifa-world-cup/2026/PMSR-M09-CIV-V-ECU.pdf,2026-07-08T13:35:15.920526+00:00
20260009,Côte d'Ivoire,9,Ange-Yoan BONNY,4230.2,1571.9,1614.2,619.7,346.9,77.5,57.0,23.0,31.4,fifa_training_centre_pmsr_pdf,https://www.fifatrainingcentre.com/media/native/tournaments/fifa-world-cup/2026/PMSR-M09-CIV-V-ECU.pdf,2026-07-08T13:35:15.920526+00:00
20260009,Côte d'Ivoire,15,Amad DIALLO,4333.0,1838.9,1412.7,621.5,270.3,189.6,55.0,25.0,30.3,fifa_training_centre_pmsr_pdf,https://www.fifatrainingcentre.com/media/native/tournaments/fifa-world-cup/2026/PMSR-M09-CIV-V-ECU.pdf,2026-07-08T13:35:15.920526+00:00
20260009,Côte d'Ivoire,18,Ibrahim SANGARE,2403.3,886.7,968.0,365.3,148.1,35.3,30.0,10.0,29.2,fifa_training_centre_pmsr_pdf,https://www.fifatrainingcentre.com/media/native/tournaments/fifa-world-cup/2026/PMSR-M09-CIV-V-ECU.pdf,2026-07-08T13:35:15.920526+00:00
20260009,Côte d'Ivoire,26,Christ Inao OULAI,2235.3,770.8,1006.4,257.2,128.7,72.1,26.0,11.0,28.6,fifa_training_centre_pmsr_pdf,https://www.fifatrainingcentre.com/media/native/tournaments/fifa-world-cup/2026/PMSR-M09-CIV-V-ECU.pdf,2026-07-08T13:35:15.920526+00:00
20260009,Ecuador,1,Hernan GALINDEZ,4661.8,3873.6,752.1,35.0,1.0,0.0,4.0,0.0,20.2,fifa_training_centre_pmsr_pdf,https://www.fifatrainingcentre.com/media/native/tournaments/fifa-world-cup/2026/PMSR-M09-CIV-V-ECU.pdf,2026-07-08T13:35:15.920526+00:00
20260009,Ecuador,3,Piero HINCAPIE,10712.8,4104.2,4091.8,1355.2,760.0,401.7,121.0,54.0,31.5,fifa_training_centre_pmsr_pdf,https://www.fifatrainingcentre.com/media/native/tournaments/fifa-world-cup/2026/PMSR-M09-CIV-V-ECU.pdf,2026-07-08T13:35:15.920526+00:00
20260009,Ecuador,4,Joel ORDONEZ,9330.1,4063.7,3745.5,985.4,440.7,94.7,86.0,31.0,28.1,fifa_training_centre_pmsr_pdf,https://www.fifatrainingcentre.com/media/native/tournaments/fifa-world-cup/2026/PMSR-M09-CIV-V-ECU.pdf,2026-07-08T13:35:15.920526+00:00
20260009,Ecuador,6,Willian PACHO,8899.7,4307.1,3180.2,904.1,367.2,141.0,81.0,32.0,32.7,fifa_training_centre_pmsr_pdf,https://www.fifatrainingcentre.com/media/native/tournaments/fifa-world-cup/2026/PMSR-M09-CIV-V-ECU.pdf,2026-07-08T13:35:15.920526+00:00
20260009,Ecuador,9,John YEBOAH,6743.4,2416.9,2687.9,1043.4,472.9,122.3,86.0,39.0,31.0,fifa_training_centre_pmsr_pdf,https://www.fifatrainingcentre.com/media/native/tournaments/fifa-world-cup/2026/PMSR-M09-CIV-V-ECU.pdf,2026-07-08T13:35:15.920526+00:00
20260009,Ecuador,13,Enner VALENCIA,7643.2,3247.4,3380.3,609.9,303.0,102.7,54.0,25.0,33.1,fifa_training_centre_pmsr_pdf,https://www.fifatrainingcentre.com/media/native/tournaments/fifa-world-cup/2026/PMSR-M09-CIV-V-ECU.pdf,2026-07-08T13:35:15.920526+00:00
20260009,Ecuador,14,Alan MINDA,6170.8,2404.0,2437.2,844.3,377.1,108.1,80.0,31.0,35.5,fifa_training_centre_pmsr_pdf,https://www.fifatrainingcentre.com/media/native/tournaments/fifa-world-cup/2026/PMSR-M09-CIV-V-ECU.pdf,2026-07-08T13:35:15.920526+00:00
20260009,Ecuador,15,Pedro VITE,11473.7,3569.2,5022.3,2135.7,665.9,80.4,183.0,44.0,28.5,fifa_training_centre_pmsr_pdf,https://www.fifatrainingcentre.com/media/native/tournaments/fifa-world-cup/2026/PMSR-M09-CIV-V-ECU.pdf,2026-07-08T13:35:15.920526+00:00
20260009,Ecuador,19,Gonzalo PLATA,11063.1,3956.0,4926.1,1407.4,613.7,159.9,128.0,51.0,31.0,fifa_training_centre_pmsr_pdf,https://www.fifatrainingcentre.com/media/native/tournaments/fifa-world-cup/2026/PMSR-M09-CIV-V-ECU.pdf,2026-07-08T13:35:15.920526+00:00
20260009,Ecuador,21,Alan FRANCO,7017.0,2589.2,2942.2,932.5,405.5,147.5,86.0,35.0,32.2,fifa_training_centre_pmsr_pdf,https://www.fifatrainingcentre.com/media/native/tournaments/fifa-world-cup/2026/PMSR-M09-CIV-V-ECU.pdf,2026-07-08T13:35:15.920526+00:00
20260009,Ecuador,23,Moises CAICEDO,10816.5,3838.6,4720.6,1609.4,482.2,165.6,129.0,34.0,30.5,fifa_training_centre_pmsr_pdf,https://www.fifatrainingcentre.com/media/native/tournaments/fifa-world-cup/2026/PMSR-M09-CIV-V-ECU.pdf,2026-07-08T13:35:15.920526+00:00
20260009,Ecuador,11,Kevin RODRIGUEZ,2427.2,799.0,843.5,486.4,232.3,66.2,38.0,17.0,30.1,fifa_training_centre_pmsr_pdf,https://www.fifatrainingcentre.com/media/native/tournaments/fifa-world-cup/2026/PMSR-M09-CIV-V-ECU.pdf,2026-07-08T13:35:15.920526+00:00
20260009,Ecuador,17,Angelo PRECIADO,3645.9,1359.4,1448.8,467.1,167.0,203.6,40.0,18.0,33.2,fifa_training_centre_pmsr_pdf,https://www.fifatrainingcentre.com/media/native/tournaments/fifa-world-cup/2026/PMSR-M09-CIV-V-ECU.pdf,2026-07-08T13:35:15.920526+00:00
20260009,Ecuador,20,Nilson ANGULO,4588.5,1642.2,1561.5,855.0,282.2,247.6,61.0,27.0,31.5,fifa_training_centre_pmsr_pdf,https://www.fifatrainingcentre.com/media/native/tournaments/fifa-world-cup/2026/PMSR-M09-CIV-V-ECU.pdf,2026-07-08T13:35:15.920526+00:00
20260009,Ecuador,25,Jackson POROZO,3226.4,1345.1,1344.2,306.6,136.5,94.0,28.0,13.0,32.7,fifa_training_centre_pmsr_pdf,https://www.fifatrainingcentre.com/media/native/tournaments/fifa-world-cup/2026/PMSR-M09-CIV-V-ECU.pdf,2026-07-08T13:35:15.920526+00:00
20260010,Germany,1,Manuel NEUER,5728.8,4319.3,1187.2,184.8,37.5,0.0,20.0,3.0,21.9,fifa_training_centre_pmsr_pdf,https://www.fifatrainingcentre.com/media/native/tournaments/fifa-world-cup/2026/PMSR-M10-GER-V-CUW-V2.pdf,2026-07-08T13:35:15.920526+00:00
20260010,Germany,4,Jonathan TAH,7906.0,2889.1,3640.2,925.1,343.2,108.3,76.0,27.0,30.0,fifa_training_centre_pmsr_pdf,https://www.fifatrainingcentre.com/media/native/tournaments/fifa-world-cup/2026/PMSR-M10-GER-V-CUW-V2.pdf,2026-07-08T13:35:15.920526+00:00
20260010,Germany,5,Aleksandar PAVLOVIC,12135.1,3344.8,5741.9,2073.6,827.5,147.4,180.0,59.0,29.8,fifa_training_centre_pmsr_pdf,https://www.fifatrainingcentre.com/media/native/tournaments/fifa-world-cup/2026/PMSR-M10-GER-V-CUW-V2.pdf,2026-07-08T13:35:15.920526+00:00
20260010,Germany,6,Joshua KIMMICH,9636.7,3441.9,4285.7,1223.5,425.4,260.3,101.0,40.0,29.9,fifa_training_centre_pmsr_pdf,https://www.fifatrainingcentre.com/media/native/tournaments/fifa-world-cup/2026/PMSR-M10-GER-V-CUW-V2.pdf,2026-07-08T13:35:15.920526+00:00
20260010,Germany,7,Kai HAVERTZ,11602.0,4070.9,4776.2,1803.9,715.1,235.9,150.0,55.0,32.9,fifa_training_centre_pmsr_pdf,https://www.fifatrainingcentre.com/media/native/tournaments/fifa-world-cup/2026/PMSR-M10-GER-V-CUW-V2.pdf,2026-07-08T13:35:15.920526+00:00
20260010,Germany,10,Jamal MUSIALA,7874.6,2654.0,3510.7,1194.8,384.6,130.6,90.0,30.0,31.8,fifa_training_centre_pmsr_pdf,https://www.fifatrainingcentre.com/media/native/tournaments/fifa-world-cup/2026/PMSR-M10-GER-V-CUW-V2.pdf,2026-07-08T13:35:15.920526+00:00
20260010,Germany,15,Nico SCHLOTTERBECK,9931.9,3925.5,4488.1,1093.8,305.5,119.0,95.0,26.0,31.8,fifa_training_centre_pmsr_pdf,https://www.fifatrainingcentre.com/media/native/tournaments/fifa-world-cup/2026/PMSR-M10-GER-V-CUW-V2.pdf,2026-07-08T13:35:15.920526+00:00
20260010,Germany,17,Florian WIRTZ,11086.3,3572.8,5191.7,1567.3,613.1,141.5,146.0,46.0,28.5,fifa_training_centre_pmsr_pdf,https://www.fifatrainingcentre.com/media/native/tournaments/fifa-world-cup/2026/PMSR-M10-GER-V-CUW-V2.pdf,2026-07-08T13:35:15.920526+00:00
20260010,Germany,18,Nathaniel BROWN,8798.9,2937.4,3865.9,1298.9,480.5,216.1,111.0,38.0,33.8,fifa_training_centre_pmsr_pdf,https://www.fifatrainingcentre.com/media/native/tournaments/fifa-world-cup/2026/PMSR-M10-GER-V-CUW-V2.pdf,2026-07-08T13:35:15.920526+00:00
20260010,Germany,19,Leroy SANE,10238.6,4035.1,3389.3,1503.8,748.1,562.3,122.0,59.0,33.5,fifa_training_centre_pmsr_pdf,https://www.fifatrainingcentre.com/media/native/tournaments/fifa-world-cup/2026/PMSR-M10-GER-V-CUW-V2.pdf,2026-07-08T13:35:15.920526+00:00
20260010,Germany,23,Felix NMECHA,8346.9,2987.0,3491.9,1241.6,464.4,162.1,111.0,35.0,31.0,fifa_training_centre_pmsr_pdf,https://www.fifatrainingcentre.com/media/native/tournaments/fifa-world-cup/2026/PMSR-M10-GER-V-CUW-V2.pdf,2026-07-08T13:35:15.920526+00:00
20260010,Germany,2,Antonio RUEDIGER,2404.9,890.3,1086.7,227.0,166.8,34.1,21.0,10.0,31.8,fifa_training_centre_pmsr_pdf,https://www.fifatrainingcentre.com/media/native/tournaments/fifa-world-cup/2026/PMSR-M10-GER-V-CUW-V2.pdf,2026-07-08T13:35:15.920526+00:00
20260010,Germany,3,Waldemar ANTON,1459.2,444.9,672.2,222.1,87.8,32.1,19.0,8.0,27.8,fifa_training_centre_pmsr_pdf,https://www.fifatrainingcentre.com/media/native/tournaments/fifa-world-cup/2026/PMSR-M10-GER-V-CUW-V2.pdf,2026-07-08T13:35:15.920526+00:00
20260010,Germany,8,Leon GORETZKA,2797.5,924.0,1083.2,485.4,217.4,87.5,40.0,15.0,29.6,fifa_training_centre_pmsr_pdf,https://www.fifatrainingcentre.com/media/native/tournaments/fifa-world-cup/2026/PMSR-M10-GER-V-CUW-V2.pdf,2026-07-08T13:35:15.920526+00:00
20260010,Germany,22,David RAUM,2917.9,873.9,1015.2,532.0,344.7,152.2,45.0,27.0,31.1,fifa_training_centre_pmsr_pdf,https://www.fifatrainingcentre.com/media/native/tournaments/fifa-world-cup/2026/PMSR-M10-GER-V-CUW-V2.pdf,2026-07-08T13:35:15.920526+00:00
20260010,Germany,26,Deniz UNDAV,3350.8,1036.9,1517.6,593.5,166.2,36.7,51.0,12.0,27.4,fifa_training_centre_pmsr_pdf,https://www.fifatrainingcentre.com/media/native/tournaments/fifa-world-cup/2026/PMSR-M10-GER-V-CUW-V2.pdf,2026-07-08T13:35:15.920526+00:00
20260010,Curaçao,1,Eloy ROOM,5089.7,4356.2,647.6,81.6,4.2,0.0,7.0,0.0,22.0,fifa_training_centre_pmsr_pdf,https://www.fifatrainingcentre.com/media/native/tournaments/fifa-world-cup/2026/PMSR-M10-GER-V-CUW-V2.pdf,2026-07-08T13:35:15.920526+00:00
20260010,Curaçao,5,Sherel FLORANUS,10463.9,3532.4,4523.6,1497.9,631.5,278.5,119.0,50.0,33.3,fifa_training_centre_pmsr_pdf,https://www.fifatrainingcentre.com/media/native/tournaments/fifa-world-cup/2026/PMSR-M10-GER-V-CUW-V2.pdf,2026-07-08T13:35:15.920526+00:00
20260010,Curaçao,7,Juninho BACUNA,10064.9,4091.4,3907.7,1331.7,553.3,180.8,109.0,49.0,30.7,fifa_training_centre_pmsr_pdf,https://www.fifatrainingcentre.com/media/native/tournaments/fifa-world-cup/2026/PMSR-M10-GER-V-CUW-V2.pdf,2026-07-08T13:35:15.920526+00:00
20260010,Curaçao,8,Livano COMENENCIA,10853.1,4044.7,4575.1,1464.5,578.7,190.0,124.0,47.0,32.0,fifa_training_centre_pmsr_pdf,https://www.fifatrainingcentre.com/media/native/tournaments/fifa-world-cup/2026/PMSR-M10-GER-V-CUW-V2.pdf,2026-07-08T13:35:15.920526+00:00
20260010,Curaçao,9,Juergen LOCADIA,6563.1,2595.5,2780.7,754.6,306.7,125.5,72.0,28.0,32.6,fifa_training_centre_pmsr_pdf,https://www.fifatrainingcentre.com/media/native/tournaments/fifa-world-cup/2026/PMSR-M10-GER-V-CUW-V2.pdf,2026-07-08T13:35:15.920526+00:00
20260010,Curaçao,10,Leandro BACUNA,9305.0,3789.1,4149.8,913.3,338.5,114.2,82.0,26.0,31.8,fifa_training_centre_pmsr_pdf,https://www.fifatrainingcentre.com/media/native/tournaments/fifa-world-cup/2026/PMSR-M10-GER-V-CUW-V2.pdf,2026-07-08T13:35:15.920526+00:00
20260010,Curaçao,12,Sontje HANSEN,4910.8,1974.0,1828.5,613.8,358.0,136.4,59.0,26.0,33.1,fifa_training_centre_pmsr_pdf,https://www.fifatrainingcentre.com/media/native/tournaments/fifa-world-cup/2026/PMSR-M10-GER-V-CUW-V2.pdf,2026-07-08T13:35:15.920526+00:00
20260010,Curaçao,18,Armando OBISPO,8686.7,4271.7,3403.8,678.9,230.7,101.6,55.0,17.0,33.2,fifa_training_centre_pmsr_pdf,https://www.fifatrainingcentre.com/media/native/tournaments/fifa-world-cup/2026/PMSR-M10-GER-V-CUW-V2.pdf,2026-07-08T13:35:15.920526+00:00
20260010,Curaçao,21,Tahith CHONG,8768.7,4066.5,3060.4,954.4,511.9,175.6,82.0,31.0,30.0,fifa_training_centre_pmsr_pdf,https://www.fifatrainingcentre.com/media/native/tournaments/fifa-world-cup/2026/PMSR-M10-GER-V-CUW-V2.pdf,2026-07-08T13:35:15.920526+00:00
20260010,Curaçao,23,Riechedly BAZOER,8506.8,4265.0,3211.0,724.9,220.6,85.3,60.0,15.0,27.8,fifa_training_centre_pmsr_pdf,https://www.fifatrainingcentre.com/media/native/tournaments/fifa-world-cup/2026/PMSR-M10-GER-V-CUW-V2.pdf,2026-07-08T13:35:15.920526+00:00
20260010,Curaçao,24,Deveron FONVILLE,9725.0,3891.7,3769.5,1092.3,623.4,348.2,86.0,57.0,32.1,fifa_training_centre_pmsr_pdf,https://www.fifatrainingcentre.com/media/native/tournaments/fifa-world-cup/2026/PMSR-M10-GER-V-CUW-V2.pdf,2026-07-08T13:35:15.920526+00:00
20260010,Curaçao,11,Jeremy ANTONISSE,6143.9,1691.7,2806.8,1077.1,375.9,192.4,89.0,30.0,31.3,fifa_training_centre_pmsr_pdf,https://www.fifatrainingcentre.com/media/native/tournaments/fifa-world-cup/2026/PMSR-M10-GER-V-CUW-V2.pdf,2026-07-08T13:35:15.920526+00:00
20260010,Curaçao,16,Jearl MARGARITHA,3212.1,1083.1,1474.9,402.4,172.0,79.6,35.0,19.0,30.7,fifa_training_centre_pmsr_pdf,https://www.fifatrainingcentre.com/media/native/tournaments/fifa-world-cup/2026/PMSR-M10-GER-V-CUW-V2.pdf,2026-07-08T13:35:15.920526+00:00
20260010,Curaçao,19,Gervane KASTANEER,1192.8,518.6,463.8,114.0,79.4,16.9,11.0,5.0,26.8,fifa_training_centre_pmsr_pdf,https://www.fifatrainingcentre.com/media/native/tournaments/fifa-world-cup/2026/PMSR-M10-GER-V-CUW-V2.pdf,2026-07-08T13:35:15.920526+00:00
20260011,Netherlands,1,Bart VERBRUGGEN,4758.3,3771.9,912.4,49.2,24.7,0.0,3.0,3.0,24.2,fifa_training_centre_pmsr_pdf,https://www.fifatrainingcentre.com/media/native/tournaments/fifa-world-cup/2026/PMSR-M11-NED-V-JPN.pdf,2026-07-08T13:35:15.920526+00:00
20260011,Netherlands,4,Virgil VAN DIJK,8413.2,4368.5,2750.4,926.8,263.1,104.4,66.0,23.0,32.9,fifa_training_centre_pmsr_pdf,https://www.fifatrainingcentre.com/media/native/tournaments/fifa-world-cup/2026/PMSR-M11-NED-V-JPN.pdf,2026-07-08T13:35:15.920526+00:00
20260011,Netherlands,6,Jan Paul VAN HECKE,9634.5,3988.1,4251.2,1044.8,274.9,75.5,83.0,23.0,31.2,fifa_training_centre_pmsr_pdf,https://www.fifatrainingcentre.com/media/native/tournaments/fifa-world-cup/2026/PMSR-M11-NED-V-JPN.pdf,2026-07-08T13:35:15.920526+00:00
20260011,Netherlands,8,Ryan GRAVENBERCH,8313.0,3444.9,3298.7,1033.1,421.1,115.1,91.0,25.0,35.6,fifa_training_centre_pmsr_pdf,https://www.fifatrainingcentre.com/media/native/tournaments/fifa-world-cup/2026/PMSR-M11-NED-V-JPN.pdf,2026-07-08T13:35:15.920526+00:00
20260011,Netherlands,11,Cody GAKPO,8160.5,3591.6,2973.7,877.3,560.7,157.3,82.0,37.0,32.2,fifa_training_centre_pmsr_pdf,https://www.fifatrainingcentre.com/media/native/tournaments/fifa-world-cup/2026/PMSR-M11-NED-V-JPN.pdf,2026-07-08T13:35:15.920526+00:00
20260011,Netherlands,14,Tijjani REIJNDERS,7660.7,2888.6,3176.6,1079.5,365.2,150.7,89.0,25.0,29.8,fifa_training_centre_pmsr_pdf,https://www.fifatrainingcentre.com/media/native/tournaments/fifa-world-cup/2026/PMSR-M11-NED-V-JPN.pdf,2026-07-08T13:35:15.920526+00:00
20260011,Netherlands,15,Micky VAN DE VEN,9313.4,4484.3,3380.1,827.7,421.9,199.3,74.0,31.0,32.4,fifa_training_centre_pmsr_pdf,https://www.fifatrainingcentre.com/media/native/tournaments/fifa-world-cup/2026/PMSR-M11-NED-V-JPN.pdf,2026-07-08T13:35:15.920526+00:00
20260011,Netherlands,18,Donyell MALEN,6343.1,2989.9,2374.2,614.7,313.9,50.5,52.0,21.0,29.0,fifa_training_centre_pmsr_pdf,https://www.fifatrainingcentre.com/media/native/tournaments/fifa-world-cup/2026/PMSR-M11-NED-V-JPN.pdf,2026-07-08T13:35:15.920526+00:00
20260011,Netherlands,21,Frenkie DE JONG,10298.1,3795.9,4922.3,1193.1,320.0,66.8,99.0,27.0,29.3,fifa_training_centre_pmsr_pdf,https://www.fifatrainingcentre.com/media/native/tournaments/fifa-world-cup/2026/PMSR-M11-NED-V-JPN.pdf,2026-07-08T13:35:15.920526+00:00
20260011,Netherlands,22,Denzel DUMFRIES,10129.0,4003.5,4069.4,1409.9,517.2,129.0,116.0,37.0,31.1,fifa_training_centre_pmsr_pdf,https://www.fifatrainingcentre.com/media/native/tournaments/fifa-world-cup/2026/PMSR-M11-NED-V-JPN.pdf,2026-07-08T13:35:15.920526+00:00
20260011,Netherlands,24,Crysencio SUMMERVILLE,7356.9,2797.6,2977.4,937.4,398.8,245.6,81.0,30.0,34.3,fifa_training_centre_pmsr_pdf,https://www.fifatrainingcentre.com/media/native/tournaments/fifa-world-cup/2026/PMSR-M11-NED-V-JPN.pdf,2026-07-08T13:35:15.920526+00:00
20260011,Netherlands,5,Nathan AKE,1661.9,584.8,893.3,107.5,50.7,25.6,10.0,5.0,30.5,fifa_training_centre_pmsr_pdf,https://www.fifatrainingcentre.com/media/native/tournaments/fifa-world-cup/2026/PMSR-M11-NED-V-JPN.pdf,2026-07-08T13:35:15.920526+00:00
20260011,Netherlands,10,Memphis DEPAY,3091.1,1025.7,1214.5,557.0,223.5,70.5,53.0,20.0,31.3,fifa_training_centre_pmsr_pdf,https://www.fifatrainingcentre.com/media/native/tournaments/fifa-world-cup/2026/PMSR-M11-NED-V-JPN.pdf,2026-07-08T13:35:15.920526+00:00
20260011,Netherlands,19,Brian BROBBEY,1300.2,504.6,540.7,210.3,42.0,2.7,20.0,3.0,25.5,fifa_training_centre_pmsr_pdf,https://www.fifatrainingcentre.com/media/native/tournaments/fifa-world-cup/2026/PMSR-M11-NED-V-JPN.pdf,2026-07-08T13:35:15.920526+00:00
20260011,Netherlands,20,Teun KOOPMEINERS,3435.7,770.7,1623.2,799.8,204.4,37.5,68.0,18.0,29.7,fifa_training_centre_pmsr_pdf,https://www.fifatrainingcentre.com/media/native/tournaments/fifa-world-cup/2026/PMSR-M11-NED-V-JPN.pdf,2026-07-08T13:35:15.920526+00:00
20260011,Netherlands,26,Quinten TIMBER,3073.6,969.4,1318.6,572.7,192.1,20.8,53.0,14.0,30.7,fifa_training_centre_pmsr_pdf,https://www.fifatrainingcentre.com/media/native/tournaments/fifa-world-cup/2026/PMSR-M11-NED-V-JPN.pdf,2026-07-08T13:35:15.920526+00:00
20260011,Japan,1,Zion SUZUKI,4841.0,3538.2,1234.8,66.1,1.9,0.0,7.0,0.0,20.2,fifa_training_centre_pmsr_pdf,https://www.fifatrainingcentre.com/media/native/tournaments/fifa-world-cup/2026/PMSR-M11-NED-V-JPN.pdf,2026-07-08T13:35:15.920526+00:00
20260011,Japan,3,Shogo TANIGUCHI,9237.9,3881.8,4246.2,847.1,198.8,64.0,66.0,19.0,30.8,fifa_training_centre_pmsr_pdf,https://www.fifatrainingcentre.com/media/native/tournaments/fifa-world-cup/2026/PMSR-M11-NED-V-JPN.pdf,2026-07-08T13:35:15.920526+00:00
20260011,Japan,8,Takefusa KUBO,7808.8,3160.2,2971.3,1104.2,391.8,181.4,85.0,32.0,31.2,fifa_training_centre_pmsr_pdf,https://www.fifatrainingcentre.com/media/native/tournaments/fifa-world-cup/2026/PMSR-M11-NED-V-JPN.pdf,2026-07-08T13:35:15.920526+00:00
20260011,Japan,10,Ritsu DOAN,7916.6,3088.8,3316.8,863.1,509.7,138.2,60.0,32.0,30.8,fifa_training_centre_pmsr_pdf,https://www.fifatrainingcentre.com/media/native/tournaments/fifa-world-cup/2026/PMSR-M11-NED-V-JPN.pdf,2026-07-08T13:35:15.920526+00:00
20260011,Japan,11,Daizen MAEDA,8252.4,2795.4,2876.5,1522.4,785.7,272.4,132.0,66.0,33.5,fifa_training_centre_pmsr_pdf,https://www.fifatrainingcentre.com/media/native/tournaments/fifa-world-cup/2026/PMSR-M11-NED-V-JPN.pdf,2026-07-08T13:35:15.920526+00:00
20260011,Japan,13,Keito NAKAMURA,11313.4,3768.2,4897.5,1923.5,608.7,115.4,163.0,53.0,29.6,fifa_training_centre_pmsr_pdf,https://www.fifatrainingcentre.com/media/native/tournaments/fifa-world-cup/2026/PMSR-M11-NED-V-JPN.pdf,2026-07-08T13:35:15.920526+00:00
20260011,Japan,15,Daichi KAMADA,10568.9,3929.0,4880.8,1282.7,400.4,76.0,100.0,27.0,31.4,fifa_training_centre_pmsr_pdf,https://www.fifatrainingcentre.com/media/native/tournaments/fifa-world-cup/2026/PMSR-M11-NED-V-JPN.pdf,2026-07-08T13:35:15.920526+00:00
20260011,Japan,16,Tsuyoshi WATANABE,7454.2,3090.9,3105.0,884.1,255.3,118.9,77.0,22.0,32.9,fifa_training_centre_pmsr_pdf,https://www.fifatrainingcentre.com/media/native/tournaments/fifa-world-cup/2026/PMSR-M11-NED-V-JPN.pdf,2026-07-08T13:35:15.920526+00:00
20260011,Japan,18,Ayase UEDA,8862.1,3353.9,3830.2,1142.4,421.4,114.1,98.0,29.0,29.0,fifa_training_centre_pmsr_pdf,https://www.fifatrainingcentre.com/media/native/tournaments/fifa-world-cup/2026/PMSR-M11-NED-V-JPN.pdf,2026-07-08T13:35:15.920526+00:00
20260011,Japan,21,Hiroki ITO,9798.5,4189.3,4110.7,1024.5,314.4,159.6,97.0,22.0,32.0,fifa_training_centre_pmsr_pdf,https://www.fifatrainingcentre.com/media/native/tournaments/fifa-world-cup/2026/PMSR-M11-NED-V-JPN.pdf,2026-07-08T13:35:15.920526+00:00
20260011,Japan,24,Kaishu SANO,11066.3,3849.4,5036.5,1499.9,515.6,165.0,125.0,37.0,29.3,fifa_training_centre_pmsr_pdf,https://www.fifatrainingcentre.com/media/native/tournaments/fifa-world-cup/2026/PMSR-M11-NED-V-JPN.pdf,2026-07-08T13:35:15.920526+00:00
20260011,Japan,2,Yukinari SUGAWARA,2529.9,881.6,1236.2,289.9,72.4,49.9,25.0,8.0,28.5,fifa_training_centre_pmsr_pdf,https://www.fifatrainingcentre.com/media/native/tournaments/fifa-world-cup/2026/PMSR-M11-NED-V-JPN.pdf,2026-07-08T13:35:15.920526+00:00
20260011,Japan,14,Junya ITO,2894.8,1090.9,1119.0,385.7,208.9,90.4,31.0,17.0,33.0,fifa_training_centre_pmsr_pdf,https://www.fifatrainingcentre.com/media/native/tournaments/fifa-world-cup/2026/PMSR-M11-NED-V-JPN.pdf,2026-07-08T13:35:15.920526+00:00
20260011,Japan,19,Koki OGAWA,2437.4,963.8,937.5,292.3,185.8,57.9,28.0,15.0,28.1,fifa_training_centre_pmsr_pdf,https://www.fifatrainingcentre.com/media/native/tournaments/fifa-world-cup/2026/PMSR-M11-NED-V-JPN.pdf,2026-07-08T13:35:15.920526+00:00
20260011,Japan,22,Takehiro TOMIYASU,2661.6,704.6,1459.9,418.8,78.2,0.0,36.0,8.0,24.1,fifa_training_centre_pmsr_pdf,https://www.fifatrainingcentre.com/media/native/tournaments/fifa-world-cup/2026/PMSR-M11-NED-V-JPN.pdf,2026-07-08T13:35:15.920526+00:00
20260011,Japan,26,Kento SHIOGAI,1755.4,467.1,768.2,279.1,125.8,115.2,20.0,11.0,32.8,fifa_training_centre_pmsr_pdf,https://www.fifatrainingcentre.com/media/native/tournaments/fifa-world-cup/2026/PMSR-M11-NED-V-JPN.pdf,2026-07-08T13:35:15.920526+00:00
20260012,Sweden,23,Kristoffer NORDFELDT,5125.6,4154.5,924.1,28.9,18.1,0.0,3.0,1.0,25.0,fifa_training_centre_pmsr_pdf,https://www.fifatrainingcentre.com/media/native/tournaments/fifa-world-cup/2026/PMSR-M12-SWE-V-TUN.pdf,2026-07-08T13:35:15.920526+00:00
20260012,Sweden,2,Gustaf LAGERBIELKE,10712.3,3947.6,4712.2,1561.9,417.8,72.8,128.0,28.0,28.6,fifa_training_centre_pmsr_pdf,https://www.fifatrainingcentre.com/media/native/tournaments/fifa-world-cup/2026/PMSR-M12-SWE-V-TUN.pdf,2026-07-08T13:35:15.920526+00:00
20260012,Sweden,3,Victor LINDELOF,9687.3,4103.6,4265.9,956.8,293.0,67.9,74.0,24.0,28.0,fifa_training_centre_pmsr_pdf,https://www.fifatrainingcentre.com/media/native/tournaments/fifa-world-cup/2026/PMSR-M12-SWE-V-TUN.pdf,2026-07-08T13:35:15.920526+00:00
20260012,Sweden,4,Isak HIEN,9691.0,3745.3,4561.0,956.2,313.7,114.8,80.0,25.0,31.9,fifa_training_centre_pmsr_pdf,https://www.fifatrainingcentre.com/media/native/tournaments/fifa-world-cup/2026/PMSR-M12-SWE-V-TUN.pdf,2026-07-08T13:35:15.920526+00:00
20260012,Sweden,5,Gabriel GUDMUNDSSON,7160.1,2847.3,3034.3,777.0,388.6,112.8,66.0,33.0,31.1,fifa_training_centre_pmsr_pdf,https://www.fifatrainingcentre.com/media/native/tournaments/fifa-world-cup/2026/PMSR-M12-SWE-V-TUN.pdf,2026-07-08T13:35:15.920526+00:00
20260012,Sweden,9,Alexander ISAK,8533.6,3861.9,2873.2,905.6,533.4,359.5,87.0,39.0,32.6,fifa_training_centre_pmsr_pdf,https://www.fifatrainingcentre.com/media/native/tournaments/fifa-world-cup/2026/PMSR-M12-SWE-V-TUN.pdf,2026-07-08T13:35:15.920526+00:00
20260012,Sweden,10,Benjamin NYGREN,8511.1,2476.4,3940.1,1393.3,408.4,293.0,117.0,30.0,31.5,fifa_training_centre_pmsr_pdf,https://www.fifatrainingcentre.com/media/native/tournaments/fifa-world-cup/2026/PMSR-M12-SWE-V-TUN.pdf,2026-07-08T13:35:15.920526+00:00
20260012,Sweden,16,Jesper KARLSTROM,9902.7,3183.1,5011.5,1345.6,318.4,44.0,113.0,23.0,29.6,fifa_training_centre_pmsr_pdf,https://www.fifatrainingcentre.com/media/native/tournaments/fifa-world-cup/2026/PMSR-M12-SWE-V-TUN.pdf,2026-07-08T13:35:15.920526+00:00
20260012,Sweden,17,Viktor GYOKERES,10600.4,4672.5,3843.5,1130.8,535.6,418.0,89.0,43.0,32.4,fifa_training_centre_pmsr_pdf,https://www.fifatrainingcentre.com/media/native/tournaments/fifa-world-cup/2026/PMSR-M12-SWE-V-TUN.pdf,2026-07-08T13:35:15.920526+00:00
20260012,Sweden,18,Yasin AYARI,10851.6,4273.7,4378.2,1562.8,519.2,117.6,121.0,29.0,29.3,fifa_training_centre_pmsr_pdf,https://www.fifatrainingcentre.com/media/native/tournaments/fifa-world-cup/2026/PMSR-M12-SWE-V-TUN.pdf,2026-07-08T13:35:15.920526+00:00
20260012,Sweden,21,Alexander BERNHARDSSON,10123.0,3820.7,4190.2,1299.4,610.4,202.3,97.0,36.0,30.6,fifa_training_centre_pmsr_pdf,https://www.fifatrainingcentre.com/media/native/tournaments/fifa-world-cup/2026/PMSR-M12-SWE-V-TUN.pdf,2026-07-08T13:35:15.920526+00:00
20260012,Sweden,7,Lucas BERGVALL,3785.2,1336.1,1488.0,605.2,249.6,106.2,48.0,16.0,30.4,fifa_training_centre_pmsr_pdf,https://www.fifatrainingcentre.com/media/native/tournaments/fifa-world-cup/2026/PMSR-M12-SWE-V-TUN.pdf,2026-07-08T13:35:15.920526+00:00
20260012,Sweden,8,Daniel SVENSSON,885.8,278.8,366.1,136.0,70.9,33.9,15.0,6.0,29.6,fifa_training_centre_pmsr_pdf,https://www.fifatrainingcentre.com/media/native/tournaments/fifa-world-cup/2026/PMSR-M12-SWE-V-TUN.pdf,2026-07-08T13:35:15.920526+00:00
20260012,Sweden,11,Anthony ELANGA,680.6,261.2,247.3,95.2,34.2,42.7,7.0,4.0,31.1,fifa_training_centre_pmsr_pdf,https://www.fifatrainingcentre.com/media/native/tournaments/fifa-world-cup/2026/PMSR-M12-SWE-V-TUN.pdf,2026-07-08T13:35:15.920526+00:00
20260012,Sweden,19,Mattias SVANBERG,1553.5,488.1,615.3,316.7,125.5,7.9,25.0,9.0,26.4,fifa_training_centre_pmsr_pdf,https://www.fifatrainingcentre.com/media/native/tournaments/fifa-world-cup/2026/PMSR-M12-SWE-V-TUN.pdf,2026-07-08T13:35:15.920526+00:00
20260012,Sweden,24,Elliot STROUD,3541.0,1295.8,1272.5,542.4,288.1,142.1,42.0,15.0,32.8,fifa_training_centre_pmsr_pdf,https://www.fifatrainingcentre.com/media/native/tournaments/fifa-world-cup/2026/PMSR-M12-SWE-V-TUN.pdf,2026-07-08T13:35:15.920526+00:00
20260012,Tunisia,1,Mouhib CHAMAKH,3891.4,3334.9,512.2,40.1,4.2,0.0,4.0,0.0,21.3,fifa_training_centre_pmsr_pdf,https://www.fifatrainingcentre.com/media/native/tournaments/fifa-world-cup/2026/PMSR-M12-SWE-V-TUN.pdf,2026-07-08T13:35:15.920526+00:00
20260012,Tunisia,2,Ali ABDI,10127.6,4200.5,3612.2,1218.4,765.3,331.2,105.0,56.0,33.9,fifa_training_centre_pmsr_pdf,https://www.fifatrainingcentre.com/media/native/tournaments/fifa-world-cup/2026/PMSR-M12-SWE-V-TUN.pdf,2026-07-08T13:35:15.920526+00:00
20260012,Tunisia,3,Montassar TALBI,9837.4,3990.4,4206.1,937.1,439.1,264.8,83.0,31.0,30.4,fifa_training_centre_pmsr_pdf,https://www.fifatrainingcentre.com/media/native/tournaments/fifa-world-cup/2026/PMSR-M12-SWE-V-TUN.pdf,2026-07-08T13:35:15.920526+00:00
20260012,Tunisia,4,Omar REKIK,9873.2,4218.0,3934.0,1070.7,410.1,240.5,97.0,33.0,30.7,fifa_training_centre_pmsr_pdf,https://www.fifatrainingcentre.com/media/native/tournaments/fifa-world-cup/2026/PMSR-M12-SWE-V-TUN.pdf,2026-07-08T13:35:15.920526+00:00
20260012,Tunisia,8,Elias SAAD,9259.7,2621.3,4315.9,1307.4,780.3,235.0,120.0,56.0,32.1,fifa_training_centre_pmsr_pdf,https://www.fifatrainingcentre.com/media/native/tournaments/fifa-world-cup/2026/PMSR-M12-SWE-V-TUN.pdf,2026-07-08T13:35:15.920526+00:00
20260012,Tunisia,10,Hannibal MEJBRI,10377.8,3980.2,4707.7,1204.5,322.6,162.9,103.0,25.0,31.7,fifa_training_centre_pmsr_pdf,https://www.fifatrainingcentre.com/media/native/tournaments/fifa-world-cup/2026/PMSR-M12-SWE-V-TUN.pdf,2026-07-08T13:35:15.920526+00:00
20260012,Tunisia,13,Rani KHEDIRA,9488.8,3355.1,4113.4,1439.6,550.1,30.6,111.0,28.0,26.4,fifa_training_centre_pmsr_pdf,https://www.fifatrainingcentre.com/media/native/tournaments/fifa-world-cup/2026/PMSR-M12-SWE-V-TUN.pdf,2026-07-08T13:35:15.920526+00:00
20260012,Tunisia,17,Ellyes SKHIRI,8806.3,2956.3,4316.5,1184.0,272.6,77.0,99.0,17.0,28.3,fifa_training_centre_pmsr_pdf,https://www.fifatrainingcentre.com/media/native/tournaments/fifa-world-cup/2026/PMSR-M12-SWE-V-TUN.pdf,2026-07-08T13:35:15.920526+00:00
20260012,Tunisia,20,Yan VALERY,7845.6,3001.5,2990.4,1079.3,547.8,226.5,82.0,44.0,31.0,fifa_training_centre_pmsr_pdf,https://www.fifatrainingcentre.com/media/native/tournaments/fifa-world-cup/2026/PMSR-M12-SWE-V-TUN.pdf,2026-07-08T13:35:15.920526+00:00
20260012,Tunisia,21,Mohamed Amine BEN HMIDA,9831.0,4349.0,3749.8,1061.8,510.7,159.7,91.0,38.0,32.2,fifa_training_centre_pmsr_pdf,https://www.fifatrainingcentre.com/media/native/tournaments/fifa-world-cup/2026/PMSR-M12-SWE-V-TUN.pdf,2026-07-08T13:35:15.920526+00:00
20260012,Tunisia,25,Anis SLIMANE,10141.1,3103.2,4927.4,1437.8,585.0,87.8,126.0,41.0,28.5,fifa_training_centre_pmsr_pdf,https://www.fifatrainingcentre.com/media/native/tournaments/fifa-world-cup/2026/PMSR-M12-SWE-V-TUN.pdf,2026-07-08T13:35:15.920526+00:00
20260012,Tunisia,7,Elias ACHOURI,2749.0,1191.8,919.5,351.5,219.0,67.2,28.0,17.0,30.3,fifa_training_centre_pmsr_pdf,https://www.fifatrainingcentre.com/media/native/tournaments/fifa-world-cup/2026/PMSR-M12-SWE-V-TUN.pdf,2026-07-08T13:35:15.920526+00:00
20260012,Tunisia,11,Ismael GHARBI,1364.9,455.1,469.7,305.8,88.9,45.4,19.0,8.0,27.5,fifa_training_centre_pmsr_pdf,https://www.fifatrainingcentre.com/media/native/tournaments/fifa-world-cup/2026/PMSR-M12-SWE-V-TUN.pdf,2026-07-08T13:35:15.920526+00:00
20260012,Tunisia,15,Mohamed HADJ MAHMOUD,2556.5,973.8,899.0,383.5,200.6,99.7,30.0,18.0,31.0,fifa_training_centre_pmsr_pdf,https://www.fifatrainingcentre.com/media/native/tournaments/fifa-world-cup/2026/PMSR-M12-SWE-V-TUN.pdf,2026-07-08T13:35:15.920526+00:00
20260012,Tunisia,19,Firas CHAOUAT,1187.3,439.5,460.7,167.4,68.3,51.5,11.0,6.0,31.6,fifa_training_centre_pmsr_pdf,https://www.fifatrainingcentre.com/media/native/tournaments/fifa-world-cup/2026/PMSR-M12-SWE-V-TUN.pdf,2026-07-08T13:35:15.920526+00:00
20260012,Tunisia,26,Sebastian TOUNEKTI,2384.7,1099.5,709.7,376.8,182.8,15.9,29.0,13.0,27.2,fifa_training_centre_pmsr_pdf,https://www.fifatrainingcentre.com/media/native/tournaments/fifa-world-cup/2026/PMSR-M12-SWE-V-TUN.pdf,2026-07-08T13:35:15.920526+00:00
20260013,Saudi Arabia,21,MOHAMMED ALOWAIS,3810.5,3326.2,478.6,5.7,0.0,0.0,1.0,0.0,18.5,fifa_training_centre_pmsr_pdf,https://www.fifatrainingcentre.com/media/native/tournaments/fifa-world-cup/2026/PMSR-M13-KSA-V-URU.pdf,2026-07-08T13:35:15.920526+00:00
20260013,Saudi Arabia,4,ABDULELAH ALAMRI,8961.7,4576.4,3319.4,780.5,233.4,52.1,67.0,19.0,28.8,fifa_training_centre_pmsr_pdf,https://www.fifatrainingcentre.com/media/native/tournaments/fifa-world-cup/2026/PMSR-M13-KSA-V-URU.pdf,2026-07-08T13:35:15.920526+00:00
20260013,Saudi Arabia,5,HASSAN ALTAMBAKTI,9771.0,3982.0,4511.8,980.0,206.0,91.2,92.0,18.0,30.8,fifa_training_centre_pmsr_pdf,https://www.fifatrainingcentre.com/media/native/tournaments/fifa-world-cup/2026/PMSR-M13-KSA-V-URU.pdf,2026-07-08T13:35:15.920526+00:00
20260013,Saudi Arabia,7,MUSAB ALJUWAYR,8096.6,2639.8,3737.9,1271.4,381.8,65.7,119.0,25.0,26.5,fifa_training_centre_pmsr_pdf,https://www.fifatrainingcentre.com/media/native/tournaments/fifa-world-cup/2026/PMSR-M13-KSA-V-URU.pdf,2026-07-08T13:35:15.920526+00:00
20260013,Saudi Arabia,9,FERAS ALBRIKAN,10197.0,3876.1,4743.0,1144.8,374.7,58.4,104.0,31.0,28.6,fifa_training_centre_pmsr_pdf,https://www.fifatrainingcentre.com/media/native/tournaments/fifa-world-cup/2026/PMSR-M13-KSA-V-URU.pdf,2026-07-08T13:35:15.920526+00:00
20260013,Saudi Arabia,10,SALEM ALDAWSARI,10726.7,4353.0,3947.2,1555.2,658.3,213.0,140.0,54.0,32.9,fifa_training_centre_pmsr_pdf,https://www.fifatrainingcentre.com/media/native/tournaments/fifa-world-cup/2026/PMSR-M13-KSA-V-URU.pdf,2026-07-08T13:35:15.920526+00:00
20260013,Saudi Arabia,12,SAUD ABDULHAMID,9020.5,3852.7,3623.8,894.2,438.5,211.2,82.0,40.0,31.6,fifa_training_centre_pmsr_pdf,https://www.fifatrainingcentre.com/media/native/tournaments/fifa-world-cup/2026/PMSR-M13-KSA-V-URU.pdf,2026-07-08T13:35:15.920526+00:00
20260013,Saudi Arabia,15,ABDULLAH ALKHAIBARI,11274.6,3512.1,5834.0,1541.6,354.5,32.3,144.0,30.0,27.8,fifa_training_centre_pmsr_pdf,https://www.fifatrainingcentre.com/media/native/tournaments/fifa-world-cup/2026/PMSR-M13-KSA-V-URU.pdf,2026-07-08T13:35:15.920526+00:00
20260013,Saudi Arabia,23,MOHAMED KANNO,9830.7,4569.5,3768.5,1133.5,252.2,107.0,103.0,21.0,31.8,fifa_training_centre_pmsr_pdf,https://www.fifatrainingcentre.com/media/native/tournaments/fifa-world-cup/2026/PMSR-M13-KSA-V-URU.pdf,2026-07-08T13:35:15.920526+00:00
20260013,Saudi Arabia,24,MOTEB ALHARBI,10120.5,3980.1,4168.1,1199.4,518.3,254.7,108.0,41.0,33.8,fifa_training_centre_pmsr_pdf,https://www.fifatrainingcentre.com/media/native/tournaments/fifa-world-cup/2026/PMSR-M13-KSA-V-URU.pdf,2026-07-08T13:35:15.920526+00:00
20260013,Saudi Arabia,26,MOHAMMED ABU ALSHAMAT,9476.2,3411.9,4161.9,1201.8,539.9,160.6,103.0,46.0,31.2,fifa_training_centre_pmsr_pdf,https://www.fifatrainingcentre.com/media/native/tournaments/fifa-world-cup/2026/PMSR-M13-KSA-V-URU.pdf,2026-07-08T13:35:15.920526+00:00
20260013,Saudi Arabia,3,ALI LAJAMI,609.7,236.5,253.6,60.5,56.1,3.0,6.0,4.0,25.8,fifa_training_centre_pmsr_pdf,https://www.fifatrainingcentre.com/media/native/tournaments/fifa-world-cup/2026/PMSR-M13-KSA-V-URU.pdf,2026-07-08T13:35:15.920526+00:00
20260013,Saudi Arabia,6,NASSER ALDAWSARI,3903.1,1231.4,1651.8,737.8,231.7,50.4,62.0,21.0,30.2,fifa_training_centre_pmsr_pdf,https://www.fifatrainingcentre.com/media/native/tournaments/fifa-world-cup/2026/PMSR-M13-KSA-V-URU.pdf,2026-07-08T13:35:15.920526+00:00
20260013,Saudi Arabia,13,NAWAF BU WASHL,2030.3,636.9,896.3,282.4,166.4,48.4,23.0,17.0,30.0,fifa_training_centre_pmsr_pdf,https://www.fifatrainingcentre.com/media/native/tournaments/fifa-world-cup/2026/PMSR-M13-KSA-V-URU.pdf,2026-07-08T13:35:15.920526+00:00
20260013,Saudi Arabia,18,ALA ALHAJJI,796.2,190.5,353.5,161.1,80.5,10.6,15.0,5.0,25.6,fifa_training_centre_pmsr_pdf,https://www.fifatrainingcentre.com/media/native/tournaments/fifa-world-cup/2026/PMSR-M13-KSA-V-URU.pdf,2026-07-08T13:35:15.920526+00:00
20260013,Saudi Arabia,19,ABDULLAH ALHAMDDAN,912.0,189.2,309.9,171.9,168.9,72.1,14.0,12.0,29.7,fifa_training_centre_pmsr_pdf,https://www.fifatrainingcentre.com/media/native/tournaments/fifa-world-cup/2026/PMSR-M13-KSA-V-URU.pdf,2026-07-08T13:35:15.920526+00:00
20260013,Uruguay,23,Fernando MUSLERA,4347.5,3563.5,660.6,84.9,21.8,16.8,10.0,3.0,29.7,fifa_training_centre_pmsr_pdf,https://www.fifatrainingcentre.com/media/native/tournaments/fifa-world-cup/2026/PMSR-M13-KSA-V-URU.pdf,2026-07-08T13:35:15.920526+00:00
20260013,Uruguay,3,Sebastian CACERES,10017.5,4426.5,3976.6,1120.6,341.0,152.9,88.0,28.0,32.4,fifa_training_centre_pmsr_pdf,https://www.fifatrainingcentre.com/media/native/tournaments/fifa-world-cup/2026/PMSR-M13-KSA-V-URU.pdf,2026-07-08T13:35:15.920526+00:00
20260013,Uruguay,5,Manuel UGARTE,8237.5,3010.4,3855.0,972.5,307.4,92.1,96.0,24.0,31.8,fifa_training_centre_pmsr_pdf,https://www.fifatrainingcentre.com/media/native/tournaments/fifa-world-cup/2026/PMSR-M13-KSA-V-URU.pdf,2026-07-08T13:35:15.920526+00:00
20260013,Uruguay,6,Rodrigo BENTANCUR,11131.6,4926.1,4501.2,1158.8,436.8,108.6,107.0,32.0,30.4,fifa_training_centre_pmsr_pdf,https://www.fifatrainingcentre.com/media/native/tournaments/fifa-world-cup/2026/PMSR-M13-KSA-V-URU.pdf,2026-07-08T13:35:15.920526+00:00
20260013,Uruguay,8,Federico VALVERDE,9404.5,4090.9,3936.8,874.0,372.4,130.4,75.0,36.0,33.3,fifa_training_centre_pmsr_pdf,https://www.fifatrainingcentre.com/media/native/tournaments/fifa-world-cup/2026/PMSR-M13-KSA-V-URU.pdf,2026-07-08T13:35:15.920526+00:00
20260013,Uruguay,9,Darwin NUNEZ,5130.9,2144.7,2040.1,560.8,257.6,127.7,46.0,21.0,34.6,fifa_training_centre_pmsr_pdf,https://www.fifatrainingcentre.com/media/native/tournaments/fifa-world-cup/2026/PMSR-M13-KSA-V-URU.pdf,2026-07-08T13:35:15.920526+00:00
20260013,Uruguay,13,Guillermo VARELA,11001.3,4255.8,4290.2,1429.0,741.2,285.1,123.0,59.0,33.3,fifa_training_centre_pmsr_pdf,https://www.fifatrainingcentre.com/media/native/tournaments/fifa-world-cup/2026/PMSR-M13-KSA-V-URU.pdf,2026-07-08T13:35:15.920526+00:00
20260013,Uruguay,16,Mathias OLIVERA,11757.1,4177.7,4964.9,2002.6,524.7,87.2,166.0,34.0,28.2,fifa_training_centre_pmsr_pdf,https://www.fifatrainingcentre.com/media/native/tournaments/fifa-world-cup/2026/PMSR-M13-KSA-V-URU.pdf,2026-07-08T13:35:15.920526+00:00
20260013,Uruguay,17,Matias VINA,5227.5,1902.4,2077.2,844.8,329.1,74.0,71.0,30.0,30.5,fifa_training_centre_pmsr_pdf,https://www.fifatrainingcentre.com/media/native/tournaments/fifa-world-cup/2026/PMSR-M13-KSA-V-URU.pdf,2026-07-08T13:35:15.920526+00:00
20260013,Uruguay,20,Maxi ARAUJO,8348.9,3463.9,3384.7,1004.9,338.7,156.6,89.0,28.0,32.4,fifa_training_centre_pmsr_pdf,https://www.fifatrainingcentre.com/media/native/tournaments/fifa-world-cup/2026/PMSR-M13-KSA-V-URU.pdf,2026-07-08T13:35:15.920526+00:00
20260013,Uruguay,21,Federico VINAS,9066.4,4389.0,3040.9,1063.4,369.4,203.7,93.0,39.0,31.0,fifa_training_centre_pmsr_pdf,https://www.fifatrainingcentre.com/media/native/tournaments/fifa-world-cup/2026/PMSR-M13-KSA-V-URU.pdf,2026-07-08T13:35:15.920526+00:00
20260013,Uruguay,7,Nicolas DE LA CRUZ,3035.6,1019.3,1264.2,499.2,230.7,22.2,44.0,16.0,27.7,fifa_training_centre_pmsr_pdf,https://www.fifatrainingcentre.com/media/native/tournaments/fifa-world-cup/2026/PMSR-M13-KSA-V-URU.pdf,2026-07-08T13:35:15.920526+00:00
20260013,Uruguay,14,Agustin CANOBBIO,5678.0,1789.4,2630.1,847.3,353.4,57.7,75.0,26.0,27.8,fifa_training_centre_pmsr_pdf,https://www.fifatrainingcentre.com/media/native/tournaments/fifa-world-cup/2026/PMSR-M13-KSA-V-URU.pdf,2026-07-08T13:35:15.920526+00:00
20260013,Uruguay,18,Brian RODRIGUEZ,1857.4,738.9,686.5,294.8,92.8,44.3,27.0,8.0,31.8,fifa_training_centre_pmsr_pdf,https://www.fifatrainingcentre.com/media/native/tournaments/fifa-world-cup/2026/PMSR-M13-KSA-V-URU.pdf,2026-07-08T13:35:15.920526+00:00
20260013,Uruguay,19,Rodrigo AGUIRRE,898.7,333.8,285.4,167.5,81.7,30.3,12.0,4.0,30.6,fifa_training_centre_pmsr_pdf,https://www.fifatrainingcentre.com/media/native/tournaments/fifa-world-cup/2026/PMSR-M13-KSA-V-URU.pdf,2026-07-08T13:35:15.920526+00:00
20260013,Uruguay,25,Juan Manuel SANABRIA,5774.7,2238.7,2111.2,805.9,386.8,232.1,60.0,28.0,32.6,fifa_training_centre_pmsr_pdf,https://www.fifatrainingcentre.com/media/native/tournaments/fifa-world-cup/2026/PMSR-M13-KSA-V-URU.pdf,2026-07-08T13:35:15.920526+00:00
20260014,Spain,23,Unai SIMON,5311.6,4209.7,836.5,178.6,84.5,2.1,20.0,9.0,25.2,fifa_training_centre_pmsr_pdf,https://www.fifatrainingcentre.com/media/native/tournaments/fifa-world-cup/2026/PMSR-M14-ESP-V-CPV.pdf,2026-07-08T13:35:15.920526+00:00
20260014,Spain,5,Marcos LLORENTE,10396.3,4295.6,4327.3,1050.3,461.5,261.6,95.0,41.0,32.6,fifa_training_centre_pmsr_pdf,https://www.fifatrainingcentre.com/media/native/tournaments/fifa-world-cup/2026/PMSR-M14-ESP-V-CPV.pdf,2026-07-08T13:35:15.920526+00:00
20260014,Spain,7,Ferran TORRES,8520.1,4060.0,3060.3,864.0,383.7,152.2,84.0,35.0,29.8,fifa_training_centre_pmsr_pdf,https://www.fifatrainingcentre.com/media/native/tournaments/fifa-world-cup/2026/PMSR-M14-ESP-V-CPV.pdf,2026-07-08T13:35:15.920526+00:00
20260014,Spain,8,Fabian RUIZ,8554.3,2946.0,4322.3,961.7,286.9,37.4,85.0,23.0,27.7,fifa_training_centre_pmsr_pdf,https://www.fifatrainingcentre.com/media/native/tournaments/fifa-world-cup/2026/PMSR-M14-ESP-V-CPV.pdf,2026-07-08T13:35:15.920526+00:00
20260014,Spain,9,GAVI,9228.9,2671.9,4851.6,1104.0,431.7,169.6,105.0,35.0,28.2,fifa_training_centre_pmsr_pdf,https://www.fifatrainingcentre.com/media/native/tournaments/fifa-world-cup/2026/PMSR-M14-ESP-V-CPV.pdf,2026-07-08T13:35:15.920526+00:00
20260014,Spain,14,Aymeric LAPORTE,10257.6,4582.9,4156.4,1061.2,350.2,106.9,95.0,27.0,30.9,fifa_training_centre_pmsr_pdf,https://www.fifatrainingcentre.com/media/native/tournaments/fifa-world-cup/2026/PMSR-M14-ESP-V-CPV.pdf,2026-07-08T13:35:15.920526+00:00
20260014,Spain,16,RODRI,10629.8,3704.0,5194.6,1382.3,325.3,23.5,121.0,22.0,29.0,fifa_training_centre_pmsr_pdf,https://www.fifatrainingcentre.com/media/native/tournaments/fifa-world-cup/2026/PMSR-M14-ESP-V-CPV.pdf,2026-07-08T13:35:15.920526+00:00
20260014,Spain,20,PEDRI,12626.4,3451.3,6751.9,1781.1,587.1,55.0,162.0,41.0,29.8,fifa_training_centre_pmsr_pdf,https://www.fifatrainingcentre.com/media/native/tournaments/fifa-world-cup/2026/PMSR-M14-ESP-V-CPV.pdf,2026-07-08T13:35:15.920526+00:00
20260014,Spain,21,Mikel OYARZABAL,9636.2,4217.5,3649.0,1191.8,472.6,105.3,107.0,38.0,31.5,fifa_training_centre_pmsr_pdf,https://www.fifatrainingcentre.com/media/native/tournaments/fifa-world-cup/2026/PMSR-M14-ESP-V-CPV.pdf,2026-07-08T13:35:15.920526+00:00
20260014,Spain,22,Pau CUBARSI,10737.2,4466.3,4788.8,888.5,455.1,138.4,76.0,33.0,31.0,fifa_training_centre_pmsr_pdf,https://www.fifatrainingcentre.com/media/native/tournaments/fifa-world-cup/2026/PMSR-M14-ESP-V-CPV.pdf,2026-07-08T13:35:15.920526+00:00
20260014,Spain,24,Marc CUCURELLA,11147.7,3954.5,5135.7,1268.5,642.9,146.2,109.0,49.0,28.6,fifa_training_centre_pmsr_pdf,https://www.fifatrainingcentre.com/media/native/tournaments/fifa-world-cup/2026/PMSR-M14-ESP-V-CPV.pdf,2026-07-08T13:35:15.920526+00:00
20260014,Spain,6,Mikel MERINO,3034.0,921.4,1381.5,509.5,157.8,63.8,45.0,11.0,30.5,fifa_training_centre_pmsr_pdf,https://www.fifatrainingcentre.com/media/native/tournaments/fifa-world-cup/2026/PMSR-M14-ESP-V-CPV.pdf,2026-07-08T13:35:15.920526+00:00
20260014,Spain,10,Dani OLMO,1762.1,488.3,807.7,300.8,104.7,60.6,27.0,10.0,27.6,fifa_training_centre_pmsr_pdf,https://www.fifatrainingcentre.com/media/native/tournaments/fifa-world-cup/2026/PMSR-M14-ESP-V-CPV.pdf,2026-07-08T13:35:15.920526+00:00
20260014,Spain,17,Nico WILLIAMS,1114.7,306.1,363.5,204.9,138.8,101.4,16.0,11.0,32.4,fifa_training_centre_pmsr_pdf,https://www.fifatrainingcentre.com/media/native/tournaments/fifa-world-cup/2026/PMSR-M14-ESP-V-CPV.pdf,2026-07-08T13:35:15.920526+00:00
20260014,Spain,19,Lamine YAMAL,2513.4,1133.3,968.4,298.4,87.8,25.5,23.0,6.0,29.0,fifa_training_centre_pmsr_pdf,https://www.fifatrainingcentre.com/media/native/tournaments/fifa-world-cup/2026/PMSR-M14-ESP-V-CPV.pdf,2026-07-08T13:35:15.920526+00:00
20260014,Cabo Verde,1,VOZINHA,4821.0,3814.1,863.8,125.3,16.3,1.4,16.0,1.0,25.1,fifa_training_centre_pmsr_pdf,https://www.fifatrainingcentre.com/media/native/tournaments/fifa-world-cup/2026/PMSR-M14-ESP-V-CPV.pdf,2026-07-08T13:35:15.920526+00:00
20260014,Cabo Verde,3,DINEY BORGES,10203.2,4052.0,4767.3,1058.1,199.9,126.0,95.0,21.0,30.1,fifa_training_centre_pmsr_pdf,https://www.fifatrainingcentre.com/media/native/tournaments/fifa-world-cup/2026/PMSR-M14-ESP-V-CPV.pdf,2026-07-08T13:35:15.920526+00:00
20260014,Cabo Verde,4,PICO LOPES,9707.8,3881.4,4754.2,818.2,203.4,50.5,83.0,17.0,32.5,fifa_training_centre_pmsr_pdf,https://www.fifatrainingcentre.com/media/native/tournaments/fifa-world-cup/2026/PMSR-M14-ESP-V-CPV.pdf,2026-07-08T13:35:15.920526+00:00
20260014,Cabo Verde,6,KEVIN PINA,10639.8,3466.9,5579.0,1154.7,331.4,107.9,91.0,24.0,28.4,fifa_training_centre_pmsr_pdf,https://www.fifatrainingcentre.com/media/native/tournaments/fifa-world-cup/2026/PMSR-M14-ESP-V-CPV.pdf,2026-07-08T13:35:15.920526+00:00
20260014,Cabo Verde,7,JOVANE CABRAL,6563.2,2773.9,2347.2,953.4,398.8,90.0,95.0,31.0,28.9,fifa_training_centre_pmsr_pdf,https://www.fifatrainingcentre.com/media/native/tournaments/fifa-world-cup/2026/PMSR-M14-ESP-V-CPV.pdf,2026-07-08T13:35:15.920526+00:00
20260014,Cabo Verde,10,JAMIRO MONTEIRO,9088.3,3292.4,4444.7,986.0,320.5,44.8,90.0,27.0,27.8,fifa_training_centre_pmsr_pdf,https://www.fifatrainingcentre.com/media/native/tournaments/fifa-world-cup/2026/PMSR-M14-ESP-V-CPV.pdf,2026-07-08T13:35:15.920526+00:00
20260014,Cabo Verde,13,SIDNY LOPES CABRAL,8236.0,3022.3,3801.2,857.3,370.1,185.0,72.0,32.0,32.2,fifa_training_centre_pmsr_pdf,https://www.fifatrainingcentre.com/media/native/tournaments/fifa-world-cup/2026/PMSR-M14-ESP-V-CPV.pdf,2026-07-08T13:35:15.920526+00:00
20260014,Cabo Verde,15,LAROS DUARTE,7536.6,2253.1,4187.1,849.9,243.8,2.7,78.0,19.0,25.6,fifa_training_centre_pmsr_pdf,https://www.fifatrainingcentre.com/media/native/tournaments/fifa-world-cup/2026/PMSR-M14-ESP-V-CPV.pdf,2026-07-08T13:35:15.920526+00:00
20260014,Cabo Verde,19,DAILON LIVRAMENTO,8264.9,2478.4,4250.5,988.3,330.9,216.8,83.0,34.0,33.6,fifa_training_centre_pmsr_pdf,https://www.fifatrainingcentre.com/media/native/tournaments/fifa-world-cup/2026/PMSR-M14-ESP-V-CPV.pdf,2026-07-08T13:35:15.920526+00:00
20260014,Cabo Verde,20,RYAN MENDES,11053.2,3973.4,4753.7,1446.6,603.5,276.0,125.0,44.0,32.4,fifa_training_centre_pmsr_pdf,https://www.fifatrainingcentre.com/media/native/tournaments/fifa-world-cup/2026/PMSR-M14-ESP-V-CPV.pdf,2026-07-08T13:35:15.920526+00:00
20260014,Cabo Verde,22,STEVEN MOREIRA,10518.3,3892.5,5054.2,1122.9,344.8,103.9,101.0,31.0,31.7,fifa_training_centre_pmsr_pdf,https://www.fifatrainingcentre.com/media/native/tournaments/fifa-world-cup/2026/PMSR-M14-ESP-V-CPV.pdf,2026-07-08T13:35:15.920526+00:00
20260014,Cabo Verde,8,JOAO PAULO,2192.2,811.3,945.5,248.0,156.6,30.8,18.0,10.0,28.9,fifa_training_centre_pmsr_pdf,https://www.fifatrainingcentre.com/media/native/tournaments/fifa-world-cup/2026/PMSR-M14-ESP-V-CPV.pdf,2026-07-08T13:35:15.920526+00:00
20260014,Cabo Verde,14,DEROY DUARTE,3899.6,1245.5,1907.8,515.7,148.5,82.1,43.0,12.0,30.3,fifa_training_centre_pmsr_pdf,https://www.fifatrainingcentre.com/media/native/tournaments/fifa-world-cup/2026/PMSR-M14-ESP-V-CPV.pdf,2026-07-08T13:35:15.920526+00:00
20260014,Cabo Verde,17,WILLY SEMEDO,4115.5,1308.4,1941.1,477.5,271.0,117.6,39.0,18.0,29.0,fifa_training_centre_pmsr_pdf,https://www.fifatrainingcentre.com/media/native/tournaments/fifa-world-cup/2026/PMSR-M14-ESP-V-CPV.pdf,2026-07-08T13:35:15.920526+00:00
20260014,Cabo Verde,18,TELMO ARCANJO,1903.5,573.2,799.7,265.2,165.4,100.0,26.0,11.0,31.7,fifa_training_centre_pmsr_pdf,https://www.fifatrainingcentre.com/media/native/tournaments/fifa-world-cup/2026/PMSR-M14-ESP-V-CPV.pdf,2026-07-08T13:35:15.920526+00:00
20260014,Cabo Verde,21,NUNO DA COSTA,3629.5,1286.6,1791.4,365.2,142.8,43.5,29.0,10.0,28.8,fifa_training_centre_pmsr_pdf,https://www.fifatrainingcentre.com/media/native/tournaments/fifa-world-cup/2026/PMSR-M14-ESP-V-CPV.pdf,2026-07-08T13:35:15.920526+00:00
20260015,IR Iran,1,Alireza BEIRANVAND,4368.8,3835.6,453.2,80.0,0.0,0.0,10.0,0.0,19.5,fifa_training_centre_pmsr_pdf,https://www.fifatrainingcentre.com/media/native/tournaments/fifa-world-cup/2026/PMSR-M15-IRN-V-NZL.pdf,2026-07-08T13:35:15.920526+00:00
20260015,IR Iran,4,Shoja KHALILZADEH,9579.6,4451.2,3822.9,996.0,247.7,61.9,101.0,25.0,31.3,fifa_training_centre_pmsr_pdf,https://www.fifatrainingcentre.com/media/native/tournaments/fifa-world-cup/2026/PMSR-M15-IRN-V-NZL.pdf,2026-07-08T13:35:15.920526+00:00
20260015,IR Iran,5,Milad MOHAMMADI,11182.8,3985.4,4600.9,1534.7,803.9,257.8,127.0,55.0,30.7,fifa_training_centre_pmsr_pdf,https://www.fifatrainingcentre.com/media/native/tournaments/fifa-world-cup/2026/PMSR-M15-IRN-V-NZL.pdf,2026-07-08T13:35:15.920526+00:00
20260015,IR Iran,6,Saeid EZATOLAHI,11172.6,4179.0,4972.0,1618.6,377.6,25.4,142.0,27.0,26.7,fifa_training_centre_pmsr_pdf,https://www.fifatrainingcentre.com/media/native/tournaments/fifa-world-cup/2026/PMSR-M15-IRN-V-NZL.pdf,2026-07-08T13:35:15.920526+00:00
20260015,IR Iran,8,Mohammad MOHEBBI,11050.2,4389.0,3324.2,2135.4,798.9,402.7,155.0,54.0,32.3,fifa_training_centre_pmsr_pdf,https://www.fifatrainingcentre.com/media/native/tournaments/fifa-world-cup/2026/PMSR-M15-IRN-V-NZL.pdf,2026-07-08T13:35:15.920526+00:00
20260015,IR Iran,9,Mehdi TAREMI,9139.3,3318.4,3807.5,1216.5,537.8,259.0,104.0,41.0,32.6,fifa_training_centre_pmsr_pdf,https://www.fifatrainingcentre.com/media/native/tournaments/fifa-world-cup/2026/PMSR-M15-IRN-V-NZL.pdf,2026-07-08T13:35:15.920526+00:00
20260015,IR Iran,14,Saman GHODDOS,8026.8,2431.9,3719.2,1324.2,444.6,107.0,106.0,33.0,28.8,fifa_training_centre_pmsr_pdf,https://www.fifatrainingcentre.com/media/native/tournaments/fifa-world-cup/2026/PMSR-M15-IRN-V-NZL.pdf,2026-07-08T13:35:15.920526+00:00
20260015,IR Iran,17,Arya YOUSEFI,5813.3,1962.9,2347.1,980.3,431.9,91.1,84.0,31.0,30.6,fifa_training_centre_pmsr_pdf,https://www.fifatrainingcentre.com/media/native/tournaments/fifa-world-cup/2026/PMSR-M15-IRN-V-NZL.pdf,2026-07-08T13:35:15.920526+00:00
20260015,IR Iran,19,Ali NEMATI,10254.4,4290.4,4048.4,1401.6,389.1,124.9,118.0,32.0,30.1,fifa_training_centre_pmsr_pdf,https://www.fifatrainingcentre.com/media/native/tournaments/fifa-world-cup/2026/PMSR-M15-IRN-V-NZL.pdf,2026-07-08T13:35:15.920526+00:00
20260015,IR Iran,20,Shahriyar MOGHANLOO,6284.0,2364.0,2564.0,880.2,364.3,111.5,77.0,24.0,28.1,fifa_training_centre_pmsr_pdf,https://www.fifatrainingcentre.com/media/native/tournaments/fifa-world-cup/2026/PMSR-M15-IRN-V-NZL.pdf,2026-07-08T13:35:15.920526+00:00
20260015,IR Iran,23,Ramin REZAEIAN,11475.0,4013.6,4723.1,1743.7,736.9,257.7,136.0,53.0,30.4,fifa_training_centre_pmsr_pdf,https://www.fifatrainingcentre.com/media/native/tournaments/fifa-world-cup/2026/PMSR-M15-IRN-V-NZL.pdf,2026-07-08T13:35:15.920526+00:00
20260015,IR Iran,3,Ehsan HAJISAFI,3421.6,1227.5,1439.0,481.9,224.0,49.2,41.0,15.0,26.6,fifa_training_centre_pmsr_pdf,https://www.fifatrainingcentre.com/media/native/tournaments/fifa-world-cup/2026/PMSR-M15-IRN-V-NZL.pdf,2026-07-08T13:35:15.920526+00:00
20260015,IR Iran,10,Mehdi GHAYEDI,4683.2,1961.9,1649.6,624.5,287.8,159.4,50.0,24.0,30.2,fifa_training_centre_pmsr_pdf,https://www.fifatrainingcentre.com/media/native/tournaments/fifa-world-cup/2026/PMSR-M15-IRN-V-NZL.pdf,2026-07-08T13:35:15.920526+00:00
20260015,IR Iran,11,Ali ALIPOUR,4655.7,1651.0,1981.4,601.7,328.4,93.3,51.0,27.0,29.9,fifa_training_centre_pmsr_pdf,https://www.fifatrainingcentre.com/media/native/tournaments/fifa-world-cup/2026/PMSR-M15-IRN-V-NZL.pdf,2026-07-08T13:35:15.920526+00:00
20260015,IR Iran,18,Amirhossein HOSSEINZADEH,1911.9,565.7,858.1,272.6,155.7,59.8,23.0,9.0,29.0,fifa_training_centre_pmsr_pdf,https://www.fifatrainingcentre.com/media/native/tournaments/fifa-world-cup/2026/PMSR-M15-IRN-V-NZL.pdf,2026-07-08T13:35:15.920526+00:00
20260015,New Zealand,1,Max CROCOMBE,4236.9,3342.9,786.3,90.8,16.9,0.0,7.0,2.0,24.0,fifa_training_centre_pmsr_pdf,https://www.fifatrainingcentre.com/media/native/tournaments/fifa-world-cup/2026/PMSR-M15-IRN-V-NZL.pdf,2026-07-08T13:35:15.920526+00:00
20260015,New Zealand,2,Tim PAYNE,8310.2,3296.6,3125.1,1017.3,578.2,292.9,90.0,42.0,30.5,fifa_training_centre_pmsr_pdf,https://www.fifatrainingcentre.com/media/native/tournaments/fifa-world-cup/2026/PMSR-M15-IRN-V-NZL.pdf,2026-07-08T13:35:15.920526+00:00
20260015,New Zealand,5,Michael BOXALL,9279.4,3876.6,3881.0,1001.1,375.8,144.9,77.0,28.0,29.9,fifa_training_centre_pmsr_pdf,https://www.fifatrainingcentre.com/media/native/tournaments/fifa-world-cup/2026/PMSR-M15-IRN-V-NZL.pdf,2026-07-08T13:35:15.920526+00:00
20260015,New Zealand,6,Joe BELL,11525.2,3781.4,5129.3,1846.9,628.5,139.2,155.0,41.0,28.7,fifa_training_centre_pmsr_pdf,https://www.fifatrainingcentre.com/media/native/tournaments/fifa-world-cup/2026/PMSR-M15-IRN-V-NZL.pdf,2026-07-08T13:35:15.920526+00:00
20260015,New Zealand,8,Marko STAMENIC,10496.0,3890.5,4381.9,1320.9,633.9,268.8,115.0,42.0,32.3,fifa_training_centre_pmsr_pdf,https://www.fifatrainingcentre.com/media/native/tournaments/fifa-world-cup/2026/PMSR-M15-IRN-V-NZL.pdf,2026-07-08T13:35:15.920526+00:00
20260015,New Zealand,9,Chris WOOD,10232.8,4353.0,4030.3,1236.9,532.6,80.0,110.0,41.0,30.6,fifa_training_centre_pmsr_pdf,https://www.fifatrainingcentre.com/media/native/tournaments/fifa-world-cup/2026/PMSR-M15-IRN-V-NZL.pdf,2026-07-08T13:35:15.920526+00:00
20260015,New Zealand,10,Sarpreet SINGH,11363.8,3549.2,5398.8,1553.9,692.6,169.4,140.0,51.0,30.6,fifa_training_centre_pmsr_pdf,https://www.fifatrainingcentre.com/media/native/tournaments/fifa-world-cup/2026/PMSR-M15-IRN-V-NZL.pdf,2026-07-08T13:35:15.920526+00:00
20260015,New Zealand,11,Elijah JUST,11395.7,3790.6,4523.8,1850.0,873.7,357.7,161.0,70.0,31.4,fifa_training_centre_pmsr_pdf,https://www.fifatrainingcentre.com/media/native/tournaments/fifa-world-cup/2026/PMSR-M15-IRN-V-NZL.pdf,2026-07-08T13:35:15.920526+00:00
20260015,New Zealand,13,Liberato CACACE,8371.4,2712.8,3563.3,1356.3,597.7,141.3,113.0,39.0,28.5,fifa_training_centre_pmsr_pdf,https://www.fifatrainingcentre.com/media/native/tournaments/fifa-world-cup/2026/PMSR-M15-IRN-V-NZL.pdf,2026-07-08T13:35:15.920526+00:00
20260015,New Zealand,16,Finn SURMAN,9967.6,3895.7,4519.1,972.0,402.4,178.4,86.0,29.0,31.7,fifa_training_centre_pmsr_pdf,https://www.fifatrainingcentre.com/media/native/tournaments/fifa-world-cup/2026/PMSR-M15-IRN-V-NZL.pdf,2026-07-08T13:35:15.920526+00:00
20260015,New Zealand,20,Callum McCOWATT,8513.4,3035.9,3308.9,1342.5,612.4,213.7,131.0,42.0,31.1,fifa_training_centre_pmsr_pdf,https://www.fifatrainingcentre.com/media/native/tournaments/fifa-world-cup/2026/PMSR-M15-IRN-V-NZL.pdf,2026-07-08T13:35:15.920526+00:00
20260015,New Zealand,4,Tyler BINDON,501.7,133.8,184.5,92.8,85.7,5.0,9.0,5.0,25.7,fifa_training_centre_pmsr_pdf,https://www.fifatrainingcentre.com/media/native/tournaments/fifa-world-cup/2026/PMSR-M15-IRN-V-NZL.pdf,2026-07-08T13:35:15.920526+00:00
20260015,New Zealand,19,Ben OLD,2817.9,1220.9,934.1,377.9,156.9,128.0,32.0,15.0,32.4,fifa_training_centre_pmsr_pdf,https://www.fifatrainingcentre.com/media/native/tournaments/fifa-world-cup/2026/PMSR-M15-IRN-V-NZL.pdf,2026-07-08T13:35:15.920526+00:00
20260015,New Zealand,21,Jesse RANDALL,664.5,130.4,244.4,163.2,82.7,43.8,14.0,6.0,31.7,fifa_training_centre_pmsr_pdf,https://www.fifatrainingcentre.com/media/native/tournaments/fifa-world-cup/2026/PMSR-M15-IRN-V-NZL.pdf,2026-07-08T13:35:15.920526+00:00
20260015,New Zealand,23,Ryan THOMAS,3350.4,1138.7,1353.8,610.4,198.5,48.9,51.0,14.0,28.3,fifa_training_centre_pmsr_pdf,https://www.fifatrainingcentre.com/media/native/tournaments/fifa-world-cup/2026/PMSR-M15-IRN-V-NZL.pdf,2026-07-08T13:35:15.920526+00:00
20260015,New Zealand,24,Callan ELLIOT,1875.7,745.4,818.0,176.6,86.3,49.5,19.0,8.0,30.9,fifa_training_centre_pmsr_pdf,https://www.fifatrainingcentre.com/media/native/tournaments/fifa-world-cup/2026/PMSR-M15-IRN-V-NZL.pdf,2026-07-08T13:35:15.920526+00:00
20260016,Belgium,1,Thibaut COURTOIS,4379.7,3532.5,682.5,126.5,32.0,6.1,11.0,3.0,26.6,fifa_training_centre_pmsr_pdf,https://www.fifatrainingcentre.com/media/native/tournaments/fifa-world-cup/2026/PMSR-M16-BEL-V-EGY.pdf,2026-07-08T13:35:15.920526+00:00
20260016,Belgium,4,Brandon MECHELE,10631.4,3595.5,4683.1,1499.0,649.4,204.3,121.0,46.0,30.8,fifa_training_centre_pmsr_pdf,https://www.fifatrainingcentre.com/media/native/tournaments/fifa-world-cup/2026/PMSR-M16-BEL-V-EGY.pdf,2026-07-08T13:35:15.920526+00:00
20260016,Belgium,7,Kevin DE BRUYNE,10138.8,3536.6,4075.0,1755.0,618.5,153.6,133.0,48.0,31.0,fifa_training_centre_pmsr_pdf,https://www.fifatrainingcentre.com/media/native/tournaments/fifa-world-cup/2026/PMSR-M16-BEL-V-EGY.pdf,2026-07-08T13:35:15.920526+00:00
20260016,Belgium,8,Youri TIELEMANS,11638.1,3177.0,5530.3,1963.3,777.9,189.6,166.0,59.0,29.6,fifa_training_centre_pmsr_pdf,https://www.fifatrainingcentre.com/media/native/tournaments/fifa-world-cup/2026/PMSR-M16-BEL-V-EGY.pdf,2026-07-08T13:35:15.920526+00:00
20260016,Belgium,10,Leandro TROSSARD,11122.8,3719.0,5064.5,1502.3,670.8,166.2,130.0,46.0,32.2,fifa_training_centre_pmsr_pdf,https://www.fifatrainingcentre.com/media/native/tournaments/fifa-world-cup/2026/PMSR-M16-BEL-V-EGY.pdf,2026-07-08T13:35:15.920526+00:00
20260016,Belgium,11,Jeremy DOKU,8565.2,3865.7,3016.1,1154.3,360.7,168.4,96.0,33.0,32.0,fifa_training_centre_pmsr_pdf,https://www.fifatrainingcentre.com/media/native/tournaments/fifa-world-cup/2026/PMSR-M16-BEL-V-EGY.pdf,2026-07-08T13:35:15.920526+00:00
20260016,Belgium,15,Thomas MEUNIER,12278.4,3763.7,5405.8,1873.1,760.3,475.5,163.0,64.0,33.0,fifa_training_centre_pmsr_pdf,https://www.fifatrainingcentre.com/media/native/tournaments/fifa-world-cup/2026/PMSR-M16-BEL-V-EGY.pdf,2026-07-08T13:35:15.920526+00:00
20260016,Belgium,17,Charles DE KETELAERE,7497.8,2830.2,3076.8,966.5,381.6,242.8,78.0,34.0,33.5,fifa_training_centre_pmsr_pdf,https://www.fifatrainingcentre.com/media/native/tournaments/fifa-world-cup/2026/PMSR-M16-BEL-V-EGY.pdf,2026-07-08T13:35:15.920526+00:00
20260016,Belgium,21,Timothy CASTAGNE,7326.6,2325.7,3271.9,1066.9,593.5,68.6,88.0,39.0,28.6,fifa_training_centre_pmsr_pdf,https://www.fifatrainingcentre.com/media/native/tournaments/fifa-world-cup/2026/PMSR-M16-BEL-V-EGY.pdf,2026-07-08T13:35:15.920526+00:00
20260016,Belgium,24,Amadou ONANA,6466.5,2223.2,2959.2,919.6,280.7,83.8,69.0,20.0,32.1,fifa_training_centre_pmsr_pdf,https://www.fifatrainingcentre.com/media/native/tournaments/fifa-world-cup/2026/PMSR-M16-BEL-V-EGY.pdf,2026-07-08T13:35:15.920526+00:00
20260016,Belgium,25,Nathan NGOY,9718.9,4112.3,4033.6,929.3,401.4,242.4,87.0,34.0,34.5,fifa_training_centre_pmsr_pdf,https://www.fifatrainingcentre.com/media/native/tournaments/fifa-world-cup/2026/PMSR-M16-BEL-V-EGY.pdf,2026-07-08T13:35:15.920526+00:00
20260016,Belgium,5,Maxim DE CUYPER,4235.4,1342.5,1853.5,603.4,255.7,180.3,49.0,19.0,32.9,fifa_training_centre_pmsr_pdf,https://www.fifatrainingcentre.com/media/native/tournaments/fifa-world-cup/2026/PMSR-M16-BEL-V-EGY.pdf,2026-07-08T13:35:15.920526+00:00
20260016,Belgium,9,Romelu LUKAKU,2565.9,1082.3,1013.5,293.9,111.6,64.7,26.0,8.0,30.0,fifa_training_centre_pmsr_pdf,https://www.fifatrainingcentre.com/media/native/tournaments/fifa-world-cup/2026/PMSR-M16-BEL-V-EGY.pdf,2026-07-08T13:35:15.920526+00:00
20260016,Belgium,20,Hans VANAKEN,1214.0,376.1,516.9,263.4,50.1,7.5,21.0,4.0,25.7,fifa_training_centre_pmsr_pdf,https://www.fifatrainingcentre.com/media/native/tournaments/fifa-world-cup/2026/PMSR-M16-BEL-V-EGY.pdf,2026-07-08T13:35:15.920526+00:00
20260016,Belgium,23,Nicolas RASKIN,4253.9,1419.7,1930.9,503.3,230.4,169.6,34.0,16.0,31.9,fifa_training_centre_pmsr_pdf,https://www.fifatrainingcentre.com/media/native/tournaments/fifa-world-cup/2026/PMSR-M16-BEL-V-EGY.pdf,2026-07-08T13:35:15.920526+00:00
20260016,Belgium,26,Matias FERNANDEZ-PARDO,1307.3,351.6,464.6,291.4,136.7,63.0,20.0,12.0,32.0,fifa_training_centre_pmsr_pdf,https://www.fifatrainingcentre.com/media/native/tournaments/fifa-world-cup/2026/PMSR-M16-BEL-V-EGY.pdf,2026-07-08T13:35:15.920526+00:00
20260016,Egypt,23,MOSTAFA SHOUBIR,5229.9,4159.8,951.7,107.6,10.8,0.0,13.0,1.0,22.7,fifa_training_centre_pmsr_pdf,https://www.fifatrainingcentre.com/media/native/tournaments/fifa-world-cup/2026/PMSR-M16-BEL-V-EGY.pdf,2026-07-08T13:35:15.920526+00:00
20260016,Egypt,2,YASSER IBRAHIM,9887.2,3671.8,4271.8,1239.8,534.6,169.2,101.0,40.0,29.7,fifa_training_centre_pmsr_pdf,https://www.fifatrainingcentre.com/media/native/tournaments/fifa-world-cup/2026/PMSR-M16-BEL-V-EGY.pdf,2026-07-08T13:35:15.920526+00:00
20260016,Egypt,3,MOHAMED HANY,9670.5,3924.3,4089.6,1030.4,403.9,222.3,96.0,34.0,30.9,fifa_training_centre_pmsr_pdf,https://www.fifatrainingcentre.com/media/native/tournaments/fifa-world-cup/2026/PMSR-M16-BEL-V-EGY.pdf,2026-07-08T13:35:15.920526+00:00
20260016,Egypt,8,EMAM ASHOUR,8160.8,2844.1,3410.4,1257.7,501.7,146.9,101.0,39.0,30.1,fifa_training_centre_pmsr_pdf,https://www.fifatrainingcentre.com/media/native/tournaments/fifa-world-cup/2026/PMSR-M16-BEL-V-EGY.pdf,2026-07-08T13:35:15.920526+00:00
20260016,Egypt,10,MOHAMED SALAH,8689.3,2944.0,4056.0,890.4,474.9,324.0,86.0,35.0,33.6,fifa_training_centre_pmsr_pdf,https://www.fifatrainingcentre.com/media/native/tournaments/fifa-world-cup/2026/PMSR-M16-BEL-V-EGY.pdf,2026-07-08T13:35:15.920526+00:00
20260016,Egypt,11,MOSTAFA ZICO,9486.3,3063.7,4077.2,1458.5,678.0,208.9,131.0,50.0,32.4,fifa_training_centre_pmsr_pdf,https://www.fifatrainingcentre.com/media/native/tournaments/fifa-world-cup/2026/PMSR-M16-BEL-V-EGY.pdf,2026-07-08T13:35:15.920526+00:00
20260016,Egypt,13,AHMED FATOUH,10155.5,3395.3,4598.5,1319.6,699.8,142.3,118.0,49.0,29.4,fifa_training_centre_pmsr_pdf,https://www.fifatrainingcentre.com/media/native/tournaments/fifa-world-cup/2026/PMSR-M16-BEL-V-EGY.pdf,2026-07-08T13:35:15.920526+00:00
20260016,Egypt,14,HAMDY FATHY,9364.6,3380.1,3971.9,1402.8,421.4,188.4,107.0,36.0,31.4,fifa_training_centre_pmsr_pdf,https://www.fifatrainingcentre.com/media/native/tournaments/fifa-world-cup/2026/PMSR-M16-BEL-V-EGY.pdf,2026-07-08T13:35:15.920526+00:00
20260016,Egypt,17,MOHANAD LASHIN,10823.8,3915.4,4670.3,1597.9,505.8,134.4,133.0,40.0,31.6,fifa_training_centre_pmsr_pdf,https://www.fifatrainingcentre.com/media/native/tournaments/fifa-world-cup/2026/PMSR-M16-BEL-V-EGY.pdf,2026-07-08T13:35:15.920526+00:00
20260016,Egypt,19,MARAWAN ATTIA,11383.6,3772.5,4635.4,2081.2,692.1,202.3,179.0,60.0,33.0,fifa_training_centre_pmsr_pdf,https://www.fifatrainingcentre.com/media/native/tournaments/fifa-world-cup/2026/PMSR-M16-BEL-V-EGY.pdf,2026-07-08T13:35:15.920526+00:00
20260016,Egypt,22,OMAR MARMOUSH,9217.8,4300.2,3178.2,986.9,474.1,278.3,91.0,44.0,32.9,fifa_training_centre_pmsr_pdf,https://www.fifatrainingcentre.com/media/native/tournaments/fifa-world-cup/2026/PMSR-M16-BEL-V-EGY.pdf,2026-07-08T13:35:15.920526+00:00
20260016,Egypt,5,RAMY RABIA,2634.9,990.9,1049.8,432.5,102.6,59.1,34.0,10.0,31.1,fifa_training_centre_pmsr_pdf,https://www.fifatrainingcentre.com/media/native/tournaments/fifa-world-cup/2026/PMSR-M16-BEL-V-EGY.pdf,2026-07-08T13:35:15.920526+00:00
20260016,Egypt,9,HAMZA ABDELKARIM,2226.9,685.0,848.9,364.3,204.3,124.4,25.0,19.0,31.3,fifa_training_centre_pmsr_pdf,https://www.fifatrainingcentre.com/media/native/tournaments/fifa-world-cup/2026/PMSR-M16-BEL-V-EGY.pdf,2026-07-08T13:35:15.920526+00:00
20260016,Egypt,15,KARIM HAFEZ,1022.3,242.1,386.0,202.3,101.2,90.6,13.0,7.0,31.2,fifa_training_centre_pmsr_pdf,https://www.fifatrainingcentre.com/media/native/tournaments/fifa-world-cup/2026/PMSR-M16-BEL-V-EGY.pdf,2026-07-08T13:35:15.920526+00:00
20260016,Egypt,20,IBRAHIM ADEL,1006.5,228.1,431.0,188.8,125.7,32.9,18.0,8.0,27.9,fifa_training_centre_pmsr_pdf,https://www.fifatrainingcentre.com/media/native/tournaments/fifa-world-cup/2026/PMSR-M16-BEL-V-EGY.pdf,2026-07-08T13:35:15.920526+00:00
20260016,Egypt,25,ZIZO,2376.6,646.5,971.0,423.0,253.8,82.2,29.0,16.0,32.7,fifa_training_centre_pmsr_pdf,https://www.fifatrainingcentre.com/media/native/tournaments/fifa-world-cup/2026/PMSR-M16-BEL-V-EGY.pdf,2026-07-08T13:35:15.920526+00:00
20260017,France,16,Mike MAIGNAN,5819.7,4259.9,1377.1,167.5,15.3,0.0,16.0,1.0,21.7,fifa_training_centre_pmsr_pdf,https://www.fifatrainingcentre.com/media/native/tournaments/fifa-world-cup/2026/PMSR-M17-FRA-V-SEN.pdf,2026-07-08T13:35:15.920526+00:00
20260017,France,4,Dayot UPAMECANO,11136.2,4275.7,4830.4,1115.3,579.4,335.4,91.0,50.0,33.5,fifa_training_centre_pmsr_pdf,https://www.fifatrainingcentre.com/media/native/tournaments/fifa-world-cup/2026/PMSR-M17-FRA-V-SEN.pdf,2026-07-08T13:35:15.920526+00:00
20260017,France,5,Jules KOUNDE,11434.7,4214.7,4534.2,1624.3,732.2,329.3,148.0,56.0,31.0,fifa_training_centre_pmsr_pdf,https://www.fifatrainingcentre.com/media/native/tournaments/fifa-world-cup/2026/PMSR-M17-FRA-V-SEN.pdf,2026-07-08T13:35:15.920526+00:00
20260017,France,7,Ousmane DEMBELE,9298.9,3363.9,4040.0,1260.0,570.0,65.0,114.0,39.0,27.6,fifa_training_centre_pmsr_pdf,https://www.fifatrainingcentre.com/media/native/tournaments/fifa-world-cup/2026/PMSR-M17-FRA-V-SEN.pdf,2026-07-08T13:35:15.920526+00:00
20260017,France,8,Aurelien TCHOUAMENI,12156.8,4015.0,4947.3,2453.9,542.4,198.3,197.0,41.0,30.1,fifa_training_centre_pmsr_pdf,https://www.fifatrainingcentre.com/media/native/tournaments/fifa-world-cup/2026/PMSR-M17-FRA-V-SEN.pdf,2026-07-08T13:35:15.920526+00:00
20260017,France,10,Kylian MBAPPE,9686.1,4223.8,3701.9,1048.7,487.2,224.5,87.0,45.0,35.1,fifa_training_centre_pmsr_pdf,https://www.fifatrainingcentre.com/media/native/tournaments/fifa-world-cup/2026/PMSR-M17-FRA-V-SEN.pdf,2026-07-08T13:35:15.920526+00:00
20260017,France,11,Michael OLISE,12627.9,3769.0,5613.9,1774.1,1049.2,421.7,149.0,79.0,31.3,fifa_training_centre_pmsr_pdf,https://www.fifatrainingcentre.com/media/native/tournaments/fifa-world-cup/2026/PMSR-M17-FRA-V-SEN.pdf,2026-07-08T13:35:15.920526+00:00
20260017,France,14,Adrien RABIOT,12307.0,4374.3,5080.4,1938.1,700.8,213.4,176.0,54.0,29.0,fifa_training_centre_pmsr_pdf,https://www.fifatrainingcentre.com/media/native/tournaments/fifa-world-cup/2026/PMSR-M17-FRA-V-SEN.pdf,2026-07-08T13:35:15.920526+00:00
20260017,France,17,William SALIBA,10595.2,4381.5,4147.5,1155.5,631.1,279.6,97.0,44.0,32.3,fifa_training_centre_pmsr_pdf,https://www.fifatrainingcentre.com/media/native/tournaments/fifa-world-cup/2026/PMSR-M17-FRA-V-SEN.pdf,2026-07-08T13:35:15.920526+00:00
20260017,France,19,Theo HERNANDEZ,10782.5,4176.2,4508.2,1212.4,660.6,225.0,101.0,49.0,33.2,fifa_training_centre_pmsr_pdf,https://www.fifatrainingcentre.com/media/native/tournaments/fifa-world-cup/2026/PMSR-M17-FRA-V-SEN.pdf,2026-07-08T13:35:15.920526+00:00
20260017,France,20,Desire DOUE,10381.6,3373.3,4628.5,1413.2,709.9,256.8,121.0,55.0,31.7,fifa_training_centre_pmsr_pdf,https://www.fifatrainingcentre.com/media/native/tournaments/fifa-world-cup/2026/PMSR-M17-FRA-V-SEN.pdf,2026-07-08T13:35:15.920526+00:00
20260017,France,12,Bradley BARCOLA,2294.6,907.3,825.1,232.8,161.4,168.1,21.0,9.0,33.9,fifa_training_centre_pmsr_pdf,https://www.fifatrainingcentre.com/media/native/tournaments/fifa-world-cup/2026/PMSR-M17-FRA-V-SEN.pdf,2026-07-08T13:35:15.920526+00:00
20260017,France,24,Rayan CHERKI,1658.4,521.9,598.5,281.1,149.6,107.3,21.0,11.0,30.0,fifa_training_centre_pmsr_pdf,https://www.fifatrainingcentre.com/media/native/tournaments/fifa-world-cup/2026/PMSR-M17-FRA-V-SEN.pdf,2026-07-08T13:35:15.920526+00:00
20260017,Senegal,16,Edouard MENDY,6149.5,4812.5,1222.3,98.5,16.2,0.0,11.0,2.0,22.6,fifa_training_centre_pmsr_pdf,https://www.fifatrainingcentre.com/media/native/tournaments/fifa-world-cup/2026/PMSR-M17-FRA-V-SEN.pdf,2026-07-08T13:35:15.920526+00:00
20260017,Senegal,3,Kalidou KOULIBALY,9420.3,4179.1,3806.4,1012.2,339.4,83.1,85.0,27.0,31.1,fifa_training_centre_pmsr_pdf,https://www.fifatrainingcentre.com/media/native/tournaments/fifa-world-cup/2026/PMSR-M17-FRA-V-SEN.pdf,2026-07-08T13:35:15.920526+00:00
20260017,Senegal,5,Idrissa Gana GUEYE,9040.0,2859.9,4332.4,1271.0,475.2,101.4,112.0,32.0,27.9,fifa_training_centre_pmsr_pdf,https://www.fifatrainingcentre.com/media/native/tournaments/fifa-world-cup/2026/PMSR-M17-FRA-V-SEN.pdf,2026-07-08T13:35:15.920526+00:00
20260017,Senegal,8,Lamine CAMARA,9411.9,2632.6,4471.6,1565.2,530.3,212.3,137.0,42.0,31.2,fifa_training_centre_pmsr_pdf,https://www.fifatrainingcentre.com/media/native/tournaments/fifa-world-cup/2026/PMSR-M17-FRA-V-SEN.pdf,2026-07-08T13:35:15.920526+00:00
20260017,Senegal,10,Sadio MANE,10774.5,4195.7,4327.7,1268.6,706.9,275.6,118.0,52.0,32.3,fifa_training_centre_pmsr_pdf,https://www.fifatrainingcentre.com/media/native/tournaments/fifa-world-cup/2026/PMSR-M17-FRA-V-SEN.pdf,2026-07-08T13:35:15.920526+00:00
20260017,Senegal,11,Nicolas JACKSON,9620.0,3683.1,3663.8,1092.2,658.7,522.1,101.0,58.0,33.5,fifa_training_centre_pmsr_pdf,https://www.fifatrainingcentre.com/media/native/tournaments/fifa-world-cup/2026/PMSR-M17-FRA-V-SEN.pdf,2026-07-08T13:35:15.920526+00:00
20260017,Senegal,15,Krepin DIATTA,10772.1,4067.7,4524.5,1342.3,579.2,258.4,127.0,42.0,32.8,fifa_training_centre_pmsr_pdf,https://www.fifatrainingcentre.com/media/native/tournaments/fifa-world-cup/2026/PMSR-M17-FRA-V-SEN.pdf,2026-07-08T13:35:15.920526+00:00
20260017,Senegal,18,Ismaila SARR,9161.3,3294.2,3783.4,1260.2,494.5,329.0,107.0,40.0,33.8,fifa_training_centre_pmsr_pdf,https://www.fifatrainingcentre.com/media/native/tournaments/fifa-world-cup/2026/PMSR-M17-FRA-V-SEN.pdf,2026-07-08T13:35:15.920526+00:00
20260017,Senegal,19,Moussa NIAKHATE,10063.2,3692.9,4837.8,1114.1,352.8,65.6,103.0,29.0,30.8,fifa_training_centre_pmsr_pdf,https://www.fifatrainingcentre.com/media/native/tournaments/fifa-world-cup/2026/PMSR-M17-FRA-V-SEN.pdf,2026-07-08T13:35:15.920526+00:00
20260017,Senegal,25,El Hadji Malick DIOUF,11434.5,3811.1,5041.8,1659.7,670.3,251.5,154.0,50.0,31.2,fifa_training_centre_pmsr_pdf,https://www.fifatrainingcentre.com/media/native/tournaments/fifa-world-cup/2026/PMSR-M17-FRA-V-SEN.pdf,2026-07-08T13:35:15.920526+00:00
20260017,Senegal,26,Pape GUEYE,10010.6,3128.6,4715.3,1473.3,591.6,101.8,122.0,38.0,31.0,fifa_training_centre_pmsr_pdf,https://www.fifatrainingcentre.com/media/native/tournaments/fifa-world-cup/2026/PMSR-M17-FRA-V-SEN.pdf,2026-07-08T13:35:15.920526+00:00
20260017,Senegal,6,Pathe CISS,1469.2,421.1,687.0,271.6,89.5,0.0,25.0,6.0,25.0,fifa_training_centre_pmsr_pdf,https://www.fifatrainingcentre.com/media/native/tournaments/fifa-world-cup/2026/PMSR-M17-FRA-V-SEN.pdf,2026-07-08T13:35:15.920526+00:00
20260017,Senegal,9,Bamba DIENG,1882.1,597.6,743.1,306.0,209.5,25.9,28.0,15.0,26.9,fifa_training_centre_pmsr_pdf,https://www.fifatrainingcentre.com/media/native/tournaments/fifa-world-cup/2026/PMSR-M17-FRA-V-SEN.pdf,2026-07-08T13:35:15.920526+00:00
20260017,Senegal,13,Iliman NDIAYE,2202.7,599.1,1076.0,322.6,123.7,81.3,31.0,11.0,30.5,fifa_training_centre_pmsr_pdf,https://www.fifatrainingcentre.com/media/native/tournaments/fifa-world-cup/2026/PMSR-M17-FRA-V-SEN.pdf,2026-07-08T13:35:15.920526+00:00
20260017,Senegal,20,Ibrahim MBAYE,2514.4,850.1,994.6,412.4,181.5,75.8,30.0,17.0,31.9,fifa_training_centre_pmsr_pdf,https://www.fifatrainingcentre.com/media/native/tournaments/fifa-world-cup/2026/PMSR-M17-FRA-V-SEN.pdf,2026-07-08T13:35:15.920526+00:00
20260017,Senegal,21,Habib DIARRA,2798.8,804.8,1306.2,386.7,174.4,126.6,32.0,15.0,33.3,fifa_training_centre_pmsr_pdf,https://www.fifatrainingcentre.com/media/native/tournaments/fifa-world-cup/2026/PMSR-M17-FRA-V-SEN.pdf,2026-07-08T13:35:15.920526+00:00
20260018,Iraq,12,JALAL HASSAN,4901.1,3964.7,858.0,55.6,22.8,0.0,5.0,2.0,24.2,fifa_training_centre_pmsr_pdf,https://www.fifatrainingcentre.com/media/native/tournaments/fifa-world-cup/2026/PMSR-M18-IRQ-V-NOR.pdf,2026-07-08T13:35:15.920526+00:00
20260018,Iraq,3,HUSSEIN ALI,8064.6,3014.2,3349.9,1096.7,434.7,169.1,84.0,35.0,31.7,fifa_training_centre_pmsr_pdf,https://www.fifatrainingcentre.com/media/native/tournaments/fifa-world-cup/2026/PMSR-M18-IRQ-V-NOR.pdf,2026-07-08T13:35:15.920526+00:00
20260018,Iraq,4,ZAID TAHSEEN,10005.6,3846.1,4404.6,1328.7,242.7,183.5,113.0,27.0,31.9,fifa_training_centre_pmsr_pdf,https://www.fifatrainingcentre.com/media/native/tournaments/fifa-world-cup/2026/PMSR-M18-IRQ-V-NOR.pdf,2026-07-08T13:35:15.920526+00:00
20260018,Iraq,5,AKAM HASHIM,9235.9,3785.5,3715.3,1262.0,315.1,157.9,103.0,28.0,31.4,fifa_training_centre_pmsr_pdf,https://www.fifatrainingcentre.com/media/native/tournaments/fifa-world-cup/2026/PMSR-M18-IRQ-V-NOR.pdf,2026-07-08T13:35:15.920526+00:00
20260018,Iraq,8,IBRAHIM BAYESH,8506.0,3408.8,3240.0,1213.5,416.9,226.8,101.0,38.0,31.9,fifa_training_centre_pmsr_pdf,https://www.fifatrainingcentre.com/media/native/tournaments/fifa-world-cup/2026/PMSR-M18-IRQ-V-NOR.pdf,2026-07-08T13:35:15.920526+00:00
20260018,Iraq,9,ALI ALHAMADI,7158.0,2401.5,3056.7,1047.1,537.9,114.8,94.0,49.0,33.5,fifa_training_centre_pmsr_pdf,https://www.fifatrainingcentre.com/media/native/tournaments/fifa-world-cup/2026/PMSR-M18-IRQ-V-NOR.pdf,2026-07-08T13:35:15.920526+00:00
20260018,Iraq,16,AMIR ALAMMARI,11207.3,3928.3,4869.7,1729.6,516.0,163.7,149.0,38.0,30.2,fifa_training_centre_pmsr_pdf,https://www.fifatrainingcentre.com/media/native/tournaments/fifa-world-cup/2026/PMSR-M18-IRQ-V-NOR.pdf,2026-07-08T13:35:15.920526+00:00
20260018,Iraq,17,ALI JASIM,8363.3,2372.4,3562.4,1699.7,644.2,84.5,140.0,52.0,28.9,fifa_training_centre_pmsr_pdf,https://www.fifatrainingcentre.com/media/native/tournaments/fifa-world-cup/2026/PMSR-M18-IRQ-V-NOR.pdf,2026-07-08T13:35:15.920526+00:00
20260018,Iraq,18,AYMEN HUSSEIN,9971.5,4505.1,3631.5,1184.8,452.2,198.0,108.0,40.0,29.7,fifa_training_centre_pmsr_pdf,https://www.fifatrainingcentre.com/media/native/tournaments/fifa-world-cup/2026/PMSR-M18-IRQ-V-NOR.pdf,2026-07-08T13:35:15.920526+00:00
20260018,Iraq,23,MERCHAS DOSKI,10501.1,3656.7,4891.0,1245.3,480.8,227.3,110.0,37.0,30.9,fifa_training_centre_pmsr_pdf,https://www.fifatrainingcentre.com/media/native/tournaments/fifa-world-cup/2026/PMSR-M18-IRQ-V-NOR.pdf,2026-07-08T13:35:15.920526+00:00
20260018,Iraq,24,ZAID ISMAEL,7912.6,2217.8,3502.2,1670.5,370.4,151.8,126.0,29.0,28.6,fifa_training_centre_pmsr_pdf,https://www.fifatrainingcentre.com/media/native/tournaments/fifa-world-cup/2026/PMSR-M18-IRQ-V-NOR.pdf,2026-07-08T13:35:15.920526+00:00
20260018,Iraq,10,MOHANAD ALI,2368.0,775.2,979.7,368.1,198.6,46.3,36.0,16.0,28.9,fifa_training_centre_pmsr_pdf,https://www.fifatrainingcentre.com/media/native/tournaments/fifa-world-cup/2026/PMSR-M18-IRQ-V-NOR.pdf,2026-07-08T13:35:15.920526+00:00
20260018,Iraq,11,AHMED QASEM,2789.0,996.1,1036.3,418.7,265.8,72.1,36.0,21.0,28.0,fifa_training_centre_pmsr_pdf,https://www.fifatrainingcentre.com/media/native/tournaments/fifa-world-cup/2026/PMSR-M18-IRQ-V-NOR.pdf,2026-07-08T13:35:15.920526+00:00
20260018,Iraq,14,ZIDANE IQBAL,4290.7,1289.4,1865.7,855.4,237.0,43.2,69.0,15.0,28.2,fifa_training_centre_pmsr_pdf,https://www.fifatrainingcentre.com/media/native/tournaments/fifa-world-cup/2026/PMSR-M18-IRQ-V-NOR.pdf,2026-07-08T13:35:15.920526+00:00
20260018,Iraq,21,MARKO FARJI,3978.9,1559.1,1531.3,589.0,226.6,73.0,58.0,18.0,31.9,fifa_training_centre_pmsr_pdf,https://www.fifatrainingcentre.com/media/native/tournaments/fifa-world-cup/2026/PMSR-M18-IRQ-V-NOR.pdf,2026-07-08T13:35:15.920526+00:00
20260018,Iraq,25,MUSTAFA SAADOON,2482.8,1059.9,863.5,289.0,190.1,80.4,26.0,15.0,31.6,fifa_training_centre_pmsr_pdf,https://www.fifatrainingcentre.com/media/native/tournaments/fifa-world-cup/2026/PMSR-M18-IRQ-V-NOR.pdf,2026-07-08T13:35:15.920526+00:00
20260018,Norway,1,Orjan NYLAND,6255.3,4789.2,1326.6,139.5,0.0,0.0,16.0,0.0,19.8,fifa_training_centre_pmsr_pdf,https://www.fifatrainingcentre.com/media/native/tournaments/fifa-world-cup/2026/PMSR-M18-IRQ-V-NOR.pdf,2026-07-08T13:35:15.920526+00:00
20260018,Norway,3,Kristoffer AJER,10260.5,4615.8,3978.7,1275.8,273.8,116.4,93.0,25.0,31.8,fifa_training_centre_pmsr_pdf,https://www.fifatrainingcentre.com/media/native/tournaments/fifa-world-cup/2026/PMSR-M18-IRQ-V-NOR.pdf,2026-07-08T13:35:15.920526+00:00
20260018,Norway,5,David MOLLER WOLFE,7988.3,2598.5,3726.3,999.6,385.2,278.6,88.0,38.0,33.4,fifa_training_centre_pmsr_pdf,https://www.fifatrainingcentre.com/media/native/tournaments/fifa-world-cup/2026/PMSR-M18-IRQ-V-NOR.pdf,2026-07-08T13:35:15.920526+00:00
20260018,Norway,7,Alexander SORLOTH,8414.2,2797.3,3636.5,1313.7,386.9,279.7,110.0,32.0,32.7,fifa_training_centre_pmsr_pdf,https://www.fifatrainingcentre.com/media/native/tournaments/fifa-world-cup/2026/PMSR-M18-IRQ-V-NOR.pdf,2026-07-08T13:35:15.920526+00:00
20260018,Norway,8,Sander BERGE,11782.8,3872.0,5381.2,1990.3,445.4,93.9,160.0,38.0,28.4,fifa_training_centre_pmsr_pdf,https://www.fifatrainingcentre.com/media/native/tournaments/fifa-world-cup/2026/PMSR-M18-IRQ-V-NOR.pdf,2026-07-08T13:35:15.920526+00:00
20260018,Norway,9,Erling HAALAND,9597.3,4651.4,3141.4,829.9,536.5,438.1,68.0,43.0,36.5,fifa_training_centre_pmsr_pdf,https://www.fifatrainingcentre.com/media/native/tournaments/fifa-world-cup/2026/PMSR-M18-IRQ-V-NOR.pdf,2026-07-08T13:35:15.920526+00:00
20260018,Norway,10,Martin ODEGAARD,10247.5,3367.0,4078.6,1836.4,720.2,245.2,161.0,56.0,30.0,fifa_training_centre_pmsr_pdf,https://www.fifatrainingcentre.com/media/native/tournaments/fifa-world-cup/2026/PMSR-M18-IRQ-V-NOR.pdf,2026-07-08T13:35:15.920526+00:00
20260018,Norway,14,Fredrik AURSNES,9349.4,2736.9,3824.0,2031.2,605.2,152.2,159.0,45.0,30.4,fifa_training_centre_pmsr_pdf,https://www.fifatrainingcentre.com/media/native/tournaments/fifa-world-cup/2026/PMSR-M18-IRQ-V-NOR.pdf,2026-07-08T13:35:15.920526+00:00
20260018,Norway,17,Torbjorn HEGGEM,10846.3,3910.3,5253.2,1222.0,370.1,90.8,101.0,33.0,31.0,fifa_training_centre_pmsr_pdf,https://www.fifatrainingcentre.com/media/native/tournaments/fifa-world-cup/2026/PMSR-M18-IRQ-V-NOR.pdf,2026-07-08T13:35:15.920526+00:00
20260018,Norway,20,Antonio NUSA,7518.8,2929.7,2941.0,998.6,448.9,200.5,86.0,39.0,31.6,fifa_training_centre_pmsr_pdf,https://www.fifatrainingcentre.com/media/native/tournaments/fifa-world-cup/2026/PMSR-M18-IRQ-V-NOR.pdf,2026-07-08T13:35:15.920526+00:00
20260018,Norway,26,Julian RYERSON,10712.4,4104.4,4546.0,1472.7,480.3,109.1,120.0,37.0,30.2,fifa_training_centre_pmsr_pdf,https://www.fifatrainingcentre.com/media/native/tournaments/fifa-world-cup/2026/PMSR-M18-IRQ-V-NOR.pdf,2026-07-08T13:35:15.920526+00:00
20260018,Norway,4,Leo OSTIGARD,2654.4,1074.0,1186.3,282.9,98.6,12.5,26.0,7.0,26.8,fifa_training_centre_pmsr_pdf,https://www.fifatrainingcentre.com/media/native/tournaments/fifa-world-cup/2026/PMSR-M18-IRQ-V-NOR.pdf,2026-07-08T13:35:15.920526+00:00
20260018,Norway,6,Patrick BERG,2095.4,684.5,955.9,349.0,88.9,17.0,35.0,8.0,26.4,fifa_training_centre_pmsr_pdf,https://www.fifatrainingcentre.com/media/native/tournaments/fifa-world-cup/2026/PMSR-M18-IRQ-V-NOR.pdf,2026-07-08T13:35:15.920526+00:00
20260018,Norway,18,Kristian THORSTVEDT,3184.7,1051.1,1336.3,559.7,217.0,20.5,45.0,15.0,26.5,fifa_training_centre_pmsr_pdf,https://www.fifatrainingcentre.com/media/native/tournaments/fifa-world-cup/2026/PMSR-M18-IRQ-V-NOR.pdf,2026-07-08T13:35:15.920526+00:00
20260018,Norway,21,Andreas SCHJELDERUP,2660.2,1024.3,1097.7,306.6,142.9,88.7,26.0,11.0,32.8,fifa_training_centre_pmsr_pdf,https://www.fifatrainingcentre.com/media/native/tournaments/fifa-world-cup/2026/PMSR-M18-IRQ-V-NOR.pdf,2026-07-08T13:35:15.920526+00:00
20260018,Norway,22,Oscar BOBB,2689.6,1076.1,1072.7,355.8,139.2,45.8,29.0,14.0,33.4,fifa_training_centre_pmsr_pdf,https://www.fifatrainingcentre.com/media/native/tournaments/fifa-world-cup/2026/PMSR-M18-IRQ-V-NOR.pdf,2026-07-08T13:35:15.920526+00:00
20260020,Austria,1,Alexander SCHLAGER,6279.0,4207.1,1665.2,298.3,71.2,37.3,24.0,8.0,30.1,fifa_training_centre_pmsr_pdf,https://www.fifatrainingcentre.com/media/native/tournaments/fifa-world-cup/2026/PMSR-M20-AUT-V-JOR-V3.pdf,2026-07-08T13:35:15.920526+00:00
20260020,Austria,4,Xaver SCHLAGER,7334.9,2290.2,3396.8,1195.4,412.7,39.9,101.0,29.0,27.0,fifa_training_centre_pmsr_pdf,https://www.fifatrainingcentre.com/media/native/tournaments/fifa-world-cup/2026/PMSR-M20-AUT-V-JOR-V3.pdf,2026-07-08T13:35:15.920526+00:00
20260020,Austria,5,Stefan POSCH,11970.4,3782.7,5002.7,1983.6,752.9,448.5,174.0,60.0,32.4,fifa_training_centre_pmsr_pdf,https://www.fifatrainingcentre.com/media/native/tournaments/fifa-world-cup/2026/PMSR-M20-AUT-V-JOR-V3.pdf,2026-07-08T13:35:15.920526+00:00
20260020,Austria,6,Nicolas SEIWALD,11721.4,3728.9,5470.2,1772.9,508.3,241.2,160.0,38.0,32.7,fifa_training_centre_pmsr_pdf,https://www.fifatrainingcentre.com/media/native/tournaments/fifa-world-cup/2026/PMSR-M20-AUT-V-JOR-V3.pdf,2026-07-08T13:35:15.920526+00:00
20260020,Austria,8,David ALABA,6544.3,2325.5,3045.2,781.8,309.0,82.8,67.0,21.0,31.2,fifa_training_centre_pmsr_pdf,https://www.fifatrainingcentre.com/media/native/tournaments/fifa-world-cup/2026/PMSR-M20-AUT-V-JOR-V3.pdf,2026-07-08T13:35:15.920526+00:00
20260020,Austria,9,Marcel SABITZER,10942.3,4038.7,4055.3,1715.3,841.1,291.9,139.0,69.0,33.6,fifa_training_centre_pmsr_pdf,https://www.fifatrainingcentre.com/media/native/tournaments/fifa-world-cup/2026/PMSR-M20-AUT-V-JOR-V3.pdf,2026-07-08T13:35:15.920526+00:00
20260020,Austria,14,Sasa KALAJDZIC,5537.9,1855.7,2326.7,932.0,369.3,54.1,76.0,30.0,29.5,fifa_training_centre_pmsr_pdf,https://www.fifatrainingcentre.com/media/native/tournaments/fifa-world-cup/2026/PMSR-M20-AUT-V-JOR-V3.pdf,2026-07-08T13:35:15.920526+00:00
20260020,Austria,15,Philipp LIENHART,10672.5,3842.0,5001.8,1267.0,434.8,126.9,125.0,33.0,32.1,fifa_training_centre_pmsr_pdf,https://www.fifatrainingcentre.com/media/native/tournaments/fifa-world-cup/2026/PMSR-M20-AUT-V-JOR-V3.pdf,2026-07-08T13:35:15.920526+00:00
20260020,Austria,16,Phillip MWENE,7498.4,2131.4,3448.3,1120.2,442.3,356.1,96.0,41.0,30.8,fifa_training_centre_pmsr_pdf,https://www.fifatrainingcentre.com/media/native/tournaments/fifa-world-cup/2026/PMSR-M20-AUT-V-JOR-V3.pdf,2026-07-08T13:35:15.920526+00:00
20260020,Austria,18,Romano SCHMID,9454.9,3011.0,3952.2,1660.6,628.8,202.1,142.0,45.0,32.5,fifa_training_centre_pmsr_pdf,https://www.fifatrainingcentre.com/media/native/tournaments/fifa-world-cup/2026/PMSR-M20-AUT-V-JOR-V3.pdf,2026-07-08T13:35:15.920526+00:00
20260020,Austria,20,Konrad LAIMER,11947.6,3742.5,5489.6,1490.4,804.5,420.6,134.0,67.0,34.1,fifa_training_centre_pmsr_pdf,https://www.fifatrainingcentre.com/media/native/tournaments/fifa-world-cup/2026/PMSR-M20-AUT-V-JOR-V3.pdf,2026-07-08T13:35:15.920526+00:00
20260020,Austria,3,Kevin DANSO,4025.2,1602.6,1721.1,489.0,166.1,46.3,44.0,14.0,29.7,fifa_training_centre_pmsr_pdf,https://www.fifatrainingcentre.com/media/native/tournaments/fifa-world-cup/2026/PMSR-M20-AUT-V-JOR-V3.pdf,2026-07-08T13:35:15.920526+00:00
20260020,Austria,7,Marko ARNAUTOVIC,5137.4,2456.4,1876.2,569.0,209.4,26.5,53.0,19.0,28.8,fifa_training_centre_pmsr_pdf,https://www.fifatrainingcentre.com/media/native/tournaments/fifa-world-cup/2026/PMSR-M20-AUT-V-JOR-V3.pdf,2026-07-08T13:35:15.920526+00:00
20260020,Austria,17,Carney CHUKWUEMEKA,4502.7,1571.6,1836.4,706.2,264.8,123.6,63.0,19.0,29.4,fifa_training_centre_pmsr_pdf,https://www.fifatrainingcentre.com/media/native/tournaments/fifa-world-cup/2026/PMSR-M20-AUT-V-JOR-V3.pdf,2026-07-08T13:35:15.920526+00:00
20260020,Austria,21,Patrick WIMMER,2223.6,696.6,829.0,392.1,193.4,112.5,31.0,14.0,30.3,fifa_training_centre_pmsr_pdf,https://www.fifatrainingcentre.com/media/native/tournaments/fifa-world-cup/2026/PMSR-M20-AUT-V-JOR-V3.pdf,2026-07-08T13:35:15.920526+00:00
20260020,Austria,24,Paul WANNER,4577.1,1507.8,2047.4,741.1,256.2,24.5,67.0,19.0,27.9,fifa_training_centre_pmsr_pdf,https://www.fifatrainingcentre.com/media/native/tournaments/fifa-world-cup/2026/PMSR-M20-AUT-V-JOR-V3.pdf,2026-07-08T13:35:15.920526+00:00
20260020,Jordan,1,YAZEED ABULAILA,4736.5,4013.8,694.1,28.6,0.0,0.0,4.0,0.0,19.8,fifa_training_centre_pmsr_pdf,https://www.fifatrainingcentre.com/media/native/tournaments/fifa-world-cup/2026/PMSR-M20-AUT-V-JOR-V3.pdf,2026-07-08T13:35:15.920526+00:00
20260020,Jordan,3,ABDALLAH NASIB,8156.8,3157.2,3353.6,1097.8,465.4,82.7,95.0,33.0,29.2,fifa_training_centre_pmsr_pdf,https://www.fifatrainingcentre.com/media/native/tournaments/fifa-world-cup/2026/PMSR-M20-AUT-V-JOR-V3.pdf,2026-07-08T13:35:15.920526+00:00
20260020,Jordan,5,YAZAN ALARAB,9954.9,3970.6,4407.2,1113.2,369.7,94.2,103.0,27.0,32.4,fifa_training_centre_pmsr_pdf,https://www.fifatrainingcentre.com/media/native/tournaments/fifa-world-cup/2026/PMSR-M20-AUT-V-JOR-V3.pdf,2026-07-08T13:35:15.920526+00:00
20260020,Jordan,8,NOOR ALRAWABDEH,13030.4,3462.1,5962.6,2663.4,776.4,166.0,228.0,55.0,30.6,fifa_training_centre_pmsr_pdf,https://www.fifatrainingcentre.com/media/native/tournaments/fifa-world-cup/2026/PMSR-M20-AUT-V-JOR-V3.pdf,2026-07-08T13:35:15.920526+00:00
20260020,Jordan,9,ALI OLWAN,12149.4,4192.8,5280.4,1713.2,666.6,296.3,147.0,53.0,32.7,fifa_training_centre_pmsr_pdf,https://www.fifatrainingcentre.com/media/native/tournaments/fifa-world-cup/2026/PMSR-M20-AUT-V-JOR-V3.pdf,2026-07-08T13:35:15.920526+00:00
20260020,Jordan,10,MOUSA ALTAMARI,8690.5,3618.1,3226.5,944.5,525.3,376.1,89.0,47.0,34.0,fifa_training_centre_pmsr_pdf,https://www.fifatrainingcentre.com/media/native/tournaments/fifa-world-cup/2026/PMSR-M20-AUT-V-JOR-V3.pdf,2026-07-08T13:35:15.920526+00:00
20260020,Jordan,11,ODEH FAKHOURY,10442.1,3303.5,4412.7,1642.1,778.7,305.0,158.0,60.0,34.5,fifa_training_centre_pmsr_pdf,https://www.fifatrainingcentre.com/media/native/tournaments/fifa-world-cup/2026/PMSR-M20-AUT-V-JOR-V3.pdf,2026-07-08T13:35:15.920526+00:00
20260020,Jordan,16,MOHAMMAD ABUALNADI,8416.0,2401.1,4107.4,1246.2,385.0,276.3,115.0,31.0,31.2,fifa_training_centre_pmsr_pdf,https://www.fifatrainingcentre.com/media/native/tournaments/fifa-world-cup/2026/PMSR-M20-AUT-V-JOR-V3.pdf,2026-07-08T13:35:15.920526+00:00
20260020,Jordan,20,MOHANNAD ABUTAHA,11617.9,4009.0,4609.2,1813.9,974.5,211.3,174.0,70.0,31.2,fifa_training_centre_pmsr_pdf,https://www.fifatrainingcentre.com/media/native/tournaments/fifa-world-cup/2026/PMSR-M20-AUT-V-JOR-V3.pdf,2026-07-08T13:35:15.920526+00:00
20260020,Jordan,21,NIZAR ALRASHDAN,11703.6,3586.3,5480.2,1905.5,598.1,133.6,167.0,48.0,29.6,fifa_training_centre_pmsr_pdf,https://www.fifatrainingcentre.com/media/native/tournaments/fifa-world-cup/2026/PMSR-M20-AUT-V-JOR-V3.pdf,2026-07-08T13:35:15.920526+00:00
20260020,Jordan,23,EHSAN HADDAD,9086.5,3382.0,3547.8,1382.0,579.2,195.5,115.0,48.0,29.9,fifa_training_centre_pmsr_pdf,https://www.fifatrainingcentre.com/media/native/tournaments/fifa-world-cup/2026/PMSR-M20-AUT-V-JOR-V3.pdf,2026-07-08T13:35:15.920526+00:00
20260020,Jordan,13,MAHMOUD ALMARDI,2632.6,782.4,1169.3,542.6,107.5,30.9,45.0,8.0,27.5,fifa_training_centre_pmsr_pdf,https://www.fifatrainingcentre.com/media/native/tournaments/fifa-world-cup/2026/PMSR-M20-AUT-V-JOR-V3.pdf,2026-07-08T13:35:15.920526+00:00
20260020,Jordan,17,SALEEM OBAID,2818.7,921.6,1422.3,322.1,141.3,11.3,25.0,10.0,26.7,fifa_training_centre_pmsr_pdf,https://www.fifatrainingcentre.com/media/native/tournaments/fifa-world-cup/2026/PMSR-M20-AUT-V-JOR-V3.pdf,2026-07-08T13:35:15.920526+00:00
20260020,Jordan,19,SAED ALROSAN,2425.1,733.8,1163.8,371.7,132.1,23.7,36.0,12.0,31.0,fifa_training_centre_pmsr_pdf,https://www.fifatrainingcentre.com/media/native/tournaments/fifa-world-cup/2026/PMSR-M20-AUT-V-JOR-V3.pdf,2026-07-08T13:35:15.920526+00:00
20260020,Jordan,24,ALI AZAIZEH,1740.7,513.7,777.9,302.3,94.7,52.2,23.0,8.0,30.0,fifa_training_centre_pmsr_pdf,https://www.fifatrainingcentre.com/media/native/tournaments/fifa-world-cup/2026/PMSR-M20-AUT-V-JOR-V3.pdf,2026-07-08T13:35:15.920526+00:00
20260020,Jordan,25,MOHAMMAD ALDAOUD,1620.2,479.3,674.9,356.9,100.6,8.5,28.0,7.0,25.9,fifa_training_centre_pmsr_pdf,https://www.fifatrainingcentre.com/media/native/tournaments/fifa-world-cup/2026/PMSR-M20-AUT-V-JOR-V3.pdf,2026-07-08T13:35:15.920526+00:00
20260021,Ghana,1,Lawrence Ati ZIGI,2286.7,1826.7,438.6,12.1,9.3,0.0,1.0,1.0,22.3,fifa_training_centre_pmsr_pdf,https://www.fifatrainingcentre.com/media/native/tournaments/fifa-world-cup/2026/PMSR-M21-GHA-V-PAN-V2.pdf,2026-07-08T13:35:15.920526+00:00
20260021,Ghana,3,Caleb YIRENKYI,12645.8,3854.0,5775.3,2122.0,712.0,182.5,179.0,54.0,30.9,fifa_training_centre_pmsr_pdf,https://www.fifatrainingcentre.com/media/native/tournaments/fifa-world-cup/2026/PMSR-M21-GHA-V-PAN-V2.pdf,2026-07-08T13:35:15.920526+00:00
20260021,Ghana,4,Jonas ADJETEY,11307.4,4358.9,4784.0,1418.4,550.0,196.2,127.0,46.0,31.0,fifa_training_centre_pmsr_pdf,https://www.fifatrainingcentre.com/media/native/tournaments/fifa-world-cup/2026/PMSR-M21-GHA-V-PAN-V2.pdf,2026-07-08T13:35:15.920526+00:00
20260021,Ghana,9,Jordan AYEW,10287.3,3420.1,4573.5,1410.4,696.2,187.1,133.0,49.0,29.7,fifa_training_centre_pmsr_pdf,https://www.fifatrainingcentre.com/media/native/tournaments/fifa-world-cup/2026/PMSR-M21-GHA-V-PAN-V2.pdf,2026-07-08T13:35:15.920526+00:00
20260021,Ghana,11,Antoine SEMENYO,10663.6,4901.0,3906.5,985.7,545.9,324.5,80.0,44.0,34.5,fifa_training_centre_pmsr_pdf,https://www.fifatrainingcentre.com/media/native/tournaments/fifa-world-cup/2026/PMSR-M21-GHA-V-PAN-V2.pdf,2026-07-08T13:35:15.920526+00:00
20260021,Ghana,14,Gideon MENSAH,10862.6,4343.9,4610.4,1168.0,555.4,184.9,106.0,42.0,29.6,fifa_training_centre_pmsr_pdf,https://www.fifatrainingcentre.com/media/native/tournaments/fifa-world-cup/2026/PMSR-M21-GHA-V-PAN-V2.pdf,2026-07-08T13:35:15.920526+00:00
20260021,Ghana,15,Elisha OWUSU,9275.6,2863.1,4412.3,1500.6,450.8,48.7,130.0,32.0,28.8,fifa_training_centre_pmsr_pdf,https://www.fifatrainingcentre.com/media/native/tournaments/fifa-world-cup/2026/PMSR-M21-GHA-V-PAN-V2.pdf,2026-07-08T13:35:15.920526+00:00
20260021,Ghana,18,Jerome OPOKU,10651.3,4527.1,4729.6,1059.0,293.1,42.5,81.0,26.0,28.8,fifa_training_centre_pmsr_pdf,https://www.fifatrainingcentre.com/media/native/tournaments/fifa-world-cup/2026/PMSR-M21-GHA-V-PAN-V2.pdf,2026-07-08T13:35:15.920526+00:00
20260021,Ghana,22,Kamaldeen SULEMANA,6979.7,2731.8,2803.7,985.9,336.4,122.0,87.0,31.0,33.2,fifa_training_centre_pmsr_pdf,https://www.fifatrainingcentre.com/media/native/tournaments/fifa-world-cup/2026/PMSR-M21-GHA-V-PAN-V2.pdf,2026-07-08T13:35:15.920526+00:00
20260021,Ghana,24,Ernest NUAMAH,7062.5,2769.8,2773.0,966.4,388.0,165.3,81.0,32.0,33.3,fifa_training_centre_pmsr_pdf,https://www.fifatrainingcentre.com/media/native/tournaments/fifa-world-cup/2026/PMSR-M21-GHA-V-PAN-V2.pdf,2026-07-08T13:35:15.920526+00:00
20260021,Ghana,26,Marvin SENAYA,11229.7,4198.3,4804.0,1243.4,767.6,216.5,104.0,66.0,31.6,fifa_training_centre_pmsr_pdf,https://www.fifatrainingcentre.com/media/native/tournaments/fifa-world-cup/2026/PMSR-M21-GHA-V-PAN-V2.pdf,2026-07-08T13:35:15.920526+00:00
20260021,Ghana,16,Benjamin ASARE,2107.7,1815.2,249.2,15.8,19.0,8.4,1.0,2.0,26.6,fifa_training_centre_pmsr_pdf,https://www.fifatrainingcentre.com/media/native/tournaments/fifa-world-cup/2026/PMSR-M21-GHA-V-PAN-V2.pdf,2026-07-08T13:35:15.920526+00:00
20260021,Ghana,7,Abdul FATAWU,4666.9,1666.4,1886.4,724.9,318.5,70.8,55.0,26.0,28.3,fifa_training_centre_pmsr_pdf,https://www.fifatrainingcentre.com/media/native/tournaments/fifa-world-cup/2026/PMSR-M21-GHA-V-PAN-V2.pdf,2026-07-08T13:35:15.920526+00:00
20260021,Ghana,8,Kwasi SIBO,2691.0,739.7,1429.4,402.6,110.9,8.5,32.0,7.0,25.6,fifa_training_centre_pmsr_pdf,https://www.fifatrainingcentre.com/media/native/tournaments/fifa-world-cup/2026/PMSR-M21-GHA-V-PAN-V2.pdf,2026-07-08T13:35:15.920526+00:00
20260021,Ghana,10,Brandon THOMAS-ASANTE,4788.2,1578.3,1936.1,745.7,355.5,172.7,66.0,31.0,33.2,fifa_training_centre_pmsr_pdf,https://www.fifatrainingcentre.com/media/native/tournaments/fifa-world-cup/2026/PMSR-M21-GHA-V-PAN-V2.pdf,2026-07-08T13:35:15.920526+00:00
20260021,Ghana,25,Prince ADU,1494.8,514.0,548.2,266.5,134.5,31.5,17.0,10.0,31.2,fifa_training_centre_pmsr_pdf,https://www.fifatrainingcentre.com/media/native/tournaments/fifa-world-cup/2026/PMSR-M21-GHA-V-PAN-V2.pdf,2026-07-08T13:35:15.920526+00:00
20260021,Panama,22,Orlando MOSQUERA,5250.4,4169.8,949.1,112.0,19.6,0.0,11.0,2.0,24.8,fifa_training_centre_pmsr_pdf,https://www.fifatrainingcentre.com/media/native/tournaments/fifa-world-cup/2026/PMSR-M21-GHA-V-PAN-V2.pdf,2026-07-08T13:35:15.920526+00:00
20260021,Panama,2,Cesar BLACKMAN,9490.6,3528.6,4376.3,1034.4,397.9,153.5,94.0,30.0,32.0,fifa_training_centre_pmsr_pdf,https://www.fifatrainingcentre.com/media/native/tournaments/fifa-world-cup/2026/PMSR-M21-GHA-V-PAN-V2.pdf,2026-07-08T13:35:15.920526+00:00
20260021,Panama,3,Jose CORDOBA,10472.1,3672.3,5080.6,1053.6,383.0,282.7,86.0,31.0,33.8,fifa_training_centre_pmsr_pdf,https://www.fifatrainingcentre.com/media/native/tournaments/fifa-world-cup/2026/PMSR-M21-GHA-V-PAN-V2.pdf,2026-07-08T13:35:15.920526+00:00
20260021,Panama,6,Cristian MARTINEZ,8004.5,2562.7,3641.1,1154.1,508.8,137.8,100.0,44.0,29.8,fifa_training_centre_pmsr_pdf,https://www.fifatrainingcentre.com/media/native/tournaments/fifa-world-cup/2026/PMSR-M21-GHA-V-PAN-V2.pdf,2026-07-08T13:35:15.920526+00:00
20260021,Panama,7,Jose Luis RODRIGUEZ,8292.3,3351.8,3170.9,1120.5,444.1,205.1,92.0,36.0,31.6,fifa_training_centre_pmsr_pdf,https://www.fifatrainingcentre.com/media/native/tournaments/fifa-world-cup/2026/PMSR-M21-GHA-V-PAN-V2.pdf,2026-07-08T13:35:15.920526+00:00
20260021,Panama,11,Edgar Yoel BARCENAS,12157.6,3562.0,5829.1,2108.2,638.1,20.2,166.0,40.0,27.3,fifa_training_centre_pmsr_pdf,https://www.fifatrainingcentre.com/media/native/tournaments/fifa-world-cup/2026/PMSR-M21-GHA-V-PAN-V2.pdf,2026-07-08T13:35:15.920526+00:00
20260021,Panama,13,Jiovany RAMOS,10374.2,4187.5,4191.9,1307.0,538.8,149.0,115.0,39.0,31.7,fifa_training_centre_pmsr_pdf,https://www.fifatrainingcentre.com/media/native/tournaments/fifa-world-cup/2026/PMSR-M21-GHA-V-PAN-V2.pdf,2026-07-08T13:35:15.920526+00:00
20260021,Panama,14,Carlos HARVEY,12190.8,3582.4,6133.7,1883.8,485.3,105.6,165.0,38.0,29.9,fifa_training_centre_pmsr_pdf,https://www.fifatrainingcentre.com/media/native/tournaments/fifa-world-cup/2026/PMSR-M21-GHA-V-PAN-V2.pdf,2026-07-08T13:35:15.920526+00:00
20260021,Panama,16,Andres ANDRADE,10233.3,3883.2,4524.2,1217.5,400.1,208.3,106.0,36.0,31.0,fifa_training_centre_pmsr_pdf,https://www.fifatrainingcentre.com/media/native/tournaments/fifa-world-cup/2026/PMSR-M21-GHA-V-PAN-V2.pdf,2026-07-08T13:35:15.920526+00:00
20260021,Panama,18,Cecilio WATERMAN,7127.8,2758.0,3106.4,817.8,313.0,132.6,67.0,25.0,30.0,fifa_training_centre_pmsr_pdf,https://www.fifatrainingcentre.com/media/native/tournaments/fifa-world-cup/2026/PMSR-M21-GHA-V-PAN-V2.pdf,2026-07-08T13:35:15.920526+00:00
20260021,Panama,23,Amir MURILLO,11247.0,4223.1,4495.2,1541.2,771.4,216.1,135.0,56.0,32.6,fifa_training_centre_pmsr_pdf,https://www.fifatrainingcentre.com/media/native/tournaments/fifa-world-cup/2026/PMSR-M21-GHA-V-PAN-V2.pdf,2026-07-08T13:35:15.920526+00:00
20260021,Panama,10,Ismael DIAZ,2983.3,1052.2,1133.1,519.8,187.5,90.8,35.0,19.0,29.5,fifa_training_centre_pmsr_pdf,https://www.fifatrainingcentre.com/media/native/tournaments/fifa-world-cup/2026/PMSR-M21-GHA-V-PAN-V2.pdf,2026-07-08T13:35:15.920526+00:00
20260021,Panama,17,Jose FAJARDO,4127.6,1249.8,1802.9,605.9,317.7,151.3,44.0,24.0,30.4,fifa_training_centre_pmsr_pdf,https://www.fifatrainingcentre.com/media/native/tournaments/fifa-world-cup/2026/PMSR-M21-GHA-V-PAN-V2.pdf,2026-07-08T13:35:15.920526+00:00
20260021,Panama,20,Anibal GODOY,1239.0,451.1,406.0,305.8,61.3,14.8,18.0,4.0,27.2,fifa_training_centre_pmsr_pdf,https://www.fifatrainingcentre.com/media/native/tournaments/fifa-world-cup/2026/PMSR-M21-GHA-V-PAN-V2.pdf,2026-07-08T13:35:15.920526+00:00
20260021,Panama,24,Azarias LONDONO,4084.9,1330.1,1864.6,552.6,229.0,108.7,49.0,20.0,30.8,fifa_training_centre_pmsr_pdf,https://www.fifatrainingcentre.com/media/native/tournaments/fifa-world-cup/2026/PMSR-M21-GHA-V-PAN-V2.pdf,2026-07-08T13:35:15.920526+00:00
20260022,England,1,Jordan PICKFORD,6162.9,4179.8,1707.2,181.4,86.5,7.9,18.0,7.0,26.4,fifa_training_centre_pmsr_pdf,https://www.fifatrainingcentre.com/media/native/tournaments/fifa-world-cup/2026/PMSR-M22-ENG-V-CRO.pdf,2026-07-08T13:35:15.920526+00:00
20260022,England,2,Ezri KONSA,10244.1,4275.4,4175.7,1382.3,375.2,35.4,119.0,34.0,27.6,fifa_training_centre_pmsr_pdf,https://www.fifatrainingcentre.com/media/native/tournaments/fifa-world-cup/2026/PMSR-M22-ENG-V-CRO.pdf,2026-07-08T13:35:15.920526+00:00
20260022,England,3,Nico OREILLY,10885.2,4078.5,4589.2,1393.7,578.2,245.7,117.0,43.0,33.1,fifa_training_centre_pmsr_pdf,https://www.fifatrainingcentre.com/media/native/tournaments/fifa-world-cup/2026/PMSR-M22-ENG-V-CRO.pdf,2026-07-08T13:35:15.920526+00:00
20260022,England,4,Declan RICE,8754.0,2891.4,3805.5,1339.7,534.0,183.4,108.0,41.0,28.9,fifa_training_centre_pmsr_pdf,https://www.fifatrainingcentre.com/media/native/tournaments/fifa-world-cup/2026/PMSR-M22-ENG-V-CRO.pdf,2026-07-08T13:35:15.920526+00:00
20260022,England,5,John STONES,9455.6,3434.2,4062.7,1411.9,454.9,91.9,121.0,35.0,27.5,fifa_training_centre_pmsr_pdf,https://www.fifatrainingcentre.com/media/native/tournaments/fifa-world-cup/2026/PMSR-M22-ENG-V-CRO.pdf,2026-07-08T13:35:15.920526+00:00
20260022,England,8,Elliot ANDERSON,12044.1,3501.4,5420.1,2256.3,708.5,157.8,187.0,54.0,29.1,fifa_training_centre_pmsr_pdf,https://www.fifatrainingcentre.com/media/native/tournaments/fifa-world-cup/2026/PMSR-M22-ENG-V-CRO.pdf,2026-07-08T13:35:15.920526+00:00
20260022,England,9,Harry KANE,11480.1,3950.1,4938.6,1762.7,712.1,116.6,150.0,44.0,28.0,fifa_training_centre_pmsr_pdf,https://www.fifatrainingcentre.com/media/native/tournaments/fifa-world-cup/2026/PMSR-M22-ENG-V-CRO.pdf,2026-07-08T13:35:15.920526+00:00
20260022,England,10,Jude BELLINGHAM,9139.2,3595.9,2914.4,1534.2,766.0,328.6,126.0,58.0,32.0,fifa_training_centre_pmsr_pdf,https://www.fifatrainingcentre.com/media/native/tournaments/fifa-world-cup/2026/PMSR-M22-ENG-V-CRO.pdf,2026-07-08T13:35:15.920526+00:00
20260022,England,18,Anthony GORDON,8110.1,3229.1,2588.9,1156.5,701.6,434.1,103.0,58.0,31.2,fifa_training_centre_pmsr_pdf,https://www.fifatrainingcentre.com/media/native/tournaments/fifa-world-cup/2026/PMSR-M22-ENG-V-CRO.pdf,2026-07-08T13:35:15.920526+00:00
20260022,England,20,Noni MADUEKE,7673.9,3265.2,2496.5,1147.6,404.4,360.2,96.0,35.0,34.1,fifa_training_centre_pmsr_pdf,https://www.fifatrainingcentre.com/media/native/tournaments/fifa-world-cup/2026/PMSR-M22-ENG-V-CRO.pdf,2026-07-08T13:35:15.920526+00:00
20260022,England,24,Reece JAMES,10452.6,4080.7,4285.4,1423.0,482.5,180.9,119.0,38.0,31.2,fifa_training_centre_pmsr_pdf,https://www.fifatrainingcentre.com/media/native/tournaments/fifa-world-cup/2026/PMSR-M22-ENG-V-CRO.pdf,2026-07-08T13:35:15.920526+00:00
20260022,England,6,Marc GUEHI,1167.5,306.4,671.0,144.2,34.8,11.0,12.0,2.0,26.2,fifa_training_centre_pmsr_pdf,https://www.fifatrainingcentre.com/media/native/tournaments/fifa-world-cup/2026/PMSR-M22-ENG-V-CRO.pdf,2026-07-08T13:35:15.920526+00:00
20260022,England,7,Bukayo SAKA,3035.5,961.3,1236.5,442.4,244.2,151.1,41.0,18.0,32.0,fifa_training_centre_pmsr_pdf,https://www.fifatrainingcentre.com/media/native/tournaments/fifa-world-cup/2026/PMSR-M22-ENG-V-CRO.pdf,2026-07-08T13:35:15.920526+00:00
20260022,England,11,Marcus RASHFORD,3064.2,865.2,1362.1,466.2,207.2,163.6,49.0,19.0,32.5,fifa_training_centre_pmsr_pdf,https://www.fifatrainingcentre.com/media/native/tournaments/fifa-world-cup/2026/PMSR-M22-ENG-V-CRO.pdf,2026-07-08T13:35:15.920526+00:00
20260022,England,17,Morgan ROGERS,3331.6,825.4,1585.2,643.2,177.2,100.6,43.0,14.0,30.7,fifa_training_centre_pmsr_pdf,https://www.fifatrainingcentre.com/media/native/tournaments/fifa-world-cup/2026/PMSR-M22-ENG-V-CRO.pdf,2026-07-08T13:35:15.920526+00:00
20260022,England,25,Djed SPENCE,1981.8,758.6,750.9,209.4,136.6,126.2,16.0,10.0,35.2,fifa_training_centre_pmsr_pdf,https://www.fifatrainingcentre.com/media/native/tournaments/fifa-world-cup/2026/PMSR-M22-ENG-V-CRO.pdf,2026-07-08T13:35:15.920526+00:00
20260022,Croatia,1,Dominik LIVAKOVIC,4632.5,3659.3,823.3,117.8,25.9,6.2,12.0,2.0,26.9,fifa_training_centre_pmsr_pdf,https://www.fifatrainingcentre.com/media/native/tournaments/fifa-world-cup/2026/PMSR-M22-ENG-V-CRO.pdf,2026-07-08T13:35:15.920526+00:00
20260022,Croatia,2,Josip STANISIC,10771.1,4063.3,4282.6,1388.1,631.7,405.3,120.0,55.0,32.2,fifa_training_centre_pmsr_pdf,https://www.fifatrainingcentre.com/media/native/tournaments/fifa-world-cup/2026/PMSR-M22-ENG-V-CRO.pdf,2026-07-08T13:35:15.920526+00:00
20260022,Croatia,4,Josko GVARDIOL,10109.5,4381.0,3496.1,1419.9,566.8,245.7,113.0,38.0,34.1,fifa_training_centre_pmsr_pdf,https://www.fifatrainingcentre.com/media/native/tournaments/fifa-world-cup/2026/PMSR-M22-ENG-V-CRO.pdf,2026-07-08T13:35:15.920526+00:00
20260022,Croatia,6,Josip SUTALO,10489.7,3584.9,5034.3,1209.1,461.2,200.2,106.0,34.0,29.7,fifa_training_centre_pmsr_pdf,https://www.fifatrainingcentre.com/media/native/tournaments/fifa-world-cup/2026/PMSR-M22-ENG-V-CRO.pdf,2026-07-08T13:35:15.920526+00:00
20260022,Croatia,10,Luka MODRIC,6337.5,2269.1,2665.2,867.3,317.3,218.6,74.0,24.0,30.7,fifa_training_centre_pmsr_pdf,https://www.fifatrainingcentre.com/media/native/tournaments/fifa-world-cup/2026/PMSR-M22-ENG-V-CRO.pdf,2026-07-08T13:35:15.920526+00:00
20260022,Croatia,14,Ivan PERISIC,10293.4,4297.1,3527.0,1373.7,667.8,427.8,117.0,54.0,31.2,fifa_training_centre_pmsr_pdf,https://www.fifatrainingcentre.com/media/native/tournaments/fifa-world-cup/2026/PMSR-M22-ENG-V-CRO.pdf,2026-07-08T13:35:15.920526+00:00
20260022,Croatia,15,Mario PASALIC,8427.0,3210.1,3413.5,1066.8,512.0,224.8,101.0,38.0,31.9,fifa_training_centre_pmsr_pdf,https://www.fifatrainingcentre.com/media/native/tournaments/fifa-world-cup/2026/PMSR-M22-ENG-V-CRO.pdf,2026-07-08T13:35:15.920526+00:00
20260022,Croatia,16,Martin BATURINA,9284.5,2768.4,4221.8,1720.7,477.6,95.9,146.0,36.0,30.5,fifa_training_centre_pmsr_pdf,https://www.fifatrainingcentre.com/media/native/tournaments/fifa-world-cup/2026/PMSR-M22-ENG-V-CRO.pdf,2026-07-08T13:35:15.920526+00:00
20260022,Croatia,17,Petar SUCIC,12300.1,3418.1,5558.3,2126.0,962.2,235.5,186.0,63.0,29.7,fifa_training_centre_pmsr_pdf,https://www.fifatrainingcentre.com/media/native/tournaments/fifa-world-cup/2026/PMSR-M22-ENG-V-CRO.pdf,2026-07-08T13:35:15.920526+00:00
20260022,Croatia,22,Luka VUSKOVIC,7008.1,2748.3,2936.6,918.1,269.9,135.2,81.0,21.0,29.0,fifa_training_centre_pmsr_pdf,https://www.fifatrainingcentre.com/media/native/tournaments/fifa-world-cup/2026/PMSR-M22-ENG-V-CRO.pdf,2026-07-08T13:35:15.920526+00:00
20260022,Croatia,26,Petar MUSA,7570.3,2771.0,3183.9,1099.3,427.3,88.7,97.0,35.0,31.4,fifa_training_centre_pmsr_pdf,https://www.fifatrainingcentre.com/media/native/tournaments/fifa-world-cup/2026/PMSR-M22-ENG-V-CRO.pdf,2026-07-08T13:35:15.920526+00:00
20260022,Croatia,8,Mateo KOVACIC,4601.9,1364.5,2264.6,791.2,143.9,37.6,59.0,15.0,26.7,fifa_training_centre_pmsr_pdf,https://www.fifatrainingcentre.com/media/native/tournaments/fifa-world-cup/2026/PMSR-M22-ENG-V-CRO.pdf,2026-07-08T13:35:15.920526+00:00
20260022,Croatia,9,Andrej KRAMARIC,2556.4,612.2,1160.8,536.7,201.0,45.7,49.0,13.0,30.6,fifa_training_centre_pmsr_pdf,https://www.fifatrainingcentre.com/media/native/tournaments/fifa-world-cup/2026/PMSR-M22-ENG-V-CRO.pdf,2026-07-08T13:35:15.920526+00:00
20260022,Croatia,13,Nikola VLASIC,2404.5,682.5,1004.2,312.9,235.8,169.1,26.0,15.0,31.8,fifa_training_centre_pmsr_pdf,https://www.fifatrainingcentre.com/media/native/tournaments/fifa-world-cup/2026/PMSR-M22-ENG-V-CRO.pdf,2026-07-08T13:35:15.920526+00:00
20260022,Croatia,20,Igor MATANOVIC,3527.9,959.4,1667.3,517.9,258.4,124.9,45.0,20.0,30.5,fifa_training_centre_pmsr_pdf,https://www.fifatrainingcentre.com/media/native/tournaments/fifa-world-cup/2026/PMSR-M22-ENG-V-CRO.pdf,2026-07-08T13:35:15.920526+00:00
20260022,Croatia,24,Marco PASALIC,3408.7,1041.4,1507.1,514.1,274.2,72.0,43.0,24.0,30.3,fifa_training_centre_pmsr_pdf,https://www.fifatrainingcentre.com/media/native/tournaments/fifa-world-cup/2026/PMSR-M22-ENG-V-CRO.pdf,2026-07-08T13:35:15.920526+00:00
20260023,Portugal,1,DIOGO COSTA,4615.1,3698.8,832.2,73.8,10.4,0.0,8.0,1.0,22.9,fifa_training_centre_pmsr_pdf,https://www.fifatrainingcentre.com/media/native/tournaments/fifa-world-cup/2026/PMSR-M23-POR-V-COD.pdf,2026-07-08T13:35:15.920526+00:00
20260023,Portugal,4,TOMAS ARAUJO,10213.3,4172.5,4140.8,1319.5,501.1,79.3,113.0,39.0,29.4,fifa_training_centre_pmsr_pdf,https://www.fifatrainingcentre.com/media/native/tournaments/fifa-world-cup/2026/PMSR-M23-POR-V-COD.pdf,2026-07-08T13:35:15.920526+00:00
20260023,Portugal,7,CRISTIANO RONALDO,8389.5,4267.2,3025.3,688.3,335.5,73.1,60.0,29.0,30.7,fifa_training_centre_pmsr_pdf,https://www.fifatrainingcentre.com/media/native/tournaments/fifa-world-cup/2026/PMSR-M23-POR-V-COD.pdf,2026-07-08T13:35:15.920526+00:00
20260023,Portugal,8,BRUNO FERNANDES,10584.9,4077.8,4430.8,1412.2,504.4,159.7,115.0,42.0,31.2,fifa_training_centre_pmsr_pdf,https://www.fifatrainingcentre.com/media/native/tournaments/fifa-world-cup/2026/PMSR-M23-POR-V-COD.pdf,2026-07-08T13:35:15.920526+00:00
20260023,Portugal,10,BERNARDO SILVA,6076.9,1779.9,2691.9,1069.5,416.7,118.9,87.0,29.0,28.5,fifa_training_centre_pmsr_pdf,https://www.fifatrainingcentre.com/media/native/tournaments/fifa-world-cup/2026/PMSR-M23-POR-V-COD.pdf,2026-07-08T13:35:15.920526+00:00
20260023,Portugal,13,RENATO VEIGA,10073.0,4104.8,4202.4,1203.5,402.4,159.9,113.0,31.0,32.4,fifa_training_centre_pmsr_pdf,https://www.fifatrainingcentre.com/media/native/tournaments/fifa-world-cup/2026/PMSR-M23-POR-V-COD.pdf,2026-07-08T13:35:15.920526+00:00
20260023,Portugal,15,JOAO NEVES,11977.1,3502.4,5993.1,1550.7,731.3,199.6,144.0,54.0,29.2,fifa_training_centre_pmsr_pdf,https://www.fifatrainingcentre.com/media/native/tournaments/fifa-world-cup/2026/PMSR-M23-POR-V-COD.pdf,2026-07-08T13:35:15.920526+00:00
20260023,Portugal,18,PEDRO NETO,7636.3,3283.5,2661.6,894.6,515.5,281.2,88.0,47.0,34.8,fifa_training_centre_pmsr_pdf,https://www.fifatrainingcentre.com/media/native/tournaments/fifa-world-cup/2026/PMSR-M23-POR-V-COD.pdf,2026-07-08T13:35:15.920526+00:00
20260023,Portugal,20,JOAO CANCELO,10754.2,4092.4,4479.7,1468.0,626.0,88.0,122.0,49.0,28.5,fifa_training_centre_pmsr_pdf,https://www.fifatrainingcentre.com/media/native/tournaments/fifa-world-cup/2026/PMSR-M23-POR-V-COD.pdf,2026-07-08T13:35:15.920526+00:00
20260023,Portugal,23,VITINHA,10224.6,3118.3,5088.0,1341.3,528.1,148.9,112.0,42.0,31.4,fifa_training_centre_pmsr_pdf,https://www.fifatrainingcentre.com/media/native/tournaments/fifa-world-cup/2026/PMSR-M23-POR-V-COD.pdf,2026-07-08T13:35:15.920526+00:00
20260023,Portugal,25,NUNO MENDES,6523.7,2910.4,2374.2,785.7,298.1,155.4,62.0,31.0,31.5,fifa_training_centre_pmsr_pdf,https://www.fifatrainingcentre.com/media/native/tournaments/fifa-world-cup/2026/PMSR-M23-POR-V-COD.pdf,2026-07-08T13:35:15.920526+00:00
20260023,Portugal,2,NELSON SEMEDO,3086.1,852.2,1282.6,608.5,210.3,132.5,46.0,16.0,31.1,fifa_training_centre_pmsr_pdf,https://www.fifatrainingcentre.com/media/native/tournaments/fifa-world-cup/2026/PMSR-M23-POR-V-COD.pdf,2026-07-08T13:35:15.920526+00:00
20260023,Portugal,9,GONCALO RAMOS,1627.4,452.3,614.4,302.9,189.1,68.6,27.0,14.0,31.9,fifa_training_centre_pmsr_pdf,https://www.fifatrainingcentre.com/media/native/tournaments/fifa-world-cup/2026/PMSR-M23-POR-V-COD.pdf,2026-07-08T13:35:15.920526+00:00
20260023,Portugal,17,RAFAEL LEAO,2434.2,1085.1,784.8,352.2,155.3,56.8,31.0,11.0,30.1,fifa_training_centre_pmsr_pdf,https://www.fifatrainingcentre.com/media/native/tournaments/fifa-world-cup/2026/PMSR-M23-POR-V-COD.pdf,2026-07-08T13:35:15.920526+00:00
20260023,Portugal,26,FRANCISCO CONCEICAO,5560.7,2075.0,2306.9,791.8,237.9,149.1,64.0,23.0,32.9,fifa_training_centre_pmsr_pdf,https://www.fifatrainingcentre.com/media/native/tournaments/fifa-world-cup/2026/PMSR-M23-POR-V-COD.pdf,2026-07-08T13:35:15.920526+00:00
20260023,Congo DR,1,Lionel MPASI,4579.9,3718.6,751.2,88.8,21.2,0.0,10.0,2.0,24.4,fifa_training_centre_pmsr_pdf,https://www.fifatrainingcentre.com/media/native/tournaments/fifa-world-cup/2026/PMSR-M23-POR-V-COD.pdf,2026-07-08T13:35:15.920526+00:00
20260023,Congo DR,2,Aaron WAN-BISSAKA,9260.5,3672.8,3721.2,1119.5,497.7,249.1,101.0,43.0,31.6,fifa_training_centre_pmsr_pdf,https://www.fifatrainingcentre.com/media/native/tournaments/fifa-world-cup/2026/PMSR-M23-POR-V-COD.pdf,2026-07-08T13:35:15.920526+00:00
20260023,Congo DR,3,Steve KAPUADI,9955.3,4150.1,4124.5,1223.6,295.5,161.6,109.0,26.0,32.8,fifa_training_centre_pmsr_pdf,https://www.fifatrainingcentre.com/media/native/tournaments/fifa-world-cup/2026/PMSR-M23-POR-V-COD.pdf,2026-07-08T13:35:15.920526+00:00
20260023,Congo DR,4,Axel TUANZEBE,9283.3,4110.6,3951.2,748.8,337.0,135.7,68.0,26.0,28.5,fifa_training_centre_pmsr_pdf,https://www.fifatrainingcentre.com/media/native/tournaments/fifa-world-cup/2026/PMSR-M23-POR-V-COD.pdf,2026-07-08T13:35:15.920526+00:00
20260023,Congo DR,6,Ngalayel MUKAU,7945.6,2128.5,3943.2,1401.5,388.9,83.4,122.0,34.0,30.5,fifa_training_centre_pmsr_pdf,https://www.fifatrainingcentre.com/media/native/tournaments/fifa-world-cup/2026/PMSR-M23-POR-V-COD.pdf,2026-07-08T13:35:15.920526+00:00
20260023,Congo DR,8,Samuel MOUTOUSSAMY,12137.7,3251.1,5944.2,2029.0,761.8,151.6,159.0,51.0,29.9,fifa_training_centre_pmsr_pdf,https://www.fifatrainingcentre.com/media/native/tournaments/fifa-world-cup/2026/PMSR-M23-POR-V-COD.pdf,2026-07-08T13:35:15.920526+00:00
20260023,Congo DR,17,Cedric BAKAMBU,9255.1,3958.1,3057.3,1342.2,646.8,250.7,114.0,56.0,32.3,fifa_training_centre_pmsr_pdf,https://www.fifatrainingcentre.com/media/native/tournaments/fifa-world-cup/2026/PMSR-M23-POR-V-COD.pdf,2026-07-08T13:35:15.920526+00:00
20260023,Congo DR,20,Yoane WISSA,10880.7,4359.4,4291.4,1234.7,629.3,365.9,96.0,49.0,33.4,fifa_training_centre_pmsr_pdf,https://www.fifatrainingcentre.com/media/native/tournaments/fifa-world-cup/2026/PMSR-M23-POR-V-COD.pdf,2026-07-08T13:35:15.920526+00:00
20260023,Congo DR,22,Chancel MBEMBA,9189.2,4214.1,3555.7,890.7,352.4,176.2,82.0,33.0,32.2,fifa_training_centre_pmsr_pdf,https://www.fifatrainingcentre.com/media/native/tournaments/fifa-world-cup/2026/PMSR-M23-POR-V-COD.pdf,2026-07-08T13:35:15.920526+00:00
20260023,Congo DR,25,Edo KAYEMBE,9203.5,2895.2,4203.4,1450.0,571.3,83.6,137.0,43.0,28.4,fifa_training_centre_pmsr_pdf,https://www.fifatrainingcentre.com/media/native/tournaments/fifa-world-cup/2026/PMSR-M23-POR-V-COD.pdf,2026-07-08T13:35:15.920526+00:00
20260023,Congo DR,26,Arthur MASUAKU,8008.0,3288.5,3331.7,883.6,384.9,119.2,85.0,31.0,32.5,fifa_training_centre_pmsr_pdf,https://www.fifatrainingcentre.com/media/native/tournaments/fifa-world-cup/2026/PMSR-M23-POR-V-COD.pdf,2026-07-08T13:35:15.920526+00:00
20260023,Congo DR,12,Joris KAYEMBE,2510.7,839.9,1002.6,462.2,200.6,5.5,32.0,13.0,25.5,fifa_training_centre_pmsr_pdf,https://www.fifatrainingcentre.com/media/native/tournaments/fifa-world-cup/2026/PMSR-M23-POR-V-COD.pdf,2026-07-08T13:35:15.920526+00:00
20260023,Congo DR,14,Noah SADIKI,4751.4,1365.1,2069.4,781.8,387.6,147.5,71.0,30.0,30.5,fifa_training_centre_pmsr_pdf,https://www.fifatrainingcentre.com/media/native/tournaments/fifa-world-cup/2026/PMSR-M23-POR-V-COD.pdf,2026-07-08T13:35:15.920526+00:00
20260023,Congo DR,18,Charles PICKEL,2870.6,767.6,1041.5,504.1,274.3,283.1,47.0,21.0,33.2,fifa_training_centre_pmsr_pdf,https://www.fifatrainingcentre.com/media/native/tournaments/fifa-world-cup/2026/PMSR-M23-POR-V-COD.pdf,2026-07-08T13:35:15.920526+00:00
20260023,Congo DR,23,Simon BANZA,1383.0,332.1,587.2,292.6,131.6,39.6,23.0,8.0,29.0,fifa_training_centre_pmsr_pdf,https://www.fifatrainingcentre.com/media/native/tournaments/fifa-world-cup/2026/PMSR-M23-POR-V-COD.pdf,2026-07-08T13:35:15.920526+00:00
20260023,Congo DR,24,Gedeon KALULU,1186.8,420.0,418.2,208.9,116.5,23.2,20.0,6.0,28.0,fifa_training_centre_pmsr_pdf,https://www.fifatrainingcentre.com/media/native/tournaments/fifa-world-cup/2026/PMSR-M23-POR-V-COD.pdf,2026-07-08T13:35:15.920526+00:00
20260024,Uzbekistan,1,Utkir YUSUPOV,5094.4,4300.5,694.1,87.5,12.3,0.0,7.0,1.0,22.5,fifa_training_centre_pmsr_pdf,https://www.fifatrainingcentre.com/media/native/tournaments/fifa-world-cup/2026/PMSR-M24-UZB-V-COL-V2.pdf,2026-07-08T13:35:15.920526+00:00
20260024,Uzbekistan,2,Abdukodir KHUSANOV,9145.7,4109.5,3818.5,817.8,242.8,157.1,78.0,25.0,36.5,fifa_training_centre_pmsr_pdf,https://www.fifatrainingcentre.com/media/native/tournaments/fifa-world-cup/2026/PMSR-M24-UZB-V-COL-V2.pdf,2026-07-08T13:35:15.920526+00:00
20260024,Uzbekistan,5,Rustam ASHURMATOV,7499.1,3218.8,3285.4,754.2,167.7,73.0,64.0,15.0,30.3,fifa_training_centre_pmsr_pdf,https://www.fifatrainingcentre.com/media/native/tournaments/fifa-world-cup/2026/PMSR-M24-UZB-V-COL-V2.pdf,2026-07-08T13:35:15.920526+00:00
20260024,Uzbekistan,6,Akmal MOZGOVOY,12019.7,4161.7,5831.2,1570.6,384.2,72.0,150.0,31.0,28.3,fifa_training_centre_pmsr_pdf,https://www.fifatrainingcentre.com/media/native/tournaments/fifa-world-cup/2026/PMSR-M24-UZB-V-COL-V2.pdf,2026-07-08T13:35:15.920526+00:00
20260024,Uzbekistan,7,Otabek SHUKUROV,11549.7,3986.3,5708.0,1487.4,318.3,49.6,132.0,28.0,28.5,fifa_training_centre_pmsr_pdf,https://www.fifatrainingcentre.com/media/native/tournaments/fifa-world-cup/2026/PMSR-M24-UZB-V-COL-V2.pdf,2026-07-08T13:35:15.920526+00:00
20260024,Uzbekistan,11,Oston URUNOV,5419.7,2256.2,2104.6,767.7,220.6,70.6,59.0,19.0,30.4,fifa_training_centre_pmsr_pdf,https://www.fifatrainingcentre.com/media/native/tournaments/fifa-world-cup/2026/PMSR-M24-UZB-V-COL-V2.pdf,2026-07-08T13:35:15.920526+00:00
20260024,Uzbekistan,13,Sherzod NASRULLAEV,5146.8,2139.4,2214.7,534.3,232.8,25.6,50.0,18.0,26.6,fifa_training_centre_pmsr_pdf,https://www.fifatrainingcentre.com/media/native/tournaments/fifa-world-cup/2026/PMSR-M24-UZB-V-COL-V2.pdf,2026-07-08T13:35:15.920526+00:00
20260024,Uzbekistan,14,Eldor SHOMURODOV,9918.9,4712.8,3471.8,1053.5,501.3,179.4,93.0,45.0,30.2,fifa_training_centre_pmsr_pdf,https://www.fifatrainingcentre.com/media/native/tournaments/fifa-world-cup/2026/PMSR-M24-UZB-V-COL-V2.pdf,2026-07-08T13:35:15.920526+00:00
20260024,Uzbekistan,18,Abdulla ABDULLAEV,9837.6,4379.6,4126.6,1028.4,257.8,45.1,86.0,19.0,30.3,fifa_training_centre_pmsr_pdf,https://www.fifatrainingcentre.com/media/native/tournaments/fifa-world-cup/2026/PMSR-M24-UZB-V-COL-V2.pdf,2026-07-08T13:35:15.920526+00:00
20260024,Uzbekistan,22,Abbosbek FAYZULLAEV,8320.1,3173.1,3383.9,1092.2,447.3,223.6,101.0,35.0,33.9,fifa_training_centre_pmsr_pdf,https://www.fifatrainingcentre.com/media/native/tournaments/fifa-world-cup/2026/PMSR-M24-UZB-V-COL-V2.pdf,2026-07-08T13:35:15.920526+00:00
20260024,Uzbekistan,24,Behruzjon KARIMOV,10419.4,4040.4,4314.9,1323.2,522.4,218.5,112.0,45.0,32.2,fifa_training_centre_pmsr_pdf,https://www.fifatrainingcentre.com/media/native/tournaments/fifa-world-cup/2026/PMSR-M24-UZB-V-COL-V2.pdf,2026-07-08T13:35:15.920526+00:00
20260024,Uzbekistan,4,Farrukh SAYFIEV,5770.1,2257.9,2092.7,831.6,442.8,145.1,71.0,31.0,30.6,fifa_training_centre_pmsr_pdf,https://www.fifatrainingcentre.com/media/native/tournaments/fifa-world-cup/2026/PMSR-M24-UZB-V-COL-V2.pdf,2026-07-08T13:35:15.920526+00:00
20260024,Uzbekistan,17,Dostonbek KHAMDAMOV,5750.2,2197.0,2226.8,897.1,357.2,72.1,75.0,25.0,32.3,fifa_training_centre_pmsr_pdf,https://www.fifatrainingcentre.com/media/native/tournaments/fifa-world-cup/2026/PMSR-M24-UZB-V-COL-V2.pdf,2026-07-08T13:35:15.920526+00:00
20260024,Uzbekistan,20,Azizbek AMONOV,2708.1,1020.9,1005.6,378.6,220.7,82.3,36.0,16.0,30.1,fifa_training_centre_pmsr_pdf,https://www.fifatrainingcentre.com/media/native/tournaments/fifa-world-cup/2026/PMSR-M24-UZB-V-COL-V2.pdf,2026-07-08T13:35:15.920526+00:00
20260024,Uzbekistan,21,Igor SERGEEV,787.5,260.7,353.1,92.9,69.5,11.3,8.0,4.0,27.0,fifa_training_centre_pmsr_pdf,https://www.fifatrainingcentre.com/media/native/tournaments/fifa-world-cup/2026/PMSR-M24-UZB-V-COL-V2.pdf,2026-07-08T13:35:15.920526+00:00
20260024,Uzbekistan,26,Jakhongir UROZOV,2631.4,889.3,1221.8,408.4,84.2,27.7,39.0,8.0,30.8,fifa_training_centre_pmsr_pdf,https://www.fifatrainingcentre.com/media/native/tournaments/fifa-world-cup/2026/PMSR-M24-UZB-V-COL-V2.pdf,2026-07-08T13:35:15.920526+00:00
20260024,Colombia,12,Camilo VARGAS,4431.3,3610.1,721.4,73.5,26.3,0.0,8.0,4.0,22.5,fifa_training_centre_pmsr_pdf,https://www.fifatrainingcentre.com/media/native/tournaments/fifa-world-cup/2026/PMSR-M24-UZB-V-COL-V2.pdf,2026-07-08T13:35:15.920526+00:00
20260024,Colombia,2,Daniel MUNOZ,11347.5,3644.7,5145.0,1710.8,700.9,146.1,140.0,53.0,30.2,fifa_training_centre_pmsr_pdf,https://www.fifatrainingcentre.com/media/native/tournaments/fifa-world-cup/2026/PMSR-M24-UZB-V-COL-V2.pdf,2026-07-08T13:35:15.920526+00:00
20260024,Colombia,3,Jhon LUCUMI,8704.9,4289.0,3274.9,740.9,253.3,146.7,62.0,20.0,32.9,fifa_training_centre_pmsr_pdf,https://www.fifatrainingcentre.com/media/native/tournaments/fifa-world-cup/2026/PMSR-M24-UZB-V-COL-V2.pdf,2026-07-08T13:35:15.920526+00:00
20260024,Colombia,7,Luis DIAZ,9133.7,4264.4,3462.3,822.2,342.7,242.0,66.0,32.0,34.6,fifa_training_centre_pmsr_pdf,https://www.fifatrainingcentre.com/media/native/tournaments/fifa-world-cup/2026/PMSR-M24-UZB-V-COL-V2.pdf,2026-07-08T13:35:15.920526+00:00
20260024,Colombia,10,James RODRIGUEZ,7582.7,3254.0,3374.7,846.2,93.3,14.5,70.0,7.0,26.2,fifa_training_centre_pmsr_pdf,https://www.fifatrainingcentre.com/media/native/tournaments/fifa-world-cup/2026/PMSR-M24-UZB-V-COL-V2.pdf,2026-07-08T13:35:15.920526+00:00
20260024,Colombia,11,Jhon ARIAS,9387.8,4219.8,3682.2,995.5,389.2,101.1,84.0,32.0,30.2,fifa_training_centre_pmsr_pdf,https://www.fifatrainingcentre.com/media/native/tournaments/fifa-world-cup/2026/PMSR-M24-UZB-V-COL-V2.pdf,2026-07-08T13:35:15.920526+00:00
20260024,Colombia,14,Gustavo PUERTA,9420.3,3299.1,4232.9,1351.3,456.5,80.4,118.0,41.0,29.3,fifa_training_centre_pmsr_pdf,https://www.fifatrainingcentre.com/media/native/tournaments/fifa-world-cup/2026/PMSR-M24-UZB-V-COL-V2.pdf,2026-07-08T13:35:15.920526+00:00
20260024,Colombia,16,Jefferson LERMA,11199.6,3698.7,5104.5,1953.4,366.8,76.2,156.0,32.0,32.3,fifa_training_centre_pmsr_pdf,https://www.fifatrainingcentre.com/media/native/tournaments/fifa-world-cup/2026/PMSR-M24-UZB-V-COL-V2.pdf,2026-07-08T13:35:15.920526+00:00
20260024,Colombia,17,Johan MOJICA,10309.8,4277.6,3836.1,1411.6,552.6,231.9,117.0,38.0,33.8,fifa_training_centre_pmsr_pdf,https://www.fifatrainingcentre.com/media/native/tournaments/fifa-world-cup/2026/PMSR-M24-UZB-V-COL-V2.pdf,2026-07-08T13:35:15.920526+00:00
20260024,Colombia,23,Davinson SANCHEZ,9649.6,4284.1,3682.5,1090.9,417.1,175.0,96.0,33.0,31.8,fifa_training_centre_pmsr_pdf,https://www.fifatrainingcentre.com/media/native/tournaments/fifa-world-cup/2026/PMSR-M24-UZB-V-COL-V2.pdf,2026-07-08T13:35:15.920526+00:00
20260024,Colombia,25,Luis SUAREZ,7554.6,3916.1,2440.9,691.6,338.2,167.7,62.0,26.0,33.3,fifa_training_centre_pmsr_pdf,https://www.fifatrainingcentre.com/media/native/tournaments/fifa-world-cup/2026/PMSR-M24-UZB-V-COL-V2.pdf,2026-07-08T13:35:15.920526+00:00
20260024,Colombia,5,Kevin CASTANO,974.6,280.4,412.1,187.3,83.5,11.3,17.0,6.0,27.2,fifa_training_centre_pmsr_pdf,https://www.fifatrainingcentre.com/media/native/tournaments/fifa-world-cup/2026/PMSR-M24-UZB-V-COL-V2.pdf,2026-07-08T13:35:15.920526+00:00
20260024,Colombia,6,Richard RIOS,2495.6,856.2,960.5,483.8,153.9,41.2,38.0,15.0,28.9,fifa_training_centre_pmsr_pdf,https://www.fifatrainingcentre.com/media/native/tournaments/fifa-world-cup/2026/PMSR-M24-UZB-V-COL-V2.pdf,2026-07-08T13:35:15.920526+00:00
20260024,Colombia,19,Cucho HERNANDEZ,2325.6,882.8,960.0,306.0,129.7,47.0,28.0,7.0,32.3,fifa_training_centre_pmsr_pdf,https://www.fifatrainingcentre.com/media/native/tournaments/fifa-world-cup/2026/PMSR-M24-UZB-V-COL-V2.pdf,2026-07-08T13:35:15.920526+00:00
20260024,Colombia,21,Jaminton CAMPAZ,3153.0,1071.9,1332.6,456.6,267.9,24.0,39.0,17.0,26.1,fifa_training_centre_pmsr_pdf,https://www.fifatrainingcentre.com/media/native/tournaments/fifa-world-cup/2026/PMSR-M24-UZB-V-COL-V2.pdf,2026-07-08T13:35:15.920526+00:00
20260024,Colombia,26,Andres GOMEZ,1042.1,264.8,404.2,265.2,85.7,22.2,16.0,6.0,28.4,fifa_training_centre_pmsr_pdf,https://www.fifatrainingcentre.com/media/native/tournaments/fifa-world-cup/2026/PMSR-M24-UZB-V-COL-V2.pdf,2026-07-08T13:35:15.920526+00:00
20260025,Czechia,1,Matej KOVAR,4632.1,3673.9,929.4,28.8,0.0,0.0,3.0,0.0,17.6,fifa_training_centre_pmsr_pdf,https://www.fifatrainingcentre.com/media/native/tournaments/fifa-world-cup/2026/PMSR-M25-CZE-V-RSA.pdf,2026-07-08T13:35:15.920526+00:00
20260025,Czechia,3,Tomas HOLES,10661.3,3616.1,4876.2,1583.7,480.1,105.2,130.0,38.0,31.3,fifa_training_centre_pmsr_pdf,https://www.fifatrainingcentre.com/media/native/tournaments/fifa-world-cup/2026/PMSR-M25-CZE-V-RSA.pdf,2026-07-08T13:35:15.920526+00:00
20260025,Czechia,4,Robin HRANAC,10093.3,3981.3,4338.6,1261.5,400.4,111.5,106.0,35.0,32.0,fifa_training_centre_pmsr_pdf,https://www.fifatrainingcentre.com/media/native/tournaments/fifa-world-cup/2026/PMSR-M25-CZE-V-RSA.pdf,2026-07-08T13:35:15.920526+00:00
20260025,Czechia,5,Vladimir COUFAL,11827.4,3768.5,5110.5,2043.1,701.2,204.1,165.0,56.0,30.5,fifa_training_centre_pmsr_pdf,https://www.fifatrainingcentre.com/media/native/tournaments/fifa-world-cup/2026/PMSR-M25-CZE-V-RSA.pdf,2026-07-08T13:35:15.920526+00:00
20260025,Czechia,7,Ladislav KREJCI,10908.0,4040.9,4799.4,1532.8,450.2,84.6,127.0,28.0,29.8,fifa_training_centre_pmsr_pdf,https://www.fifatrainingcentre.com/media/native/tournaments/fifa-world-cup/2026/PMSR-M25-CZE-V-RSA.pdf,2026-07-08T13:35:15.920526+00:00
20260025,Czechia,8,Vladimir DARIDA,7507.5,1986.0,3176.5,1477.1,676.8,191.1,135.0,49.0,29.5,fifa_training_centre_pmsr_pdf,https://www.fifatrainingcentre.com/media/native/tournaments/fifa-world-cup/2026/PMSR-M25-CZE-V-RSA.pdf,2026-07-08T13:35:15.920526+00:00
20260025,Czechia,9,Adam HLOZEK,8309.8,2696.5,3556.9,1267.1,535.3,254.0,122.0,49.0,31.7,fifa_training_centre_pmsr_pdf,https://www.fifatrainingcentre.com/media/native/tournaments/fifa-world-cup/2026/PMSR-M25-CZE-V-RSA.pdf,2026-07-08T13:35:15.920526+00:00
20260025,Czechia,10,Patrik SCHICK,11347.2,3589.1,5893.5,1376.8,416.8,71.0,115.0,33.0,29.0,fifa_training_centre_pmsr_pdf,https://www.fifatrainingcentre.com/media/native/tournaments/fifa-world-cup/2026/PMSR-M25-CZE-V-RSA.pdf,2026-07-08T13:35:15.920526+00:00
20260025,Czechia,12,Lukas CERV,8924.0,2751.0,4559.7,1231.0,360.4,21.9,88.0,26.0,26.7,fifa_training_centre_pmsr_pdf,https://www.fifatrainingcentre.com/media/native/tournaments/fifa-world-cup/2026/PMSR-M25-CZE-V-RSA.pdf,2026-07-08T13:35:15.920526+00:00
20260025,Czechia,18,Michal SADILEK,8936.0,2299.9,4158.4,1642.4,637.5,197.8,140.0,52.0,29.5,fifa_training_centre_pmsr_pdf,https://www.fifatrainingcentre.com/media/native/tournaments/fifa-world-cup/2026/PMSR-M25-CZE-V-RSA.pdf,2026-07-08T13:35:15.920526+00:00
20260025,Czechia,24,Alexandr SOJKA,7449.9,2219.5,2950.3,1437.1,698.4,144.6,126.0,48.0,29.2,fifa_training_centre_pmsr_pdf,https://www.fifatrainingcentre.com/media/native/tournaments/fifa-world-cup/2026/PMSR-M25-CZE-V-RSA.pdf,2026-07-08T13:35:15.920526+00:00
20260025,Czechia,2,David ZIMA,2311.5,787.3,1062.9,349.4,111.8,0.0,23.0,9.0,24.6,fifa_training_centre_pmsr_pdf,https://www.fifatrainingcentre.com/media/native/tournaments/fifa-world-cup/2026/PMSR-M25-CZE-V-RSA.pdf,2026-07-08T13:35:15.920526+00:00
20260025,Czechia,15,Pavel SULC,4808.7,1558.5,1874.0,873.2,339.9,163.1,84.0,27.0,32.1,fifa_training_centre_pmsr_pdf,https://www.fifatrainingcentre.com/media/native/tournaments/fifa-world-cup/2026/PMSR-M25-CZE-V-RSA.pdf,2026-07-08T13:35:15.920526+00:00
20260025,Czechia,17,Lukas PROVOD,3602.8,942.9,1489.6,811.0,274.5,84.8,57.0,21.0,30.7,fifa_training_centre_pmsr_pdf,https://www.fifatrainingcentre.com/media/native/tournaments/fifa-world-cup/2026/PMSR-M25-CZE-V-RSA.pdf,2026-07-08T13:35:15.920526+00:00
20260025,Czechia,20,Jaroslav ZELENY,4633.9,1612.6,1939.9,692.9,314.2,74.2,66.0,20.0,29.2,fifa_training_centre_pmsr_pdf,https://www.fifatrainingcentre.com/media/native/tournaments/fifa-world-cup/2026/PMSR-M25-CZE-V-RSA.pdf,2026-07-08T13:35:15.920526+00:00
20260025,Czechia,22,Tomas SOUCEK,3640.1,921.1,1654.8,775.4,251.2,37.6,68.0,17.0,26.9,fifa_training_centre_pmsr_pdf,https://www.fifatrainingcentre.com/media/native/tournaments/fifa-world-cup/2026/PMSR-M25-CZE-V-RSA.pdf,2026-07-08T13:35:15.920526+00:00
20260025,South Africa,1,Ronwen WILLIAMS,5596.2,4204.5,1227.2,123.5,41.0,0.0,9.0,3.0,24.3,fifa_training_centre_pmsr_pdf,https://www.fifatrainingcentre.com/media/native/tournaments/fifa-world-cup/2026/PMSR-M25-CZE-V-RSA.pdf,2026-07-08T13:35:15.920526+00:00
20260025,South Africa,4,Teboho MOKOENA,10523.7,3520.6,4748.2,1631.7,482.8,140.4,135.0,38.0,31.3,fifa_training_centre_pmsr_pdf,https://www.fifatrainingcentre.com/media/native/tournaments/fifa-world-cup/2026/PMSR-M25-CZE-V-RSA.pdf,2026-07-08T13:35:15.920526+00:00
20260025,South Africa,5,Thalente MBATHA,11135.5,3794.2,4751.4,1796.0,515.7,278.2,159.0,47.0,31.1,fifa_training_centre_pmsr_pdf,https://www.fifatrainingcentre.com/media/native/tournaments/fifa-world-cup/2026/PMSR-M25-CZE-V-RSA.pdf,2026-07-08T13:35:15.920526+00:00
20260025,South Africa,6,Aubrey MODIBA,10348.5,3944.7,4211.4,1563.2,544.5,84.7,142.0,37.0,29.1,fifa_training_centre_pmsr_pdf,https://www.fifatrainingcentre.com/media/native/tournaments/fifa-world-cup/2026/PMSR-M25-CZE-V-RSA.pdf,2026-07-08T13:35:15.920526+00:00
20260025,South Africa,7,Oswin APPOLLIS,11066.8,3530.7,4982.4,1712.8,685.7,155.2,145.0,62.0,32.2,fifa_training_centre_pmsr_pdf,https://www.fifatrainingcentre.com/media/native/tournaments/fifa-world-cup/2026/PMSR-M25-CZE-V-RSA.pdf,2026-07-08T13:35:15.920526+00:00
20260025,South Africa,12,Thapelo MASEKO,9209.1,3320.1,3864.1,1212.9,619.1,192.9,109.0,52.0,32.4,fifa_training_centre_pmsr_pdf,https://www.fifatrainingcentre.com/media/native/tournaments/fifa-world-cup/2026/PMSR-M25-CZE-V-RSA.pdf,2026-07-08T13:35:15.920526+00:00
20260025,South Africa,14,Mbekezeli MBOKAZI,8919.1,3598.2,3732.0,1006.3,364.1,218.4,89.0,34.0,32.7,fifa_training_centre_pmsr_pdf,https://www.fifatrainingcentre.com/media/native/tournaments/fifa-world-cup/2026/PMSR-M25-CZE-V-RSA.pdf,2026-07-08T13:35:15.920526+00:00
20260025,South Africa,15,Iqraam RAYNERS,7369.7,3107.4,2551.3,860.9,528.4,321.7,68.0,45.0,32.9,fifa_training_centre_pmsr_pdf,https://www.fifatrainingcentre.com/media/native/tournaments/fifa-world-cup/2026/PMSR-M25-CZE-V-RSA.pdf,2026-07-08T13:35:15.920526+00:00
20260025,South Africa,20,Khuliso MUDAU,10551.4,3499.2,4664.1,1385.1,608.6,394.4,115.0,46.0,32.8,fifa_training_centre_pmsr_pdf,https://www.fifatrainingcentre.com/media/native/tournaments/fifa-world-cup/2026/PMSR-M25-CZE-V-RSA.pdf,2026-07-08T13:35:15.920526+00:00
20260025,South Africa,21,Ime OKON,10261.0,3799.4,4045.6,1545.2,638.7,232.0,141.0,55.0,31.5,fifa_training_centre_pmsr_pdf,https://www.fifatrainingcentre.com/media/native/tournaments/fifa-world-cup/2026/PMSR-M25-CZE-V-RSA.pdf,2026-07-08T13:35:15.920526+00:00
20260025,South Africa,23,Jayden ADAMS,5460.8,1963.9,2398.0,809.4,243.6,45.9,73.0,19.0,28.6,fifa_training_centre_pmsr_pdf,https://www.fifatrainingcentre.com/media/native/tournaments/fifa-world-cup/2026/PMSR-M25-CZE-V-RSA.pdf,2026-07-08T13:35:15.920526+00:00
20260025,South Africa,10,Relebohile MOFOKENG,6568.0,1619.8,3260.4,1255.8,302.8,129.1,102.0,23.0,30.0,fifa_training_centre_pmsr_pdf,https://www.fifatrainingcentre.com/media/native/tournaments/fifa-world-cup/2026/PMSR-M25-CZE-V-RSA.pdf,2026-07-08T13:35:15.920526+00:00
20260025,South Africa,17,Evidence MAKGOPA,3253.8,1212.9,1246.2,529.8,174.7,90.2,43.0,14.0,28.6,fifa_training_centre_pmsr_pdf,https://www.fifatrainingcentre.com/media/native/tournaments/fifa-world-cup/2026/PMSR-M25-CZE-V-RSA.pdf,2026-07-08T13:35:15.920526+00:00
20260025,South Africa,25,Kamogelo SEBELEBELE,1742.9,415.8,777.8,358.9,126.0,64.5,27.0,11.0,28.3,fifa_training_centre_pmsr_pdf,https://www.fifatrainingcentre.com/media/native/tournaments/fifa-world-cup/2026/PMSR-M25-CZE-V-RSA.pdf,2026-07-08T13:35:15.920526+00:00
20260026,Switzerland,1,Gregor KOBEL,5722.5,4387.7,1216.2,104.8,13.8,0.0,10.0,1.0,21.5,fifa_training_centre_pmsr_pdf,https://www.fifatrainingcentre.com/media/native/tournaments/fifa-world-cup/2026/PMSR-M26-SUI-V-BIH.pdf,2026-07-08T13:35:15.920526+00:00
20260026,Switzerland,3,Silvan WIDMER,9704.3,3476.1,4003.8,1440.0,584.2,200.2,131.0,47.0,32.5,fifa_training_centre_pmsr_pdf,https://www.fifatrainingcentre.com/media/native/tournaments/fifa-world-cup/2026/PMSR-M26-SUI-V-BIH.pdf,2026-07-08T13:35:15.920526+00:00
20260026,Switzerland,4,Nico ELVEDI,9971.2,3624.9,4596.8,1259.6,352.1,137.8,112.0,33.0,31.2,fifa_training_centre_pmsr_pdf,https://www.fifatrainingcentre.com/media/native/tournaments/fifa-world-cup/2026/PMSR-M26-SUI-V-BIH.pdf,2026-07-08T13:35:15.920526+00:00
20260026,Switzerland,5,Manuel AKANJI,9709.9,4085.3,3952.3,1265.5,256.9,149.9,109.0,24.0,31.1,fifa_training_centre_pmsr_pdf,https://www.fifatrainingcentre.com/media/native/tournaments/fifa-world-cup/2026/PMSR-M26-SUI-V-BIH.pdf,2026-07-08T13:35:15.920526+00:00
20260026,Switzerland,7,Breel EMBOLO,9097.8,4121.0,3112.1,1206.8,489.2,168.7,101.0,45.0,34.0,fifa_training_centre_pmsr_pdf,https://www.fifatrainingcentre.com/media/native/tournaments/fifa-world-cup/2026/PMSR-M26-SUI-V-BIH.pdf,2026-07-08T13:35:15.920526+00:00
20260026,Switzerland,8,Remo FREULER,11831.4,4241.5,5055.0,1987.3,491.1,56.5,172.0,43.0,28.4,fifa_training_centre_pmsr_pdf,https://www.fifatrainingcentre.com/media/native/tournaments/fifa-world-cup/2026/PMSR-M26-SUI-V-BIH.pdf,2026-07-08T13:35:15.920526+00:00
20260026,Switzerland,10,Granit XHAKA,11400.4,3826.2,4639.7,2372.4,484.6,77.5,182.0,35.0,28.7,fifa_training_centre_pmsr_pdf,https://www.fifatrainingcentre.com/media/native/tournaments/fifa-world-cup/2026/PMSR-M26-SUI-V-BIH.pdf,2026-07-08T13:35:15.920526+00:00
20260026,Switzerland,11,Dan NDOYE,8006.2,3070.5,3163.5,952.8,550.7,268.9,89.0,46.0,31.4,fifa_training_centre_pmsr_pdf,https://www.fifatrainingcentre.com/media/native/tournaments/fifa-world-cup/2026/PMSR-M26-SUI-V-BIH.pdf,2026-07-08T13:35:15.920526+00:00
20260026,Switzerland,13,Ricardo RODRIGUEZ,10255.2,4366.2,3916.4,1296.4,556.5,119.8,112.0,37.0,31.1,fifa_training_centre_pmsr_pdf,https://www.fifatrainingcentre.com/media/native/tournaments/fifa-world-cup/2026/PMSR-M26-SUI-V-BIH.pdf,2026-07-08T13:35:15.920526+00:00
20260026,Switzerland,20,Michel AEBISCHER,9050.8,3147.9,3500.8,1528.7,673.2,200.2,145.0,43.0,29.4,fifa_training_centre_pmsr_pdf,https://www.fifatrainingcentre.com/media/native/tournaments/fifa-world-cup/2026/PMSR-M26-SUI-V-BIH.pdf,2026-07-08T13:35:15.920526+00:00
20260026,Switzerland,22,Fabian RIEDER,9220.1,2575.8,4286.7,1669.8,518.0,169.8,143.0,45.0,30.4,fifa_training_centre_pmsr_pdf,https://www.fifatrainingcentre.com/media/native/tournaments/fifa-world-cup/2026/PMSR-M26-SUI-V-BIH.pdf,2026-07-08T13:35:15.920526+00:00
20260026,Switzerland,9,Johan MANZAMBI,2824.8,995.4,1165.4,429.5,176.2,58.2,35.0,13.0,29.6,fifa_training_centre_pmsr_pdf,https://www.fifatrainingcentre.com/media/native/tournaments/fifa-world-cup/2026/PMSR-M26-SUI-V-BIH.pdf,2026-07-08T13:35:15.920526+00:00
20260026,Switzerland,15,Djibril SOW,3174.4,852.7,1311.0,636.3,339.7,34.8,65.0,27.0,27.1,fifa_training_centre_pmsr_pdf,https://www.fifatrainingcentre.com/media/native/tournaments/fifa-world-cup/2026/PMSR-M26-SUI-V-BIH.pdf,2026-07-08T13:35:15.920526+00:00
20260026,Switzerland,17,Ruben VARGAS,2554.8,1088.4,852.2,349.8,147.5,116.9,30.0,13.0,31.2,fifa_training_centre_pmsr_pdf,https://www.fifatrainingcentre.com/media/native/tournaments/fifa-world-cup/2026/PMSR-M26-SUI-V-BIH.pdf,2026-07-08T13:35:15.920526+00:00
20260026,Switzerland,25,Luca JAQUEZ,1309.1,414.4,587.2,141.1,111.1,55.2,12.0,7.0,29.6,fifa_training_centre_pmsr_pdf,https://www.fifatrainingcentre.com/media/native/tournaments/fifa-world-cup/2026/PMSR-M26-SUI-V-BIH.pdf,2026-07-08T13:35:15.920526+00:00
20260026,Switzerland,26,Cedric ITTEN,1047.1,306.6,417.3,195.4,69.1,58.8,14.0,7.0,30.1,fifa_training_centre_pmsr_pdf,https://www.fifatrainingcentre.com/media/native/tournaments/fifa-world-cup/2026/PMSR-M26-SUI-V-BIH.pdf,2026-07-08T13:35:15.920526+00:00
20260026,Bosnia and Herzegovina,1,Nikola VASILJ,5580.8,4083.8,1421.0,65.4,8.8,1.7,8.0,1.0,25.2,fifa_training_centre_pmsr_pdf,https://www.fifatrainingcentre.com/media/native/tournaments/fifa-world-cup/2026/PMSR-M26-SUI-V-BIH.pdf,2026-07-08T13:35:15.920526+00:00
20260026,Bosnia and Herzegovina,4,Tarik MUHAREMOVIC,8731.4,3242.7,4005.6,1133.5,246.0,103.6,101.0,23.0,31.4,fifa_training_centre_pmsr_pdf,https://www.fifatrainingcentre.com/media/native/tournaments/fifa-world-cup/2026/PMSR-M26-SUI-V-BIH.pdf,2026-07-08T13:35:15.920526+00:00
20260026,Bosnia and Herzegovina,5,Sead KOLASINAC,10471.6,4089.5,4558.1,1267.3,430.8,125.9,98.0,35.0,31.6,fifa_training_centre_pmsr_pdf,https://www.fifatrainingcentre.com/media/native/tournaments/fifa-world-cup/2026/PMSR-M26-SUI-V-BIH.pdf,2026-07-08T13:35:15.920526+00:00
20260026,Bosnia and Herzegovina,6,Benjamin TAHIROVIC,8550.9,2572.4,3672.2,1622.5,535.6,148.3,138.0,39.0,29.8,fifa_training_centre_pmsr_pdf,https://www.fifatrainingcentre.com/media/native/tournaments/fifa-world-cup/2026/PMSR-M26-SUI-V-BIH.pdf,2026-07-08T13:35:15.920526+00:00
20260026,Bosnia and Herzegovina,7,Amar DEDIC,10279.1,3718.1,4254.0,1451.8,588.0,267.1,136.0,53.0,31.0,fifa_training_centre_pmsr_pdf,https://www.fifatrainingcentre.com/media/native/tournaments/fifa-world-cup/2026/PMSR-M26-SUI-V-BIH.pdf,2026-07-08T13:35:15.920526+00:00
20260026,Bosnia and Herzegovina,10,Ermedin DEMIROVIC,9520.8,3694.9,3707.7,1262.9,519.0,336.3,103.0,47.0,32.1,fifa_training_centre_pmsr_pdf,https://www.fifatrainingcentre.com/media/native/tournaments/fifa-world-cup/2026/PMSR-M26-SUI-V-BIH.pdf,2026-07-08T13:35:15.920526+00:00
20260026,Bosnia and Herzegovina,11,Edin DZEKO,7204.6,3123.6,2714.0,990.4,322.8,53.9,77.0,23.0,27.9,fifa_training_centre_pmsr_pdf,https://www.fifatrainingcentre.com/media/native/tournaments/fifa-world-cup/2026/PMSR-M26-SUI-V-BIH.pdf,2026-07-08T13:35:15.920526+00:00
20260026,Bosnia and Herzegovina,14,Ivan SUNJIC,10562.8,3114.6,4970.4,1956.7,505.6,15.5,172.0,42.0,25.9,fifa_training_centre_pmsr_pdf,https://www.fifatrainingcentre.com/media/native/tournaments/fifa-world-cup/2026/PMSR-M26-SUI-V-BIH.pdf,2026-07-08T13:35:15.920526+00:00
20260026,Bosnia and Herzegovina,15,Amar MEMIC,10930.2,3940.7,4398.1,1546.8,658.1,386.4,138.0,60.0,33.2,fifa_training_centre_pmsr_pdf,https://www.fifatrainingcentre.com/media/native/tournaments/fifa-world-cup/2026/PMSR-M26-SUI-V-BIH.pdf,2026-07-08T13:35:15.920526+00:00
20260026,Bosnia and Herzegovina,18,Nikola KATIC,10439.9,3931.1,4526.8,1381.4,448.5,152.1,124.0,36.0,30.1,fifa_training_centre_pmsr_pdf,https://www.fifatrainingcentre.com/media/native/tournaments/fifa-world-cup/2026/PMSR-M26-SUI-V-BIH.pdf,2026-07-08T13:35:15.920526+00:00
20260026,Bosnia and Herzegovina,19,Kerim ALAJBEGOVIC,10315.0,3781.8,4425.1,1464.8,485.9,157.4,128.0,41.0,31.9,fifa_training_centre_pmsr_pdf,https://www.fifatrainingcentre.com/media/native/tournaments/fifa-world-cup/2026/PMSR-M26-SUI-V-BIH.pdf,2026-07-08T13:35:15.920526+00:00
20260026,Bosnia and Herzegovina,13,Ivan BASIC,3580.7,1023.4,1674.5,589.7,251.8,41.2,44.0,15.0,27.0,fifa_training_centre_pmsr_pdf,https://www.fifatrainingcentre.com/media/native/tournaments/fifa-world-cup/2026/PMSR-M26-SUI-V-BIH.pdf,2026-07-08T13:35:15.920526+00:00
20260026,Bosnia and Herzegovina,16,Amir HADZIAHMETOVIC,1349.7,351.4,572.2,269.5,146.7,9.9,21.0,5.0,26.5,fifa_training_centre_pmsr_pdf,https://www.fifatrainingcentre.com/media/native/tournaments/fifa-world-cup/2026/PMSR-M26-SUI-V-BIH.pdf,2026-07-08T13:35:15.920526+00:00
20260026,Bosnia and Herzegovina,20,Esmir BAJRAKTAREVIC,3534.5,1061.8,1629.1,525.6,238.7,79.2,41.0,21.0,28.7,fifa_training_centre_pmsr_pdf,https://www.fifatrainingcentre.com/media/native/tournaments/fifa-world-cup/2026/PMSR-M26-SUI-V-BIH.pdf,2026-07-08T13:35:15.920526+00:00
20260026,Bosnia and Herzegovina,25,Jovo LUKIC,1275.9,350.4,493.0,248.5,150.4,33.6,21.0,15.0,27.6,fifa_training_centre_pmsr_pdf,https://www.fifatrainingcentre.com/media/native/tournaments/fifa-world-cup/2026/PMSR-M26-SUI-V-BIH.pdf,2026-07-08T13:35:15.920526+00:00
20260026,Bosnia and Herzegovina,26,Ermin MAHMIC,753.9,247.7,278.7,154.3,67.4,5.8,12.0,5.0,25.8,fifa_training_centre_pmsr_pdf,https://www.fifatrainingcentre.com/media/native/tournaments/fifa-world-cup/2026/PMSR-M26-SUI-V-BIH.pdf,2026-07-08T13:35:15.920526+00:00
20260027,Canada,16,Maxime CREPEAU,5772.4,3969.3,1611.5,152.3,39.2,0.0,15.0,5.0,22.3,fifa_training_centre_pmsr_pdf,https://www.fifatrainingcentre.com/media/native/tournaments/fifa-world-cup/2026/PMSR-M27-CAN-V-QAT.pdf,2026-07-08T13:35:15.920526+00:00
20260027,Canada,2,Alistair JOHNSTON,10995.7,3937.4,4337.4,1666.9,844.5,209.5,138.0,52.0,31.3,fifa_training_centre_pmsr_pdf,https://www.fifatrainingcentre.com/media/native/tournaments/fifa-world-cup/2026/PMSR-M27-CAN-V-QAT.pdf,2026-07-08T13:35:15.920526+00:00
20260027,Canada,4,Luc DE FOUGEROLLES,7582.8,2694.1,3331.0,1109.8,315.4,132.5,90.0,24.0,29.9,fifa_training_centre_pmsr_pdf,https://www.fifatrainingcentre.com/media/native/tournaments/fifa-world-cup/2026/PMSR-M27-CAN-V-QAT.pdf,2026-07-08T13:35:15.920526+00:00
20260027,Canada,7,Stephen EUSTAQUIO,11506.7,3800.1,4537.9,2395.1,699.0,74.6,187.0,43.0,26.7,fifa_training_centre_pmsr_pdf,https://www.fifatrainingcentre.com/media/native/tournaments/fifa-world-cup/2026/PMSR-M27-CAN-V-QAT.pdf,2026-07-08T13:35:15.920526+00:00
20260027,Canada,8,Ismael KONE,6099.4,2082.5,2801.3,843.9,314.0,57.5,74.0,16.0,28.3,fifa_training_centre_pmsr_pdf,https://www.fifatrainingcentre.com/media/native/tournaments/fifa-world-cup/2026/PMSR-M27-CAN-V-QAT.pdf,2026-07-08T13:35:15.920526+00:00
20260027,Canada,9,Cyle LARIN,9262.8,4060.7,3477.0,1032.2,471.2,221.7,94.0,41.0,31.6,fifa_training_centre_pmsr_pdf,https://www.fifatrainingcentre.com/media/native/tournaments/fifa-world-cup/2026/PMSR-M27-CAN-V-QAT.pdf,2026-07-08T13:35:15.920526+00:00
20260027,Canada,10,Jonathan DAVID,10188.9,4153.8,4227.8,1280.0,417.5,109.8,115.0,32.0,31.1,fifa_training_centre_pmsr_pdf,https://www.fifatrainingcentre.com/media/native/tournaments/fifa-world-cup/2026/PMSR-M27-CAN-V-QAT.pdf,2026-07-08T13:35:15.920526+00:00
20260027,Canada,13,Derek CORNELIUS,4829.8,1825.4,1984.0,723.0,223.9,73.4,59.0,14.0,30.7,fifa_training_centre_pmsr_pdf,https://www.fifatrainingcentre.com/media/native/tournaments/fifa-world-cup/2026/PMSR-M27-CAN-V-QAT.pdf,2026-07-08T13:35:15.920526+00:00
20260027,Canada,17,Tajon BUCHANAN,8935.2,3232.4,3835.7,1181.3,421.8,264.1,102.0,35.0,33.5,fifa_training_centre_pmsr_pdf,https://www.fifatrainingcentre.com/media/native/tournaments/fifa-world-cup/2026/PMSR-M27-CAN-V-QAT.pdf,2026-07-08T13:35:15.920526+00:00
20260027,Canada,20,Ali AHMED,7787.2,2651.0,3522.4,1032.6,387.8,193.5,94.0,39.0,34.1,fifa_training_centre_pmsr_pdf,https://www.fifatrainingcentre.com/media/native/tournaments/fifa-world-cup/2026/PMSR-M27-CAN-V-QAT.pdf,2026-07-08T13:35:15.920526+00:00
20260027,Canada,22,Richie LARYEA,9857.9,3942.6,3990.3,1202.5,540.5,182.0,104.0,41.0,30.8,fifa_training_centre_pmsr_pdf,https://www.fifatrainingcentre.com/media/native/tournaments/fifa-world-cup/2026/PMSR-M27-CAN-V-QAT.pdf,2026-07-08T13:35:15.920526+00:00
20260027,Canada,12,Tani OLUWASEYI,3048.9,1087.5,1363.4,345.8,200.8,51.4,27.0,15.0,33.4,fifa_training_centre_pmsr_pdf,https://www.fifatrainingcentre.com/media/native/tournaments/fifa-world-cup/2026/PMSR-M27-CAN-V-QAT.pdf,2026-07-08T13:35:15.920526+00:00
20260027,Canada,14,Jacob SHAFFELBURG,3826.6,1134.8,1514.2,703.9,402.2,71.4,53.0,29.0,29.9,fifa_training_centre_pmsr_pdf,https://www.fifatrainingcentre.com/media/native/tournaments/fifa-world-cup/2026/PMSR-M27-CAN-V-QAT.pdf,2026-07-08T13:35:15.920526+00:00
20260027,Canada,15,Moise BOMBITO,4895.5,1958.4,2097.7,590.4,155.9,93.0,45.0,12.0,31.5,fifa_training_centre_pmsr_pdf,https://www.fifatrainingcentre.com/media/native/tournaments/fifa-world-cup/2026/PMSR-M27-CAN-V-QAT.pdf,2026-07-08T13:35:15.920526+00:00
20260027,Canada,23,Niko SIGUR,2251.8,692.8,998.2,409.5,145.8,5.6,32.0,11.0,25.5,fifa_training_centre_pmsr_pdf,https://www.fifatrainingcentre.com/media/native/tournaments/fifa-world-cup/2026/PMSR-M27-CAN-V-QAT.pdf,2026-07-08T13:35:15.920526+00:00
20260027,Canada,25,Nathan SALIBA,4375.6,1557.2,2029.5,612.6,152.2,24.1,55.0,11.0,27.8,fifa_training_centre_pmsr_pdf,https://www.fifatrainingcentre.com/media/native/tournaments/fifa-world-cup/2026/PMSR-M27-CAN-V-QAT.pdf,2026-07-08T13:35:15.920526+00:00
20260027,Qatar,1,MAHMOUD ABUNADA,5117.9,4171.2,910.0,36.7,0.0,0.0,5.0,0.0,18.6,fifa_training_centre_pmsr_pdf,https://www.fifatrainingcentre.com/media/native/tournaments/fifa-world-cup/2026/PMSR-M27-CAN-V-QAT.pdf,2026-07-08T13:35:15.920526+00:00
20260027,Qatar,2,PEDRO MIGUEL,8520.8,3960.0,3404.2,787.2,255.3,114.1,67.0,22.0,28.6,fifa_training_centre_pmsr_pdf,https://www.fifatrainingcentre.com/media/native/tournaments/fifa-world-cup/2026/PMSR-M27-CAN-V-QAT.pdf,2026-07-08T13:35:15.920526+00:00
20260027,Qatar,4,ISSA LAYE,9509.7,3528.8,4241.0,1168.8,431.8,139.3,104.0,30.0,30.2,fifa_training_centre_pmsr_pdf,https://www.fifatrainingcentre.com/media/native/tournaments/fifa-world-cup/2026/PMSR-M27-CAN-V-QAT.pdf,2026-07-08T13:35:15.920526+00:00
20260027,Qatar,5,JASSEM GABER,4776.1,1753.9,2167.2,577.8,195.1,82.2,52.0,14.0,28.5,fifa_training_centre_pmsr_pdf,https://www.fifatrainingcentre.com/media/native/tournaments/fifa-world-cup/2026/PMSR-M27-CAN-V-QAT.pdf,2026-07-08T13:35:15.920526+00:00
20260027,Qatar,8,EDMILSON JUNIOR,5036.9,1998.2,1996.9,730.9,222.9,88.0,55.0,18.0,31.1,fifa_training_centre_pmsr_pdf,https://www.fifatrainingcentre.com/media/native/tournaments/fifa-world-cup/2026/PMSR-M27-CAN-V-QAT.pdf,2026-07-08T13:35:15.920526+00:00
20260027,Qatar,11,AKRAM AFIF,5215.5,2435.1,1962.3,539.0,196.2,82.8,48.0,23.0,33.2,fifa_training_centre_pmsr_pdf,https://www.fifatrainingcentre.com/media/native/tournaments/fifa-world-cup/2026/PMSR-M27-CAN-V-QAT.pdf,2026-07-08T13:35:15.920526+00:00
20260027,Qatar,13,AYOUB ALOUI,9565.4,3992.9,3936.1,1139.9,394.7,101.7,105.0,33.0,32.1,fifa_training_centre_pmsr_pdf,https://www.fifatrainingcentre.com/media/native/tournaments/fifa-world-cup/2026/PMSR-M27-CAN-V-QAT.pdf,2026-07-08T13:35:15.920526+00:00
20260027,Qatar,14,HOMAM AHMED,3082.1,1129.4,1339.1,329.8,160.0,123.8,30.0,13.0,32.0,fifa_training_centre_pmsr_pdf,https://www.fifatrainingcentre.com/media/native/tournaments/fifa-world-cup/2026/PMSR-M27-CAN-V-QAT.pdf,2026-07-08T13:35:15.920526+00:00
20260027,Qatar,15,YUSUF ABDURISAG,4484.0,1337.2,1924.9,784.8,290.2,147.0,65.0,19.0,29.2,fifa_training_centre_pmsr_pdf,https://www.fifatrainingcentre.com/media/native/tournaments/fifa-world-cup/2026/PMSR-M27-CAN-V-QAT.pdf,2026-07-08T13:35:15.920526+00:00
20260027,Qatar,16,BOUALEM KHOUKHI,7919.7,3996.8,2935.1,764.9,189.0,33.9,69.0,15.0,26.7,fifa_training_centre_pmsr_pdf,https://www.fifatrainingcentre.com/media/native/tournaments/fifa-world-cup/2026/PMSR-M27-CAN-V-QAT.pdf,2026-07-08T13:35:15.920526+00:00
20260027,Qatar,23,ASSIM MADIBO,5700.0,1908.7,2633.8,925.7,190.5,41.4,72.0,15.0,29.0,fifa_training_centre_pmsr_pdf,https://www.fifatrainingcentre.com/media/native/tournaments/fifa-world-cup/2026/PMSR-M27-CAN-V-QAT.pdf,2026-07-08T13:35:15.920526+00:00
20260027,Qatar,3,LUCAS MENDES,1535.0,502.4,675.3,219.0,127.4,10.9,17.0,9.0,27.0,fifa_training_centre_pmsr_pdf,https://www.fifatrainingcentre.com/media/native/tournaments/fifa-world-cup/2026/PMSR-M27-CAN-V-QAT.pdf,2026-07-08T13:35:15.920526+00:00
20260027,Qatar,18,SULTAN ALBRAKE,6624.9,2601.3,2832.6,892.4,208.7,90.0,80.0,17.0,31.9,fifa_training_centre_pmsr_pdf,https://www.fifatrainingcentre.com/media/native/tournaments/fifa-world-cup/2026/PMSR-M27-CAN-V-QAT.pdf,2026-07-08T13:35:15.920526+00:00
20260027,Qatar,20,AHMED FATHY,3981.9,1350.0,1578.5,761.5,240.9,50.9,63.0,18.0,27.7,fifa_training_centre_pmsr_pdf,https://www.fifatrainingcentre.com/media/native/tournaments/fifa-world-cup/2026/PMSR-M27-CAN-V-QAT.pdf,2026-07-08T13:35:15.920526+00:00
20260027,Qatar,25,ALHASHMI ALHUSSEIN,4072.3,1486.9,1687.9,597.1,236.3,64.1,50.0,20.0,30.2,fifa_training_centre_pmsr_pdf,https://www.fifatrainingcentre.com/media/native/tournaments/fifa-world-cup/2026/PMSR-M27-CAN-V-QAT.pdf,2026-07-08T13:35:15.920526+00:00
20260027,Qatar,26,MOHAMED MANAI,5611.5,1935.8,2201.8,983.8,345.4,144.7,81.0,24.0,30.2,fifa_training_centre_pmsr_pdf,https://www.fifatrainingcentre.com/media/native/tournaments/fifa-world-cup/2026/PMSR-M27-CAN-V-QAT.pdf,2026-07-08T13:35:15.920526+00:00
20260028,Mexico,1,Raul RANGEL,5313.6,4084.8,1083.9,144.0,0.9,0.0,19.0,0.0,20.1,fifa_training_centre_pmsr_pdf,https://www.fifatrainingcentre.com/media/native/tournaments/fifa-world-cup/2026/PMSR-M28-MEX-V-KOR.pdf,2026-07-08T13:35:15.920526+00:00
20260028,Mexico,2,Jorge SANCHEZ,11744.6,3735.4,5321.6,1721.2,704.1,262.3,158.0,60.0,30.6,fifa_training_centre_pmsr_pdf,https://www.fifatrainingcentre.com/media/native/tournaments/fifa-world-cup/2026/PMSR-M28-MEX-V-KOR.pdf,2026-07-08T13:35:15.920526+00:00
20260028,Mexico,4,Edson ALVAREZ,10219.2,3927.1,4411.0,1330.7,368.3,182.1,125.0,38.0,30.8,fifa_training_centre_pmsr_pdf,https://www.fifatrainingcentre.com/media/native/tournaments/fifa-world-cup/2026/PMSR-M28-MEX-V-KOR.pdf,2026-07-08T13:35:15.920526+00:00
20260028,Mexico,5,Johan VASQUEZ,10744.8,4017.6,4711.7,1587.5,365.6,62.4,133.0,31.0,27.9,fifa_training_centre_pmsr_pdf,https://www.fifatrainingcentre.com/media/native/tournaments/fifa-world-cup/2026/PMSR-M28-MEX-V-KOR.pdf,2026-07-08T13:35:15.920526+00:00
20260028,Mexico,6,Erik LIRA,11868.5,3945.5,5683.4,1710.7,460.6,68.4,140.0,35.0,30.5,fifa_training_centre_pmsr_pdf,https://www.fifatrainingcentre.com/media/native/tournaments/fifa-world-cup/2026/PMSR-M28-MEX-V-KOR.pdf,2026-07-08T13:35:15.920526+00:00
20260028,Mexico,7,Luis ROMO,9079.4,2771.1,4179.0,1541.1,507.5,80.8,143.0,38.0,28.9,fifa_training_centre_pmsr_pdf,https://www.fifatrainingcentre.com/media/native/tournaments/fifa-world-cup/2026/PMSR-M28-MEX-V-KOR.pdf,2026-07-08T13:35:15.920526+00:00
20260028,Mexico,9,Raul JIMENEZ,8127.5,3733.3,2867.9,1020.2,339.0,167.2,78.0,35.0,31.2,fifa_training_centre_pmsr_pdf,https://www.fifatrainingcentre.com/media/native/tournaments/fifa-world-cup/2026/PMSR-M28-MEX-V-KOR.pdf,2026-07-08T13:35:15.920526+00:00
20260028,Mexico,16,Julian QUINONES,9934.3,3761.5,3902.2,1478.6,549.7,242.3,132.0,55.0,32.1,fifa_training_centre_pmsr_pdf,https://www.fifatrainingcentre.com/media/native/tournaments/fifa-world-cup/2026/PMSR-M28-MEX-V-KOR.pdf,2026-07-08T13:35:15.920526+00:00
20260028,Mexico,23,Jesus GALLARDO,10511.7,4201.7,4676.7,1092.6,384.2,156.6,93.0,35.0,31.3,fifa_training_centre_pmsr_pdf,https://www.fifatrainingcentre.com/media/native/tournaments/fifa-world-cup/2026/PMSR-M28-MEX-V-KOR.pdf,2026-07-08T13:35:15.920526+00:00
20260028,Mexico,25,Roberto ALVARADO,8885.6,3498.0,3492.1,1073.4,575.8,246.3,89.0,44.0,33.2,fifa_training_centre_pmsr_pdf,https://www.fifatrainingcentre.com/media/native/tournaments/fifa-world-cup/2026/PMSR-M28-MEX-V-KOR.pdf,2026-07-08T13:35:15.920526+00:00
20260028,Mexico,26,Brian GUTIERREZ,8307.3,3043.5,3469.0,1332.6,388.3,74.0,115.0,36.0,30.7,fifa_training_centre_pmsr_pdf,https://www.fifatrainingcentre.com/media/native/tournaments/fifa-world-cup/2026/PMSR-M28-MEX-V-KOR.pdf,2026-07-08T13:35:15.920526+00:00
20260028,Mexico,11,Santiago GIMENEZ,1943.6,561.9,941.0,252.4,104.8,83.4,31.0,8.0,30.9,fifa_training_centre_pmsr_pdf,https://www.fifatrainingcentre.com/media/native/tournaments/fifa-world-cup/2026/PMSR-M28-MEX-V-KOR.pdf,2026-07-08T13:35:15.920526+00:00
20260028,Mexico,15,Israel REYES,1887.9,605.7,958.8,249.1,74.2,0.0,21.0,4.0,22.9,fifa_training_centre_pmsr_pdf,https://www.fifatrainingcentre.com/media/native/tournaments/fifa-world-cup/2026/PMSR-M28-MEX-V-KOR.pdf,2026-07-08T13:35:15.920526+00:00
20260028,Mexico,17,Orbelin PINEDA,3297.1,944.1,1524.6,583.7,160.9,83.9,55.0,14.0,31.3,fifa_training_centre_pmsr_pdf,https://www.fifatrainingcentre.com/media/native/tournaments/fifa-world-cup/2026/PMSR-M28-MEX-V-KOR.pdf,2026-07-08T13:35:15.920526+00:00
20260028,Mexico,18,Obed VARGAS,3104.4,840.9,1439.2,555.0,209.7,59.6,51.0,12.0,31.5,fifa_training_centre_pmsr_pdf,https://www.fifatrainingcentre.com/media/native/tournaments/fifa-world-cup/2026/PMSR-M28-MEX-V-KOR.pdf,2026-07-08T13:35:15.920526+00:00
20260028,Mexico,21,Cesar HUERTA,1580.4,446.5,726.4,270.3,98.9,38.3,21.0,7.0,28.4,fifa_training_centre_pmsr_pdf,https://www.fifatrainingcentre.com/media/native/tournaments/fifa-world-cup/2026/PMSR-M28-MEX-V-KOR.pdf,2026-07-08T13:35:15.920526+00:00
20260028,Korea Republic,1,KIM Seunggyu,5398.0,3978.7,1210.3,145.6,62.1,1.4,12.0,5.0,25.1,fifa_training_centre_pmsr_pdf,https://www.fifatrainingcentre.com/media/native/tournaments/fifa-world-cup/2026/PMSR-M28-MEX-V-KOR.pdf,2026-07-08T13:35:15.920526+00:00
20260028,Korea Republic,2,LEE Hanbeom,10482.6,3994.6,4588.9,1364.3,392.9,141.9,130.0,30.0,32.1,fifa_training_centre_pmsr_pdf,https://www.fifatrainingcentre.com/media/native/tournaments/fifa-world-cup/2026/PMSR-M28-MEX-V-KOR.pdf,2026-07-08T13:35:15.920526+00:00
20260028,Korea Republic,3,LEE Gihyuk,10167.2,3575.7,4613.5,1364.2,426.3,187.6,117.0,35.0,31.6,fifa_training_centre_pmsr_pdf,https://www.fifatrainingcentre.com/media/native/tournaments/fifa-world-cup/2026/PMSR-M28-MEX-V-KOR.pdf,2026-07-08T13:35:15.920526+00:00
20260028,Korea Republic,4,KIM Minjae,9969.0,4035.7,4365.5,971.9,345.4,250.4,85.0,33.0,34.4,fifa_training_centre_pmsr_pdf,https://www.fifatrainingcentre.com/media/native/tournaments/fifa-world-cup/2026/PMSR-M28-MEX-V-KOR.pdf,2026-07-08T13:35:15.920526+00:00
20260028,Korea Republic,6,HWANG Inbeom,11491.9,3566.4,6028.7,1395.3,401.4,100.1,132.0,27.0,30.6,fifa_training_centre_pmsr_pdf,https://www.fifatrainingcentre.com/media/native/tournaments/fifa-world-cup/2026/PMSR-M28-MEX-V-KOR.pdf,2026-07-08T13:35:15.920526+00:00
20260028,Korea Republic,7,SON Heungmin,6444.9,2513.1,2565.9,720.2,366.1,279.5,64.0,34.0,33.7,fifa_training_centre_pmsr_pdf,https://www.fifatrainingcentre.com/media/native/tournaments/fifa-world-cup/2026/PMSR-M28-MEX-V-KOR.pdf,2026-07-08T13:35:15.920526+00:00
20260028,Korea Republic,8,PAIK Seungho,8930.1,3014.2,4457.0,1101.2,295.5,62.0,94.0,25.0,28.9,fifa_training_centre_pmsr_pdf,https://www.fifatrainingcentre.com/media/native/tournaments/fifa-world-cup/2026/PMSR-M28-MEX-V-KOR.pdf,2026-07-08T13:35:15.920526+00:00
20260028,Korea Republic,10,LEE Jaesung,6971.5,2375.9,2929.7,1057.1,523.8,85.1,95.0,41.0,29.4,fifa_training_centre_pmsr_pdf,https://www.fifatrainingcentre.com/media/native/tournaments/fifa-world-cup/2026/PMSR-M28-MEX-V-KOR.pdf,2026-07-08T13:35:15.920526+00:00
20260028,Korea Republic,15,KIM Moonhwan,8571.4,3153.3,3331.7,1273.5,604.8,208.1,109.0,52.0,32.1,fifa_training_centre_pmsr_pdf,https://www.fifatrainingcentre.com/media/native/tournaments/fifa-world-cup/2026/PMSR-M28-MEX-V-KOR.pdf,2026-07-08T13:35:15.920526+00:00
20260028,Korea Republic,19,LEE Kangin,9414.8,4034.0,4207.2,895.6,257.1,20.9,82.0,25.0,26.4,fifa_training_centre_pmsr_pdf,https://www.fifatrainingcentre.com/media/native/tournaments/fifa-world-cup/2026/PMSR-M28-MEX-V-KOR.pdf,2026-07-08T13:35:15.920526+00:00
20260028,Korea Republic,22,SEOL Youngwoo,8019.5,3179.8,3169.9,923.8,493.1,252.8,71.0,43.0,33.5,fifa_training_centre_pmsr_pdf,https://www.fifatrainingcentre.com/media/native/tournaments/fifa-world-cup/2026/PMSR-M28-MEX-V-KOR.pdf,2026-07-08T13:35:15.920526+00:00
20260028,Korea Republic,9,CHO Guesung,2071.3,774.8,951.5,234.0,100.9,10.2,21.0,9.0,26.7,fifa_training_centre_pmsr_pdf,https://www.fifatrainingcentre.com/media/native/tournaments/fifa-world-cup/2026/PMSR-M28-MEX-V-KOR.pdf,2026-07-08T13:35:15.920526+00:00
20260028,Korea Republic,11,HWANG Heechan,4224.6,1516.9,1764.1,564.0,267.8,111.8,48.0,21.0,30.0,fifa_training_centre_pmsr_pdf,https://www.fifatrainingcentre.com/media/native/tournaments/fifa-world-cup/2026/PMSR-M28-MEX-V-KOR.pdf,2026-07-08T13:35:15.920526+00:00
20260028,Korea Republic,18,OH Hyeongyu,3960.1,1616.2,1530.8,507.0,227.3,78.8,45.0,19.0,29.6,fifa_training_centre_pmsr_pdf,https://www.fifatrainingcentre.com/media/native/tournaments/fifa-world-cup/2026/PMSR-M28-MEX-V-KOR.pdf,2026-07-08T13:35:15.920526+00:00
20260028,Korea Republic,20,YANG Hyunjun,2936.4,882.2,1329.5,454.1,212.3,58.3,37.0,21.0,32.9,fifa_training_centre_pmsr_pdf,https://www.fifatrainingcentre.com/media/native/tournaments/fifa-world-cup/2026/PMSR-M28-MEX-V-KOR.pdf,2026-07-08T13:35:15.920526+00:00
20260028,Korea Republic,25,EOM Jisung,3054.6,1037.6,1060.2,529.1,322.5,105.2,32.0,23.0,30.9,fifa_training_centre_pmsr_pdf,https://www.fifatrainingcentre.com/media/native/tournaments/fifa-world-cup/2026/PMSR-M28-MEX-V-KOR.pdf,2026-07-08T13:35:15.920526+00:00
20260029,Brazil,1,ALISSON,5530.5,4607.7,886.1,33.6,3.0,0.0,4.0,0.0,20.8,fifa_training_centre_pmsr_pdf,https://www.fifatrainingcentre.com/media/native/tournaments/fifa-world-cup/2026/PMSR-M29-BRA-V-HAI.pdf,2026-07-08T13:35:15.920526+00:00
20260029,Brazil,3,GABRIEL MAGALHAES,10209.5,4179.2,4425.4,1063.5,312.4,229.0,99.0,23.0,31.7,fifa_training_centre_pmsr_pdf,https://www.fifatrainingcentre.com/media/native/tournaments/fifa-world-cup/2026/PMSR-M29-BRA-V-HAI.pdf,2026-07-08T13:35:15.920526+00:00
20260029,Brazil,4,MARQUINHOS,10016.9,3894.5,4554.5,958.7,333.1,276.2,90.0,28.0,31.6,fifa_training_centre_pmsr_pdf,https://www.fifatrainingcentre.com/media/native/tournaments/fifa-world-cup/2026/PMSR-M29-BRA-V-HAI.pdf,2026-07-08T13:35:15.920526+00:00
20260029,Brazil,5,CASEMIRO,11229.1,3602.3,5607.7,1381.7,517.4,120.0,122.0,37.0,29.2,fifa_training_centre_pmsr_pdf,https://www.fifatrainingcentre.com/media/native/tournaments/fifa-world-cup/2026/PMSR-M29-BRA-V-HAI.pdf,2026-07-08T13:35:15.920526+00:00
20260029,Brazil,7,VINICIUS JUNIOR,8454.8,3881.2,2629.8,1037.5,521.6,384.6,96.0,47.0,32.3,fifa_training_centre_pmsr_pdf,https://www.fifatrainingcentre.com/media/native/tournaments/fifa-world-cup/2026/PMSR-M29-BRA-V-HAI.pdf,2026-07-08T13:35:15.920526+00:00
20260029,Brazil,8,BRUNO GUIMARAES,10352.2,3427.1,4691.2,1746.1,425.9,61.9,142.0,30.0,27.7,fifa_training_centre_pmsr_pdf,https://www.fifatrainingcentre.com/media/native/tournaments/fifa-world-cup/2026/PMSR-M29-BRA-V-HAI.pdf,2026-07-08T13:35:15.920526+00:00
20260029,Brazil,9,MATHEUS CUNHA,7366.2,3011.5,2674.5,1168.1,370.0,142.1,103.0,34.0,31.9,fifa_training_centre_pmsr_pdf,https://www.fifatrainingcentre.com/media/native/tournaments/fifa-world-cup/2026/PMSR-M29-BRA-V-HAI.pdf,2026-07-08T13:35:15.920526+00:00
20260029,Brazil,11,RAPHINHA,4158.5,1577.7,1490.6,491.6,310.1,288.4,37.0,28.0,33.3,fifa_training_centre_pmsr_pdf,https://www.fifatrainingcentre.com/media/native/tournaments/fifa-world-cup/2026/PMSR-M29-BRA-V-HAI.pdf,2026-07-08T13:35:15.920526+00:00
20260029,Brazil,13,DANILO,10210.0,4039.7,3809.8,1347.5,635.7,377.4,119.0,49.0,32.1,fifa_training_centre_pmsr_pdf,https://www.fifatrainingcentre.com/media/native/tournaments/fifa-world-cup/2026/PMSR-M29-BRA-V-HAI.pdf,2026-07-08T13:35:15.920526+00:00
20260029,Brazil,16,DOUGLAS SANTOS,10930.3,3585.3,4947.8,1510.4,644.2,242.6,139.0,49.0,31.1,fifa_training_centre_pmsr_pdf,https://www.fifatrainingcentre.com/media/native/tournaments/fifa-world-cup/2026/PMSR-M29-BRA-V-HAI.pdf,2026-07-08T13:35:15.920526+00:00
20260029,Brazil,20,LUCAS PAQUETA,7816.2,2708.4,3266.1,1253.1,498.8,89.8,96.0,36.0,29.5,fifa_training_centre_pmsr_pdf,https://www.fifatrainingcentre.com/media/native/tournaments/fifa-world-cup/2026/PMSR-M29-BRA-V-HAI.pdf,2026-07-08T13:35:15.920526+00:00
20260029,Brazil,2,EDERSON SILVA,2090.3,559.5,777.4,352.6,212.0,188.9,34.0,17.0,32.3,fifa_training_centre_pmsr_pdf,https://www.fifatrainingcentre.com/media/native/tournaments/fifa-world-cup/2026/PMSR-M29-BRA-V-HAI.pdf,2026-07-08T13:35:15.920526+00:00
20260029,Brazil,18,DANILO SANTOS,1885.9,552.8,811.6,292.5,199.7,29.2,25.0,11.0,27.8,fifa_training_centre_pmsr_pdf,https://www.fifatrainingcentre.com/media/native/tournaments/fifa-world-cup/2026/PMSR-M29-BRA-V-HAI.pdf,2026-07-08T13:35:15.920526+00:00
20260029,Brazil,19,ENDRICK,3237.1,1436.4,1161.6,308.4,189.2,141.6,24.0,16.0,33.0,fifa_training_centre_pmsr_pdf,https://www.fifatrainingcentre.com/media/native/tournaments/fifa-world-cup/2026/PMSR-M29-BRA-V-HAI.pdf,2026-07-08T13:35:15.920526+00:00
20260029,Brazil,22,GABRIEL MARTINELLI,3374.1,1298.4,1217.5,433.8,221.7,202.7,41.0,18.0,33.2,fifa_training_centre_pmsr_pdf,https://www.fifatrainingcentre.com/media/native/tournaments/fifa-world-cup/2026/PMSR-M29-BRA-V-HAI.pdf,2026-07-08T13:35:15.920526+00:00
20260029,Brazil,26,RAYAN,6771.8,2363.4,2784.2,954.8,523.8,145.7,84.0,38.0,32.5,fifa_training_centre_pmsr_pdf,https://www.fifatrainingcentre.com/media/native/tournaments/fifa-world-cup/2026/PMSR-M29-BRA-V-HAI.pdf,2026-07-08T13:35:15.920526+00:00
20260029,Haiti,1,Johny PLACIDE,4081.3,3347.9,693.5,28.1,11.8,0.0,2.0,1.0,23.6,fifa_training_centre_pmsr_pdf,https://www.fifatrainingcentre.com/media/native/tournaments/fifa-world-cup/2026/PMSR-M29-BRA-V-HAI.pdf,2026-07-08T13:35:15.920526+00:00
20260029,Haiti,2,Carlens ARCUS,5470.5,1918.0,2245.1,794.5,372.4,140.6,70.0,30.0,30.0,fifa_training_centre_pmsr_pdf,https://www.fifatrainingcentre.com/media/native/tournaments/fifa-world-cup/2026/PMSR-M29-BRA-V-HAI.pdf,2026-07-08T13:35:15.920526+00:00
20260029,Haiti,4,Ricardo ADE,9777.9,3846.5,4341.4,1099.0,325.7,165.4,96.0,31.0,30.5,fifa_training_centre_pmsr_pdf,https://www.fifatrainingcentre.com/media/native/tournaments/fifa-world-cup/2026/PMSR-M29-BRA-V-HAI.pdf,2026-07-08T13:35:15.920526+00:00
20260029,Haiti,5,Hannes DELCROIX,9937.3,3743.1,4607.0,1026.5,350.7,210.0,92.0,33.0,32.2,fifa_training_centre_pmsr_pdf,https://www.fifatrainingcentre.com/media/native/tournaments/fifa-world-cup/2026/PMSR-M29-BRA-V-HAI.pdf,2026-07-08T13:35:15.920526+00:00
20260029,Haiti,8,Martin EXPERIENCE,11519.2,3419.2,5091.6,1816.5,857.9,334.0,169.0,69.0,32.9,fifa_training_centre_pmsr_pdf,https://www.fifatrainingcentre.com/media/native/tournaments/fifa-world-cup/2026/PMSR-M29-BRA-V-HAI.pdf,2026-07-08T13:35:15.920526+00:00
20260029,Haiti,10,Jean-Ricner BELLEGARDE,9556.9,3250.4,4339.6,1487.6,414.6,64.7,130.0,31.0,28.6,fifa_training_centre_pmsr_pdf,https://www.fifatrainingcentre.com/media/native/tournaments/fifa-world-cup/2026/PMSR-M29-BRA-V-HAI.pdf,2026-07-08T13:35:15.920526+00:00
20260029,Haiti,15,Ruben PROVIDENCE,7577.7,2655.3,3163.2,1085.5,464.2,209.5,97.0,37.0,31.9,fifa_training_centre_pmsr_pdf,https://www.fifatrainingcentre.com/media/native/tournaments/fifa-world-cup/2026/PMSR-M29-BRA-V-HAI.pdf,2026-07-08T13:35:15.920526+00:00
20260029,Haiti,17,Danley JEAN JACQUES,11715.9,3709.2,5168.1,2056.8,612.2,169.6,171.0,48.0,30.4,fifa_training_centre_pmsr_pdf,https://www.fifatrainingcentre.com/media/native/tournaments/fifa-world-cup/2026/PMSR-M29-BRA-V-HAI.pdf,2026-07-08T13:35:15.920526+00:00
20260029,Haiti,20,Frantzdy PIERROT,5721.4,1542.7,3031.1,806.9,320.3,20.4,70.0,17.0,27.3,fifa_training_centre_pmsr_pdf,https://www.fifatrainingcentre.com/media/native/tournaments/fifa-world-cup/2026/PMSR-M29-BRA-V-HAI.pdf,2026-07-08T13:35:15.920526+00:00
20260029,Haiti,21,Josue CASIMIR,7466.0,2817.1,2744.2,999.8,581.7,323.3,96.0,44.0,34.4,fifa_training_centre_pmsr_pdf,https://www.fifatrainingcentre.com/media/native/tournaments/fifa-world-cup/2026/PMSR-M29-BRA-V-HAI.pdf,2026-07-08T13:35:15.920526+00:00
20260029,Haiti,22,Jean-Kevin DUVERNE,10384.8,4132.2,4368.5,1092.4,537.8,254.0,107.0,43.0,32.7,fifa_training_centre_pmsr_pdf,https://www.fifatrainingcentre.com/media/native/tournaments/fifa-world-cup/2026/PMSR-M29-BRA-V-HAI.pdf,2026-07-08T13:35:15.920526+00:00
20260029,Haiti,7,Derrick ETIENNE,1841.9,601.6,706.4,306.1,118.6,109.2,26.0,8.0,33.7,fifa_training_centre_pmsr_pdf,https://www.fifatrainingcentre.com/media/native/tournaments/fifa-world-cup/2026/PMSR-M29-BRA-V-HAI.pdf,2026-07-08T13:35:15.920526+00:00
20260029,Haiti,11,Louicius DEEDSON,3324.8,1411.6,1191.8,406.4,181.3,133.6,34.0,14.0,32.0,fifa_training_centre_pmsr_pdf,https://www.fifatrainingcentre.com/media/native/tournaments/fifa-world-cup/2026/PMSR-M29-BRA-V-HAI.pdf,2026-07-08T13:35:15.920526+00:00
20260029,Haiti,16,Lenny JOSEPH,2577.6,1080.6,1032.5,220.0,149.8,94.6,20.0,13.0,31.4,fifa_training_centre_pmsr_pdf,https://www.fifatrainingcentre.com/media/native/tournaments/fifa-world-cup/2026/PMSR-M29-BRA-V-HAI.pdf,2026-07-08T13:35:15.920526+00:00
20260029,Haiti,18,Wilson ISIDOR,5764.7,2150.5,2232.6,837.5,369.6,174.4,73.0,30.0,32.2,fifa_training_centre_pmsr_pdf,https://www.fifatrainingcentre.com/media/native/tournaments/fifa-world-cup/2026/PMSR-M29-BRA-V-HAI.pdf,2026-07-08T13:35:15.920526+00:00
20260029,Haiti,25,Dominique SIMON,6098.3,1776.1,2544.9,1325.4,383.2,68.8,115.0,29.0,30.5,fifa_training_centre_pmsr_pdf,https://www.fifatrainingcentre.com/media/native/tournaments/fifa-world-cup/2026/PMSR-M29-BRA-V-HAI.pdf,2026-07-08T13:35:15.920526+00:00
20260030,Scotland,1,Angus GUNN,5873.3,4499.0,1147.7,197.7,28.9,0.0,16.0,2.0,24.4,fifa_training_centre_pmsr_pdf,https://www.fifatrainingcentre.com/media/native/tournaments/fifa-world-cup/2026/PMSR-M30-SCO-V-MAR.pdf,2026-07-08T13:35:15.920526+00:00
20260030,Scotland,3,Andy ROBERTSON,10256.3,4252.0,3901.9,1292.1,502.3,308.0,101.0,42.0,33.9,fifa_training_centre_pmsr_pdf,https://www.fifatrainingcentre.com/media/native/tournaments/fifa-world-cup/2026/PMSR-M30-SCO-V-MAR.pdf,2026-07-08T13:35:15.920526+00:00
20260030,Scotland,4,Scott McTOMINAY,12369.1,3555.9,5834.4,2163.9,717.0,97.8,181.0,55.0,27.9,fifa_training_centre_pmsr_pdf,https://www.fifatrainingcentre.com/media/native/tournaments/fifa-world-cup/2026/PMSR-M30-SCO-V-MAR.pdf,2026-07-08T13:35:15.920526+00:00
20260030,Scotland,5,Grant HANLEY,9897.7,4290.0,4352.3,895.8,239.8,119.8,84.0,26.0,32.4,fifa_training_centre_pmsr_pdf,https://www.fifatrainingcentre.com/media/native/tournaments/fifa-world-cup/2026/PMSR-M30-SCO-V-MAR.pdf,2026-07-08T13:35:15.920526+00:00
20260030,Scotland,6,Kieran TIERNEY,6844.1,2695.0,2613.1,861.7,449.3,225.1,68.0,39.0,33.4,fifa_training_centre_pmsr_pdf,https://www.fifatrainingcentre.com/media/native/tournaments/fifa-world-cup/2026/PMSR-M30-SCO-V-MAR.pdf,2026-07-08T13:35:15.920526+00:00
20260030,Scotland,7,John McGINN,9788.5,3949.1,3786.1,1430.5,470.8,152.0,127.0,34.0,30.9,fifa_training_centre_pmsr_pdf,https://www.fifatrainingcentre.com/media/native/tournaments/fifa-world-cup/2026/PMSR-M30-SCO-V-MAR.pdf,2026-07-08T13:35:15.920526+00:00
20260030,Scotland,10,Che ADAMS,7972.7,2829.6,3540.8,982.6,495.1,124.5,81.0,34.0,33.8,fifa_training_centre_pmsr_pdf,https://www.fifatrainingcentre.com/media/native/tournaments/fifa-world-cup/2026/PMSR-M30-SCO-V-MAR.pdf,2026-07-08T13:35:15.920526+00:00
20260030,Scotland,11,Ryan CHRISTIE,9255.4,2432.4,4694.6,1640.8,394.7,92.9,130.0,30.0,28.8,fifa_training_centre_pmsr_pdf,https://www.fifatrainingcentre.com/media/native/tournaments/fifa-world-cup/2026/PMSR-M30-SCO-V-MAR.pdf,2026-07-08T13:35:15.920526+00:00
20260030,Scotland,13,Jack HENDRY,10285.9,3999.8,4125.2,1401.2,481.5,278.1,124.0,43.0,32.5,fifa_training_centre_pmsr_pdf,https://www.fifatrainingcentre.com/media/native/tournaments/fifa-world-cup/2026/PMSR-M30-SCO-V-MAR.pdf,2026-07-08T13:35:15.920526+00:00
20260030,Scotland,19,Lewis FERGUSON,12738.9,2880.5,6787.4,2231.1,596.4,243.5,180.0,48.0,30.5,fifa_training_centre_pmsr_pdf,https://www.fifatrainingcentre.com/media/native/tournaments/fifa-world-cup/2026/PMSR-M30-SCO-V-MAR.pdf,2026-07-08T13:35:15.920526+00:00
20260030,Scotland,22,Nathan PATTERSON,9775.3,3975.0,3892.0,986.7,499.9,421.8,87.0,41.0,32.1,fifa_training_centre_pmsr_pdf,https://www.fifatrainingcentre.com/media/native/tournaments/fifa-world-cup/2026/PMSR-M30-SCO-V-MAR.pdf,2026-07-08T13:35:15.920526+00:00
20260030,Scotland,9,Lyndon DYKES,3117.8,966.2,1214.4,591.6,308.2,37.3,45.0,21.0,27.5,fifa_training_centre_pmsr_pdf,https://www.fifatrainingcentre.com/media/native/tournaments/fifa-world-cup/2026/PMSR-M30-SCO-V-MAR.pdf,2026-07-08T13:35:15.920526+00:00
20260030,Scotland,14,Ross STEWART,1157.1,208.6,535.5,296.8,89.3,26.9,22.0,7.0,27.6,fifa_training_centre_pmsr_pdf,https://www.fifatrainingcentre.com/media/native/tournaments/fifa-world-cup/2026/PMSR-M30-SCO-V-MAR.pdf,2026-07-08T13:35:15.920526+00:00
20260030,Scotland,17,Ben GANNON-DOAK,3895.2,1539.3,1557.2,457.0,211.1,130.7,40.0,14.0,34.0,fifa_training_centre_pmsr_pdf,https://www.fifatrainingcentre.com/media/native/tournaments/fifa-world-cup/2026/PMSR-M30-SCO-V-MAR.pdf,2026-07-08T13:35:15.920526+00:00
20260030,Scotland,23,Kenny McLEAN,3492.0,889.7,1648.4,647.2,298.3,8.3,56.0,17.0,26.6,fifa_training_centre_pmsr_pdf,https://www.fifatrainingcentre.com/media/native/tournaments/fifa-world-cup/2026/PMSR-M30-SCO-V-MAR.pdf,2026-07-08T13:35:15.920526+00:00
20260030,Scotland,24,Anthony RALSTON,1030.8,303.6,397.4,186.9,133.5,9.3,18.0,7.0,25.7,fifa_training_centre_pmsr_pdf,https://www.fifatrainingcentre.com/media/native/tournaments/fifa-world-cup/2026/PMSR-M30-SCO-V-MAR.pdf,2026-07-08T13:35:15.920526+00:00
20260030,Morocco,1,Yassine BOUNOU,4670.3,3797.8,851.6,20.1,0.9,0.0,1.0,0.0,20.2,fifa_training_centre_pmsr_pdf,https://www.fifatrainingcentre.com/media/native/tournaments/fifa-world-cup/2026/PMSR-M30-SCO-V-MAR.pdf,2026-07-08T13:35:15.920526+00:00
20260030,Morocco,2,Achraf HAKIMI,10810.0,4140.3,4281.9,1380.7,634.2,373.0,121.0,54.0,35.1,fifa_training_centre_pmsr_pdf,https://www.fifatrainingcentre.com/media/native/tournaments/fifa-world-cup/2026/PMSR-M30-SCO-V-MAR.pdf,2026-07-08T13:35:15.920526+00:00
20260030,Morocco,3,Noussair MAZRAOUI,9682.4,4013.0,4233.8,913.9,409.1,112.6,83.0,31.0,28.6,fifa_training_centre_pmsr_pdf,https://www.fifatrainingcentre.com/media/native/tournaments/fifa-world-cup/2026/PMSR-M30-SCO-V-MAR.pdf,2026-07-08T13:35:15.920526+00:00
20260030,Morocco,6,Ayyoub BOUADDI,11743.4,3297.1,5996.2,1716.6,492.6,240.8,148.0,36.0,31.4,fifa_training_centre_pmsr_pdf,https://www.fifatrainingcentre.com/media/native/tournaments/fifa-world-cup/2026/PMSR-M30-SCO-V-MAR.pdf,2026-07-08T13:35:15.920526+00:00
20260030,Morocco,8,Azzedine OUNAHI,11936.6,3316.3,5325.4,1840.1,995.6,459.2,152.0,76.0,33.3,fifa_training_centre_pmsr_pdf,https://www.fifatrainingcentre.com/media/native/tournaments/fifa-world-cup/2026/PMSR-M30-SCO-V-MAR.pdf,2026-07-08T13:35:15.920526+00:00
20260030,Morocco,10,Brahim DIAZ,8479.0,3849.1,2986.5,995.6,478.4,169.4,83.0,32.0,33.1,fifa_training_centre_pmsr_pdf,https://www.fifatrainingcentre.com/media/native/tournaments/fifa-world-cup/2026/PMSR-M30-SCO-V-MAR.pdf,2026-07-08T13:35:15.920526+00:00
20260030,Morocco,11,Ismael SAIBARI,10072.9,2919.9,4171.0,1715.4,855.2,411.4,150.0,69.0,32.5,fifa_training_centre_pmsr_pdf,https://www.fifatrainingcentre.com/media/native/tournaments/fifa-world-cup/2026/PMSR-M30-SCO-V-MAR.pdf,2026-07-08T13:35:15.920526+00:00
20260030,Morocco,14,Issa DIOP,9457.2,4482.6,3768.1,918.7,268.2,19.6,93.0,19.0,28.5,fifa_training_centre_pmsr_pdf,https://www.fifatrainingcentre.com/media/native/tournaments/fifa-world-cup/2026/PMSR-M30-SCO-V-MAR.pdf,2026-07-08T13:35:15.920526+00:00
20260030,Morocco,18,Chadi RIAD,10657.0,3983.7,4972.2,1280.4,348.2,72.5,131.0,26.0,32.9,fifa_training_centre_pmsr_pdf,https://www.fifatrainingcentre.com/media/native/tournaments/fifa-world-cup/2026/PMSR-M30-SCO-V-MAR.pdf,2026-07-08T13:35:15.920526+00:00
20260030,Morocco,23,Bilal EL KHANNOUSS,8747.0,4279.9,2738.7,977.3,479.0,272.2,90.0,45.0,33.6,fifa_training_centre_pmsr_pdf,https://www.fifatrainingcentre.com/media/native/tournaments/fifa-world-cup/2026/PMSR-M30-SCO-V-MAR.pdf,2026-07-08T13:35:15.920526+00:00
20260030,Morocco,24,Neil EL AYNAOUI,12290.8,3495.7,5970.6,1898.2,675.2,251.2,148.0,52.0,33.4,fifa_training_centre_pmsr_pdf,https://www.fifatrainingcentre.com/media/native/tournaments/fifa-world-cup/2026/PMSR-M30-SCO-V-MAR.pdf,2026-07-08T13:35:15.920526+00:00
20260030,Morocco,7,Chemsdine TALBI,1826.2,434.9,719.7,377.0,205.6,88.9,35.0,15.0,33.8,fifa_training_centre_pmsr_pdf,https://www.fifatrainingcentre.com/media/native/tournaments/fifa-world-cup/2026/PMSR-M30-SCO-V-MAR.pdf,2026-07-08T13:35:15.920526+00:00
20260030,Morocco,9,Soufiane RAHIMI,1922.4,419.9,832.8,391.2,226.0,52.5,34.0,15.0,28.8,fifa_training_centre_pmsr_pdf,https://www.fifatrainingcentre.com/media/native/tournaments/fifa-world-cup/2026/PMSR-M30-SCO-V-MAR.pdf,2026-07-08T13:35:15.920526+00:00
20260030,Morocco,15,Samir EL MOURABET,1169.9,154.7,558.5,298.7,151.3,6.8,25.0,10.0,26.3,fifa_training_centre_pmsr_pdf,https://www.fifatrainingcentre.com/media/native/tournaments/fifa-world-cup/2026/PMSR-M30-SCO-V-MAR.pdf,2026-07-08T13:35:15.920526+00:00
20260030,Morocco,21,Ayoube AMAIMOUNI,1897.7,425.9,759.3,417.5,228.2,66.8,33.0,14.0,29.9,fifa_training_centre_pmsr_pdf,https://www.fifatrainingcentre.com/media/native/tournaments/fifa-world-cup/2026/PMSR-M30-SCO-V-MAR.pdf,2026-07-08T13:35:15.920526+00:00
20260031,Türkiye,23,Ugurcan CAKIR,5930.9,4364.7,1187.2,306.8,58.2,14.1,31.0,6.0,28.8,fifa_training_centre_pmsr_pdf,https://www.fifatrainingcentre.com/media/native/tournaments/fifa-world-cup/2026/PMSR-M31-TUR-V-PAR.pdf,2026-07-08T13:35:15.920526+00:00
20260031,Türkiye,3,Merih DEMIRAL,11238.8,5032.2,4624.5,938.2,384.0,259.8,86.0,30.0,32.7,fifa_training_centre_pmsr_pdf,https://www.fifatrainingcentre.com/media/native/tournaments/fifa-world-cup/2026/PMSR-M31-TUR-V-PAR.pdf,2026-07-08T13:35:15.920526+00:00
20260031,Türkiye,7,Kerem AKTURKOGLU,5670.1,2525.3,2251.1,557.8,250.8,85.2,50.0,20.0,32.4,fifa_training_centre_pmsr_pdf,https://www.fifatrainingcentre.com/media/native/tournaments/fifa-world-cup/2026/PMSR-M31-TUR-V-PAR.pdf,2026-07-08T13:35:15.920526+00:00
20260031,Türkiye,8,Arda GULER,11985.7,4278.5,5107.3,1962.7,555.9,81.3,158.0,42.0,30.4,fifa_training_centre_pmsr_pdf,https://www.fifatrainingcentre.com/media/native/tournaments/fifa-world-cup/2026/PMSR-M31-TUR-V-PAR.pdf,2026-07-08T13:35:15.920526+00:00
20260031,Türkiye,10,Hakan CALHANOGLU,12294.0,3931.4,5593.6,2117.4,543.5,108.1,172.0,37.0,30.1,fifa_training_centre_pmsr_pdf,https://www.fifatrainingcentre.com/media/native/tournaments/fifa-world-cup/2026/PMSR-M31-TUR-V-PAR.pdf,2026-07-08T13:35:15.920526+00:00
20260031,Türkiye,11,Kenan YILDIZ,10817.8,4766.6,4422.4,1119.7,380.6,128.6,105.0,29.0,31.8,fifa_training_centre_pmsr_pdf,https://www.fifatrainingcentre.com/media/native/tournaments/fifa-world-cup/2026/PMSR-M31-TUR-V-PAR.pdf,2026-07-08T13:35:15.920526+00:00
20260031,Türkiye,14,Abdulkerim BARDAKCI,9999.8,4277.0,4146.4,991.1,377.6,207.7,87.0,25.0,31.5,fifa_training_centre_pmsr_pdf,https://www.fifatrainingcentre.com/media/native/tournaments/fifa-world-cup/2026/PMSR-M31-TUR-V-PAR.pdf,2026-07-08T13:35:15.920526+00:00
20260031,Türkiye,16,Ismail YUKSEK,8138.0,2942.5,3692.9,1009.5,355.0,138.1,77.0,24.0,30.0,fifa_training_centre_pmsr_pdf,https://www.fifatrainingcentre.com/media/native/tournaments/fifa-world-cup/2026/PMSR-M31-TUR-V-PAR.pdf,2026-07-08T13:35:15.920526+00:00
20260031,Türkiye,18,Mert MULDUR,11988.9,4665.2,5040.5,1334.3,541.1,407.8,111.0,41.0,31.5,fifa_training_centre_pmsr_pdf,https://www.fifatrainingcentre.com/media/native/tournaments/fifa-world-cup/2026/PMSR-M31-TUR-V-PAR.pdf,2026-07-08T13:35:15.920526+00:00
20260031,Türkiye,19,Yunus AKGUN,7450.4,2652.9,3237.2,1048.2,362.7,149.3,75.0,30.0,31.3,fifa_training_centre_pmsr_pdf,https://www.fifatrainingcentre.com/media/native/tournaments/fifa-world-cup/2026/PMSR-M31-TUR-V-PAR.pdf,2026-07-08T13:35:15.920526+00:00
20260031,Türkiye,20,Ferdi KADIOGLU,8982.2,3092.9,3789.0,1212.8,563.0,324.6,100.0,44.0,30.7,fifa_training_centre_pmsr_pdf,https://www.fifatrainingcentre.com/media/native/tournaments/fifa-world-cup/2026/PMSR-M31-TUR-V-PAR.pdf,2026-07-08T13:35:15.920526+00:00
20260031,Türkiye,6,Orkun KOKCU,1443.9,510.2,507.9,299.9,91.6,34.4,20.0,6.0,31.1,fifa_training_centre_pmsr_pdf,https://www.fifatrainingcentre.com/media/native/tournaments/fifa-world-cup/2026/PMSR-M31-TUR-V-PAR.pdf,2026-07-08T13:35:15.920526+00:00
20260031,Türkiye,9,Deniz GUL,3830.7,1851.5,1315.5,382.6,184.4,96.7,34.0,16.0,30.1,fifa_training_centre_pmsr_pdf,https://www.fifatrainingcentre.com/media/native/tournaments/fifa-world-cup/2026/PMSR-M31-TUR-V-PAR.pdf,2026-07-08T13:35:15.920526+00:00
20260031,Türkiye,13,Eren ELMALI,3409.6,1210.8,1333.8,603.7,163.2,98.2,35.0,13.0,32.4,fifa_training_centre_pmsr_pdf,https://www.fifatrainingcentre.com/media/native/tournaments/fifa-world-cup/2026/PMSR-M31-TUR-V-PAR.pdf,2026-07-08T13:35:15.920526+00:00
20260031,Türkiye,21,Baris Alper YILMAZ,5710.2,2141.2,2250.9,833.7,366.4,117.9,70.0,29.0,31.7,fifa_training_centre_pmsr_pdf,https://www.fifatrainingcentre.com/media/native/tournaments/fifa-world-cup/2026/PMSR-M31-TUR-V-PAR.pdf,2026-07-08T13:35:15.920526+00:00
20260031,Türkiye,26,Can UZUN,4445.5,1748.8,1779.0,636.7,216.4,64.7,59.0,19.0,28.5,fifa_training_centre_pmsr_pdf,https://www.fifatrainingcentre.com/media/native/tournaments/fifa-world-cup/2026/PMSR-M31-TUR-V-PAR.pdf,2026-07-08T13:35:15.920526+00:00
20260031,Paraguay,12,Orlando GILL,6398.8,4932.8,1335.8,102.4,27.7,0.0,10.0,3.0,24.6,fifa_training_centre_pmsr_pdf,https://www.fifatrainingcentre.com/media/native/tournaments/fifa-world-cup/2026/PMSR-M31-TUR-V-PAR.pdf,2026-07-08T13:35:15.920526+00:00
20260031,Paraguay,3,Omar ALDERETE,10173.0,5058.8,3701.6,989.2,349.4,74.0,78.0,23.0,30.2,fifa_training_centre_pmsr_pdf,https://www.fifatrainingcentre.com/media/native/tournaments/fifa-world-cup/2026/PMSR-M31-TUR-V-PAR.pdf,2026-07-08T13:35:15.920526+00:00
20260031,Paraguay,4,Juan Jose CACERES,9346.8,3467.0,4015.7,1149.5,534.6,180.1,104.0,40.0,28.9,fifa_training_centre_pmsr_pdf,https://www.fifatrainingcentre.com/media/native/tournaments/fifa-world-cup/2026/PMSR-M31-TUR-V-PAR.pdf,2026-07-08T13:35:15.920526+00:00
20260031,Paraguay,6,Junior ALONSO,10779.8,4771.8,4128.0,1293.6,446.5,140.0,116.0,37.0,31.3,fifa_training_centre_pmsr_pdf,https://www.fifatrainingcentre.com/media/native/tournaments/fifa-world-cup/2026/PMSR-M31-TUR-V-PAR.pdf,2026-07-08T13:35:15.920526+00:00
20260031,Paraguay,8,Diego GOMEZ,8838.6,2879.9,3649.9,1459.1,610.4,239.3,115.0,42.0,28.6,fifa_training_centre_pmsr_pdf,https://www.fifatrainingcentre.com/media/native/tournaments/fifa-world-cup/2026/PMSR-M31-TUR-V-PAR.pdf,2026-07-08T13:35:15.920526+00:00
20260031,Paraguay,10,Miguel ALMIRON,5552.3,1912.7,2338.5,747.5,352.1,201.5,67.0,29.0,32.3,fifa_training_centre_pmsr_pdf,https://www.fifatrainingcentre.com/media/native/tournaments/fifa-world-cup/2026/PMSR-M31-TUR-V-PAR.pdf,2026-07-08T13:35:15.920526+00:00
20260031,Paraguay,14,Andres CUBAS,12573.0,3842.6,5666.7,2233.1,687.1,143.4,172.0,55.0,29.9,fifa_training_centre_pmsr_pdf,https://www.fifatrainingcentre.com/media/native/tournaments/fifa-world-cup/2026/PMSR-M31-TUR-V-PAR.pdf,2026-07-08T13:35:15.920526+00:00
20260031,Paraguay,15,Gustavo GOMEZ,10129.8,5020.4,3773.5,898.3,305.6,131.9,82.0,21.0,30.8,fifa_training_centre_pmsr_pdf,https://www.fifatrainingcentre.com/media/native/tournaments/fifa-world-cup/2026/PMSR-M31-TUR-V-PAR.pdf,2026-07-08T13:35:15.920526+00:00
20260031,Paraguay,19,Julio ENCISO,11177.5,3562.3,4454.4,1917.4,822.7,420.6,141.0,63.0,33.9,fifa_training_centre_pmsr_pdf,https://www.fifatrainingcentre.com/media/native/tournaments/fifa-world-cup/2026/PMSR-M31-TUR-V-PAR.pdf,2026-07-08T13:35:15.920526+00:00
20260031,Paraguay,23,Matias GALARZA,12061.6,3727.9,5219.1,1802.4,874.9,437.2,140.0,64.0,30.7,fifa_training_centre_pmsr_pdf,https://www.fifatrainingcentre.com/media/native/tournaments/fifa-world-cup/2026/PMSR-M31-TUR-V-PAR.pdf,2026-07-08T13:35:15.920526+00:00
20260031,Paraguay,25,Isidro PITTA,6037.1,2129.3,2567.2,858.3,318.2,164.1,77.0,23.0,33.6,fifa_training_centre_pmsr_pdf,https://www.fifatrainingcentre.com/media/native/tournaments/fifa-world-cup/2026/PMSR-M31-TUR-V-PAR.pdf,2026-07-08T13:35:15.920526+00:00
20260031,Paraguay,2,Gustavo VELAZQUEZ,3153.2,1401.6,1120.1,387.0,188.0,56.4,31.0,12.0,29.4,fifa_training_centre_pmsr_pdf,https://www.fifatrainingcentre.com/media/native/tournaments/fifa-world-cup/2026/PMSR-M31-TUR-V-PAR.pdf,2026-07-08T13:35:15.920526+00:00
20260031,Paraguay,13,Jose CANALE,967.2,301.9,403.0,182.2,55.5,24.7,16.0,4.0,28.7,fifa_training_centre_pmsr_pdf,https://www.fifatrainingcentre.com/media/native/tournaments/fifa-world-cup/2026/PMSR-M31-TUR-V-PAR.pdf,2026-07-08T13:35:15.920526+00:00
20260031,Paraguay,16,Damian BOBADILLA,6594.4,2367.9,2589.1,1120.6,436.2,80.6,89.0,25.0,27.5,fifa_training_centre_pmsr_pdf,https://www.fifatrainingcentre.com/media/native/tournaments/fifa-world-cup/2026/PMSR-M31-TUR-V-PAR.pdf,2026-07-08T13:35:15.920526+00:00
20260031,Paraguay,21,Gabriel AVALOS,900.3,328.2,368.2,161.7,42.2,0.0,13.0,4.0,23.3,fifa_training_centre_pmsr_pdf,https://www.fifatrainingcentre.com/media/native/tournaments/fifa-world-cup/2026/PMSR-M31-TUR-V-PAR.pdf,2026-07-08T13:35:15.920526+00:00
20260031,Paraguay,26,Alexandro MAIDANA,2279.2,719.7,958.8,296.5,228.3,76.0,30.0,13.0,29.1,fifa_training_centre_pmsr_pdf,https://www.fifatrainingcentre.com/media/native/tournaments/fifa-world-cup/2026/PMSR-M31-TUR-V-PAR.pdf,2026-07-08T13:35:15.920526+00:00
