team,player_name,birth_date,age_years,market_value_eur,position,club,jersey_number,caps,career_goals,captain,wc2026_apps,wc2026_goals,wc2026_yellow,wc2026_red,source,retrieved_at
Aldosivi,Lucas Acosta,1995-03-12,31.0,,GK,Aldosivi,42,,,,,,,,espn,2026-08-01T01:26:19.198645+00:00
Aldosivi,Sebastian Moyano,1990-08-26,35.0,,GK,Aldosivi,17,,,,,,,,espn,2026-08-01T01:26:19.198645+00:00
Aldosivi,Ignacio Chicco,1996-06-30,30.0,,GK,Aldosivi,23,,,,,,,,espn,2026-08-01T01:26:19.198645+00:00
Aldosivi,Leonardo Sigali,1987-05-29,39.0,,DF,Aldosivi,2,,,,,,,,espn,2026-08-01T01:26:19.198645+00:00
Aldosivi,Lucas Rodríguez,1993-09-27,32.0,,DF,Aldosivi,18,,,,,,,,espn,2026-08-01T01:26:19.198645+00:00
Aldosivi,Néstor Breitenbruch,1995-09-13,30.0,,DF,Aldosivi,25,,,,,,,,espn,2026-08-01T01:26:19.198645+00:00
Aldosivi,Nicolás Zalazar,1997-01-29,29.0,,DF,Aldosivi,33,,,,,,,,espn,2026-08-01T01:26:19.198645+00:00
Aldosivi,Rodrigo González,2000-04-14,26.0,,DF,Aldosivi,4,,,,,,,,espn,2026-08-01T01:26:19.198645+00:00
Aldosivi,Guillermo Enrique,2000-02-24,26.0,,DF,Aldosivi,2,,,,,,,,espn,2026-08-01T01:26:19.198645+00:00
Aldosivi,Elías López,2000-07-08,26.0,,DF,Aldosivi,14,,,,,,,,espn,2026-08-01T01:26:19.198645+00:00
Aldosivi,Matias Morello,2001-02-12,25.0,,DF,Aldosivi,16,,,,,,,,espn,2026-08-01T01:26:19.198645+00:00
Aldosivi,Joaquin Pombo,2001-03-18,25.0,,DF,Aldosivi,32,,,,,,,,espn,2026-08-01T01:26:19.198645+00:00
Aldosivi,Federico Laurelli,2004-07-10,22.0,,DF,Aldosivi,71,,,,,,,,espn,2026-08-01T01:26:19.198645+00:00
Aldosivi,Mateo Sebastián Vales,,,,DF,Aldosivi,38,,,,,,,,espn,2026-08-01T01:26:19.198645+00:00
Aldosivi,Lucas Castro,1989-04-09,37.0,,MF,Aldosivi,19,,,,,,,,espn,2026-08-01T01:26:19.198645+00:00
Aldosivi,Roberto Bochi,1987-07-06,39.0,,MF,Aldosivi,5,,,,,,,,espn,2026-08-01T01:26:19.198645+00:00
Aldosivi,Federico Acevedo,1993-02-26,33.0,,MF,Aldosivi,13,,,,,,,,espn,2026-08-01T01:26:19.198645+00:00
Aldosivi,Franco Leys,1993-10-18,32.0,,MF,Aldosivi,32,,,,,,,,espn,2026-08-01T01:26:19.198645+00:00
Aldosivi,Esteban Rolón,1995-03-25,31.0,,MF,Aldosivi,8,,,,,,,,espn,2026-08-01T01:26:19.198645+00:00
Aldosivi,Nicolás Linares,1996-03-06,30.0,,MF,Aldosivi,5,,,,,,,,espn,2026-08-01T01:26:19.198645+00:00
Aldosivi,Lautaro Chávez,2001-01-17,25.0,,MF,Aldosivi,80,,,,,,,,espn,2026-08-01T01:26:19.198645+00:00
Aldosivi,Martín García,2005-08-06,20.0,,MF,Aldosivi,55,,,,,,,,espn,2026-08-01T01:26:19.198645+00:00
Aldosivi,Augusto Fernández,2006-01-06,20.0,,FW,Aldosivi,48,,,,,,,,espn,2026-08-01T01:26:19.198645+00:00
Aldosivi,Andrés Chávez,1991-03-21,35.0,,FW,Aldosivi,18,,,,,,,,espn,2026-08-01T01:26:19.198645+00:00
Aldosivi,Alan Sosa,2003-05-05,23.0,,FW,Aldosivi,10,,,,,,,,espn,2026-08-01T01:26:19.198645+00:00
Aldosivi,Andrés Vombergar,1994-11-20,31.0,,FW,Aldosivi,29,,,,,,,,espn,2026-08-01T01:26:19.198645+00:00
Aldosivi,Nicolás Cordero,1999-04-11,27.0,,FW,Aldosivi,9,,,,,,,,espn,2026-08-01T01:26:19.198645+00:00
Aldosivi,Matias Godoy,2002-01-10,24.0,,FW,Aldosivi,21,,,,,,,,espn,2026-08-01T01:26:19.198645+00:00
Aldosivi,Tomás Fernandez,1998-02-11,28.0,,FW,Aldosivi,27,,,,,,,,espn,2026-08-01T01:26:19.198645+00:00
Aldosivi,Emanuel Guzmán,1999-08-11,26.0,,FW,Aldosivi,7,,,,,,,,espn,2026-08-01T01:26:19.198645+00:00
Aldosivi,Blas Palavecino,2003-03-09,23.0,,FW,Aldosivi,11,,,,,,,,espn,2026-08-01T01:26:19.198645+00:00
Aldosivi,Bautista Dadín,2006-05-20,20.0,,FW,Aldosivi,16,,,,,,,,espn,2026-08-01T01:26:19.198645+00:00
Aldosivi,Felipe Anso,2007-03-08,19.0,,FW,Aldosivi,24,,,,,,,,espn,2026-08-01T01:26:19.198645+00:00
Argentinos Juniors,Diego Rodríguez,1989-06-25,37.0,,GK,Argentinos Juniors,50,,,,,,,,espn,2026-08-01T01:26:19.198645+00:00
Argentinos Juniors,Brayan Cortés,1995-03-11,31.0,,GK,Argentinos Juniors,25,,,,,,,,espn,2026-08-01T01:26:19.198645+00:00
Argentinos Juniors,Gonzalo Siri Payer,2003-02-01,23.0,,GK,Argentinos Juniors,12,,,,,,,,espn,2026-08-01T01:26:19.198645+00:00
Argentinos Juniors,Erik Godoy,1993-08-16,32.0,,DF,Argentinos Juniors,4,,,,,,,,espn,2026-08-01T01:26:19.198645+00:00
Argentinos Juniors,Sebastián Prieto,1993-04-09,33.0,,DF,Argentinos Juniors,20,,,,,,,,espn,2026-08-01T01:26:19.198645+00:00
Argentinos Juniors,Luciano Sanchez,2005-02-02,21.0,,FW,Argentinos Juniors,3,,,,,,,,espn,2026-08-01T01:26:19.198645+00:00
Argentinos Juniors,Claudio Bravo,1997-03-13,29.0,,DF,Argentinos Juniors,26,,,,,,,,espn,2026-08-01T01:26:19.198645+00:00
Argentinos Juniors,Francisco Álvarez,2000-02-26,26.0,,DF,Argentinos Juniors,16,,,,,,,,espn,2026-08-01T01:26:19.198645+00:00
Argentinos Juniors,Franco Paredes,1999-03-18,27.0,,DF,Argentinos Juniors,17,,,,,,,,espn,2026-08-01T01:26:19.198645+00:00
Argentinos Juniors,Kevin Coronel,2004-08-11,21.0,,DF,Argentinos Juniors,14,,,,,,,,espn,2026-08-01T01:26:19.198645+00:00
Argentinos Juniors,Thiago Gómez,2006-03-18,20.0,,DF,Argentinos Juniors,37,,,,,,,,espn,2026-08-01T01:26:19.198645+00:00
Argentinos Juniors,Facundo Carrizo,2007-05-31,19.0,,DF,Argentinos Juniors,31,,,,,,,,espn,2026-08-01T01:26:19.198645+00:00
Argentinos Juniors,Santino Gianini,2008-09-24,17.0,,DF,Argentinos Juniors,42,,,,,,,,espn,2026-08-01T01:26:19.198645+00:00
Argentinos Juniors,Facundo Gutiérrez,1997-06-03,29.0,,MF,Argentinos Juniors,15,,,,,,,,espn,2026-08-01T01:26:19.198645+00:00
Argentinos Juniors,Hernan Lopez,2000-09-07,25.0,,MF,Argentinos Juniors,23,,,,,,,,espn,2026-08-01T01:26:19.198645+00:00
Argentinos Juniors,Nicolás Oroz,1994-04-01,32.0,,MF,Argentinos Juniors,11,,,,,,,,espn,2026-08-01T01:26:19.198645+00:00
Argentinos Juniors,Gabriel Florentín,1999-03-13,27.0,,MF,Argentinos Juniors,21,,,,,,,,espn,2026-08-01T01:26:19.198645+00:00
Argentinos Juniors,Gino Infantino,2003-05-19,23.0,,MF,Argentinos Juniors,32,,,,,,,,espn,2026-08-01T01:26:19.198645+00:00
Argentinos Juniors,Joaquin Gho,2003-05-14,23.0,,MF,Argentinos Juniors,28,,,,,,,,espn,2026-08-01T01:26:19.198645+00:00
Argentinos Juniors,Emiliano Viveros,2002-09-30,23.0,,MF,Argentinos Juniors,29,,,,,,,,espn,2026-08-01T01:26:19.198645+00:00
Argentinos Juniors,Alan Lescano,2001-11-11,24.0,,MF,Argentinos Juniors,10,,,,,,,,espn,2026-08-01T01:26:19.198645+00:00
Argentinos Juniors,Lucas Gómez,2004-06-17,22.0,,MF,Argentinos Juniors,8,,,,,,,,espn,2026-08-01T01:26:19.198645+00:00
Argentinos Juniors,Alan Alcaraz,2009-07-11,17.0,,MF,Argentinos Juniors,35,,,,,,,,espn,2026-08-01T01:26:19.198645+00:00
Argentinos Juniors,Matías Giménez,1999-03-06,27.0,,FW,Argentinos Juniors,19,,,,,,,,espn,2026-08-01T01:26:19.198645+00:00
Argentinos Juniors,Tomás Molina,1995-04-12,31.0,,FW,Argentinos Juniors,27,,,,,,,,espn,2026-08-01T01:26:19.198645+00:00
Argentinos Juniors,Iván Morales,2004-04-17,22.0,,GK,Argentinos Juniors,30,,,,,,,,espn,2026-08-01T01:26:19.198645+00:00
Argentinos Juniors,Gastón Verón,2001-04-23,25.0,,FW,Argentinos Juniors,9,,,,,,,,espn,2026-08-01T01:26:19.198645+00:00
Argentinos Juniors,Ryoga Kida,2005-07-15,21.0,,FW,Argentinos Juniors,34,,,,,,,,espn,2026-08-01T01:26:19.198645+00:00
Argentinos Juniors,Diego Porcel,2005-01-21,21.0,,FW,Argentinos Juniors,47,,,,,,,,espn,2026-08-01T01:26:19.198645+00:00
Argentinos Juniors,Facundo Jainikoski,2008-03-15,18.0,,FW,Argentinos Juniors,48,,,,,,,,espn,2026-08-01T01:26:19.198645+00:00
Atlético Tucumán,Tomás Durso,1999-02-26,27.0,,GK,Atlético Tucumán,25,,,,,,,,espn,2026-08-01T01:26:19.198645+00:00
Atlético Tucumán,Luis Ingolotti,2000-01-14,26.0,,GK,Atlético Tucumán,1,,,,,,,,espn,2026-08-01T01:26:19.198645+00:00
Atlético Tucumán,Patricio Albornoz,2000-04-04,26.0,,GK,Atlético Tucumán,12,,,,,,,,espn,2026-08-01T01:26:19.198645+00:00
Atlético Tucumán,Leonel Di Plácido,1994-01-28,32.0,,DF,Atlético Tucumán,24,,,,,,,,espn,2026-08-01T01:26:19.198645+00:00
Atlético Tucumán,Juan Infante,1996-01-07,30.0,,DF,Atlético Tucumán,32,,,,,,,,espn,2026-08-01T01:26:19.198645+00:00
Atlético Tucumán,Gabriel Compagnucci,1991-08-29,34.0,,DF,Atlético Tucumán,28,,,,,,,,espn,2026-08-01T01:26:19.198645+00:00
Atlético Tucumán,Gastón Suso,1991-03-12,35.0,,DF,Atlético Tucumán,20,,,,,,,,espn,2026-08-01T01:26:19.198645+00:00
Atlético Tucumán,Maxi Villa,1997-03-03,29.0,,DF,Atlético Tucumán,3,,,,,,,,espn,2026-08-01T01:26:19.198645+00:00
Atlético Tucumán,Gianluca Ferrari,1997-06-30,29.0,,DF,Atlético Tucumán,6,,,,,,,,espn,2026-08-01T01:26:19.198645+00:00
Atlético Tucumán,Ignacio Galván,2002-09-06,23.0,,DF,Atlético Tucumán,21,,,,,,,,espn,2026-08-01T01:26:19.198645+00:00
Atlético Tucumán,Moisés Brandán,2000-02-08,26.0,,DF,Atlético Tucumán,,,,,,,,,espn,2026-08-01T01:26:19.198645+00:00
Atlético Tucumán,Clever Ferreira,2003-02-20,23.0,,DF,Atlético Tucumán,26,,,,,,,,espn,2026-08-01T01:26:19.198645+00:00
Atlético Tucumán,Luciano Vallejo,2004-05-29,22.0,,DF,Atlético Tucumán,36,,,,,,,,espn,2026-08-01T01:26:19.198645+00:00
Atlético Tucumán,Ramiro Paunero,2005-03-14,21.0,,DF,Atlético Tucumán,2,,,,,,,,espn,2026-08-01T01:26:19.198645+00:00
Atlético Tucumán,Julián Fernández,1995-03-22,31.0,,MF,Atlético Tucumán,5,,,,,,,,espn,2026-08-01T01:26:19.198645+00:00
Atlético Tucumán,Martín Benítez,1994-06-17,32.0,,MF,Atlético Tucumán,7,,,,,,,,espn,2026-08-01T01:26:19.198645+00:00
Atlético Tucumán,Ezequiel Ham,1994-03-10,32.0,,MF,Atlético Tucumán,8,,,,,,,,espn,2026-08-01T01:26:19.198645+00:00
Atlético Tucumán,Renzo Tesuri,1996-06-07,30.0,,MF,Atlético Tucumán,11,,,,,,,,espn,2026-08-01T01:26:19.198645+00:00
Atlético Tucumán,Javier Dominguez,2000-05-26,26.0,,MF,Atlético Tucumán,5,,,,,,,,espn,2026-08-01T01:26:19.198645+00:00
Atlético Tucumán,Ezequil Godoy,2003-10-09,22.0,,MF,Atlético Tucumán,37,,,,,,,,espn,2026-08-01T01:26:19.198645+00:00
Atlético Tucumán,Kevin Ortíz,2000-09-18,25.0,,MF,Atlético Tucumán,45,,,,,,,,espn,2026-08-01T01:26:19.198645+00:00
Atlético Tucumán,Lautaro Godoy,2003-03-15,23.0,,MF,Atlético Tucumán,31,,,,,,,,espn,2026-08-01T01:26:19.198645+00:00
Atlético Tucumán,Leonel Vega,2004-01-08,22.0,,MF,Atlético Tucumán,19,,,,,,,,espn,2026-08-01T01:26:19.198645+00:00
Atlético Tucumán,Tomás Jung,,,,MF,Atlético Tucumán,4,,,,,,,,espn,2026-08-01T01:26:19.198645+00:00
Atlético Tucumán,Leandro Díaz,1992-06-06,34.0,,FW,Atlético Tucumán,9,,,,,,,,espn,2026-08-01T01:26:19.198645+00:00
Atlético Tucumán,Ramiro Ruiz Rodriguez,2000-03-21,26.0,,FW,Atlético Tucumán,18,,,,,,,,espn,2026-08-01T01:26:19.198645+00:00
Atlético Tucumán,Nicolás Laméndola,1998-12-12,27.0,,FW,Atlético Tucumán,23,,,,,,,,espn,2026-08-01T01:26:19.198645+00:00
Atlético Tucumán,Franco Albanell,2002-04-18,24.0,,FW,Atlético Tucumán,10,,,,,,,,espn,2026-08-01T01:26:19.198645+00:00
Atlético Tucumán,Lucas Román,2004-02-10,22.0,,FW,Atlético Tucumán,34,,,,,,,,espn,2026-08-01T01:26:19.198645+00:00
Atlético Tucumán,Facundo Pimienta,2003-07-17,23.0,,FW,Atlético Tucumán,22,,,,,,,,espn,2026-08-01T01:26:19.198645+00:00
Atlético Tucumán,Manuel Brondo,2002-02-25,24.0,,FW,Atlético Tucumán,30,,,,,,,,espn,2026-08-01T01:26:19.198645+00:00
Atlético Tucumán,Carlos Abeldano,2005-04-09,21.0,,FW,Atlético Tucumán,35,,,,,,,,espn,2026-08-01T01:26:19.198645+00:00
Atlético Tucumán,Rodrigo Granillo,2006-02-01,20.0,,FW,Atlético Tucumán,27,,,,,,,,espn,2026-08-01T01:26:19.198645+00:00
Banfield,Joaquín Molina,2003-06-21,23.0,,FW,Banfield,31,,,,,,,,espn,2026-08-01T01:26:19.198645+00:00
Banfield,Facundo Sanguinetti,2001-03-01,25.0,,GK,Banfield,1,,,,,,,,espn,2026-08-01T01:26:19.198645+00:00
Banfield,Gino Santilli,2001-10-26,24.0,,GK,Banfield,25,,,,,,,,espn,2026-08-01T01:26:19.198645+00:00
Banfield,Juan Alfaro,1999-10-16,26.0,,MF,Banfield,4,,,,,,,,espn,2026-08-01T01:26:19.198645+00:00
Banfield,Danilo Arboleda,1995-05-16,31.0,,DF,Banfield,2,,,,,,,,espn,2026-08-01T01:26:19.198645+00:00
Banfield,Nicolás Meriano,2000-11-09,25.0,,DF,Banfield,6,,,,,,,,espn,2026-08-01T01:26:19.198645+00:00
Banfield,Luis Abraham,1998-01-12,28.0,,DF,Banfield,27,,,,,,,,espn,2026-08-01T01:26:19.198645+00:00
Banfield,Santiago Daniele,2005-11-22,20.0,,DF,Banfield,34,,,,,,,,espn,2026-08-01T01:26:19.198645+00:00
Banfield,Brandon Oviedo,2005-01-25,21.0,,DF,Banfield,13,,,,,,,,espn,2026-08-01T01:26:19.198645+00:00
Banfield,Marcos López,2006-10-13,19.0,,DF,Banfield,12,,,,,,,,espn,2026-08-01T01:26:19.198645+00:00
Banfield,Favio Álvarez,1993-01-23,33.0,,MF,Banfield,11,,,,,,,,espn,2026-08-01T01:26:19.198645+00:00
Banfield,Neyder Moreno,1997-02-09,29.0,,MF,Banfield,33,,,,,,,,espn,2026-08-01T01:26:19.198645+00:00
Banfield,Santiago López Garcia,1997-12-04,28.0,,MF,Banfield,24,,,,,,,,espn,2026-08-01T01:26:19.198645+00:00
Banfield,Ignacio Pais,2000-05-30,26.0,,MF,Banfield,35,,,,,,,,espn,2026-08-01T01:26:19.198645+00:00
Banfield,Lautaro Villegas,2003-12-30,22.0,,MF,Banfield,21,,,,,,,,espn,2026-08-01T01:26:19.198645+00:00
Banfield,Tomás Adoryan,2001-09-22,24.0,,MF,Banfield,20,,,,,,,,espn,2026-08-01T01:26:19.198645+00:00
Banfield,Lucas Palavecino,2003-10-18,22.0,,MF,Banfield,23,,,,,,,,espn,2026-08-01T01:26:19.198645+00:00
Banfield,Federico Medina,2004-02-16,22.0,,MF,Banfield,18,,,,,,,,espn,2026-08-01T01:26:19.198645+00:00
Banfield,Lautaro Gómez,2003-08-08,22.0,,MF,Banfield,10,,,,,,,,espn,2026-08-01T01:26:19.198645+00:00
Banfield,Santiago Esquivel,2004-01-02,22.0,,MF,Banfield,15,,,,,,,,espn,2026-08-01T01:26:19.198645+00:00
Banfield,David Salazar,2002-05-09,24.0,,FW,Banfield,40,,,,,,,,espn,2026-08-01T01:26:19.198645+00:00
Banfield,Federico Anselmo,1994-06-11,32.0,,FW,Banfield,30,,,,,,,,espn,2026-08-01T01:26:19.198645+00:00
Banfield,Thomas Rodriguez,1996-04-05,30.0,,FW,Banfield,77,,,,,,,,espn,2026-08-01T01:26:19.198645+00:00
Banfield,Bruno Sepúlveda,1992-09-17,33.0,,FW,Banfield,9,,,,,,,,espn,2026-08-01T01:26:19.198645+00:00
Banfield,Lisandro Piñero,2007-07-15,19.0,,FW,Banfield,7,,,,,,,,espn,2026-08-01T01:26:19.198645+00:00
Banfield,Tiziano Perrota,2006-11-25,19.0,,FW,Banfield,17,,,,,,,,espn,2026-08-01T01:26:19.198645+00:00
Banfield,Valentín González,2005-11-01,20.0,,FW,Banfield,32,,,,,,,,espn,2026-08-01T01:26:19.198645+00:00
Banfield,Jeremiah Ezekiel Acosta Bobadilla,,,,FW,Banfield,16,,,,,,,,espn,2026-08-01T01:26:19.198645+00:00
Barracas Central,Juan Espínola,1994-11-02,31.0,,GK,Barracas Central,1,,,,,,,,espn,2026-08-01T01:26:19.198645+00:00
Barracas Central,Marcelo Miño,1997-08-21,28.0,,GK,Barracas Central,30,,,,,,,,espn,2026-08-01T01:26:19.198645+00:00
Barracas Central,Juan Insúa,2005-01-04,21.0,,GK,Barracas Central,38,,,,,,,,espn,2026-08-01T01:26:19.198645+00:00
Barracas Central,Fernando Tobio,1989-10-18,36.0,,DF,Barracas Central,32,,,,,,,,espn,2026-08-01T01:26:19.198645+00:00
Barracas Central,Damián Martínez,1990-01-31,36.0,,DF,Barracas Central,4,,,,,,,,espn,2026-08-01T01:26:19.198645+00:00
Barracas Central,Gastón Campi,1991-04-06,35.0,,DF,Barracas Central,37,,,,,,,,espn,2026-08-01T01:26:19.198645+00:00
Barracas Central,Rafael Barrios,1993-05-23,33.0,,DF,Barracas Central,13,,,,,,,,espn,2026-08-01T01:26:19.198645+00:00
Barracas Central,Yonatthan Rak,1993-08-18,32.0,,DF,Barracas Central,15,,,,,,,,espn,2026-08-01T01:26:19.198645+00:00
Barracas Central,Nicolás De Martini,1999-11-04,26.0,,DF,Barracas Central,31,,,,,,,,espn,2026-08-01T01:26:19.198645+00:00
Barracas Central,Elías Pereyra,1999-02-15,27.0,,DF,Barracas Central,17,,,,,,,,espn,2026-08-01T01:26:19.198645+00:00
Barracas Central,Rodrigo Insúa,1997-12-16,28.0,,DF,Barracas Central,6,,,,,,,,espn,2026-08-01T01:26:19.198645+00:00
Barracas Central,Kevin Jappert,2004-02-25,22.0,,DF,Barracas Central,14,,,,,,,,espn,2026-08-01T01:26:19.198645+00:00
Barracas Central,Nicolás Capraro,1998-03-03,28.0,,DF,Barracas Central,2,,,,,,,,espn,2026-08-01T01:26:19.198645+00:00
Barracas Central,Carlos Arce,1990-09-16,35.0,,MF,Barracas Central,19,,,,,,,,espn,2026-08-01T01:26:19.198645+00:00
Barracas Central,Dardo Miloc,1990-10-16,35.0,,MF,Barracas Central,5,,,,,,,,espn,2026-08-01T01:26:19.198645+00:00
Barracas Central,Yeison Gordillo,1992-06-25,34.0,,MF,Barracas Central,25,,,,,,,,espn,2026-08-01T01:26:19.198645+00:00
Barracas Central,Rodrigo Bogarín,1997-05-24,29.0,,MF,Barracas Central,28,,,,,,,,espn,2026-08-01T01:26:19.198645+00:00
Barracas Central,Gonzalo Maroni,1999-03-18,27.0,,MF,Barracas Central,33,,,,,,,,espn,2026-08-01T01:26:19.198645+00:00
Barracas Central,Iván Tapia,1998-11-23,27.0,,MF,Barracas Central,10,,,,,,,,espn,2026-08-01T01:26:19.198645+00:00
Barracas Central,Maximiliano Puig,2000-09-18,25.0,,MF,Barracas Central,79,,,,,,,,espn,2026-08-01T01:26:19.198645+00:00
Barracas Central,Tomás Porra,2004-01-09,22.0,,MF,Barracas Central,8,,,,,,,,espn,2026-08-01T01:26:19.198645+00:00
Barracas Central,Enzo Taborda,2005-05-20,21.0,,MF,Barracas Central,24,,,,,,,,espn,2026-08-01T01:26:19.198645+00:00
Barracas Central,Manuel Duarte,2001-08-23,24.0,,MF,Barracas Central,18,,,,,,,,espn,2026-08-01T01:26:19.198645+00:00
Barracas Central,Iván Guaraz,2005-03-11,21.0,,MF,Barracas Central,16,,,,,,,,espn,2026-08-01T01:26:19.198645+00:00
Barracas Central,Javier Morales,2003-03-04,23.0,,FW,Barracas Central,9,,,,,,,,espn,2026-08-01T01:26:19.198645+00:00
Barracas Central,Lucas Gamba,1987-06-24,39.0,,FW,Barracas Central,21,,,,,,,,espn,2026-08-01T01:26:19.198645+00:00
Barracas Central,Norberto Briasco,1996-02-29,30.0,,FW,Barracas Central,11,,,,,,,,espn,2026-08-01T01:26:19.198645+00:00
Barracas Central,Jhonatan Candia,1995-03-15,31.0,,FW,Barracas Central,20,,,,,,,,espn,2026-08-01T01:26:19.198645+00:00
Barracas Central,Juan Ignacio Barbieri,1996-09-17,29.0,,FW,Barracas Central,7,,,,,,,,espn,2026-08-01T01:26:19.198645+00:00
Barracas Central,Wilfredo Rivera,2003-10-14,22.0,,FW,Barracas Central,23,,,,,,,,espn,2026-08-01T01:26:19.198645+00:00
Barracas Central,Valentino Gandín,2007-05-22,19.0,,FW,Barracas Central,22,,,,,,,,espn,2026-08-01T01:26:19.198645+00:00
Barracas Central,Tomas Lavezzi,2005-05-11,21.0,,FW,Barracas Central,36,,,,,,,,espn,2026-08-01T01:26:19.198645+00:00
Belgrano (Córdoba),Thiago Cardozo,1996-07-31,30.0,,GK,Belgrano (Córdoba),25,,,,,,,,espn,2026-08-01T01:26:19.198645+00:00
Belgrano (Córdoba),Manuel Vincentini,1990-08-29,35.0,,GK,Belgrano (Córdoba),23,,,,,,,,espn,2026-08-01T01:26:19.198645+00:00
Belgrano (Córdoba),Matías Daniele,2004-01-02,22.0,,GK,Belgrano (Córdoba),28,,,,,,,,espn,2026-08-01T01:26:19.198645+00:00
Belgrano (Córdoba),Santiago Ferez,2005-07-08,21.0,,GK,Belgrano (Córdoba),60,,,,,,,,espn,2026-08-01T01:26:19.198645+00:00
Belgrano (Córdoba),Lisandro López,1989-09-01,36.0,,DF,Belgrano (Córdoba),17,,,,,,,,espn,2026-08-01T01:26:19.198645+00:00
Belgrano (Córdoba),Federico Ricca,1994-12-01,31.0,,DF,Belgrano (Córdoba),16,,,,,,,,espn,2026-08-01T01:26:19.198645+00:00
Belgrano (Córdoba),Adrián Sporle,1995-07-13,31.0,,DF,Belgrano (Córdoba),3,,,,,,,,espn,2026-08-01T01:26:19.198645+00:00
Belgrano (Córdoba),Leonardo Morales,1991-04-11,35.0,,DF,Belgrano (Córdoba),14,,,,,,,,espn,2026-08-01T01:26:19.198645+00:00
Belgrano (Córdoba),Alexis Maldonado,1997-09-02,28.0,,DF,Belgrano (Córdoba),2,,,,,,,,espn,2026-08-01T01:26:19.198645+00:00
Belgrano (Córdoba),Alcides Benítez,2002-06-28,24.0,,DF,Belgrano (Córdoba),26,,,,,,,,espn,2026-08-01T01:26:19.198645+00:00
Belgrano (Córdoba),Álvaro Ocampo,2004-07-12,22.0,,DF,Belgrano (Córdoba),13,,,,,,,,espn,2026-08-01T01:26:19.198645+00:00
Belgrano (Córdoba),Agustín Falcón,2005-01-21,21.0,,DF,Belgrano (Córdoba),45,,,,,,,,espn,2026-08-01T01:26:19.198645+00:00
Belgrano (Córdoba),Agustín Griguol,2008-05-20,18.0,,DF,Belgrano (Córdoba),4,,,,,,,,espn,2026-08-01T01:26:19.198645+00:00
Belgrano (Córdoba),Adrián Sánchez,1999-05-14,27.0,,MF,Belgrano (Córdoba),21,,,,,,,,espn,2026-08-01T01:26:19.198645+00:00
Belgrano (Córdoba),Franco Vázquez,2005-01-02,21.0,,DF,Belgrano (Córdoba),20,,,,,,,,espn,2026-08-01T01:26:19.198645+00:00
Belgrano (Córdoba),Lucas Zelarayán,1992-06-20,34.0,,MF,Belgrano (Córdoba),10,,,,,,,,espn,2026-08-01T01:26:19.198645+00:00
Belgrano (Córdoba),Emiliano Rigoni,1993-02-04,33.0,,MF,Belgrano (Córdoba),24,,,,,,,,espn,2026-08-01T01:26:19.198645+00:00
Belgrano (Córdoba),Francisco Gonzalez Metilli,1997-03-29,29.0,,MF,Belgrano (Córdoba),11,,,,,,,,espn,2026-08-01T01:26:19.198645+00:00
Belgrano (Córdoba),Santiago Longo,1998-04-12,28.0,,MF,Belgrano (Córdoba),5,,,,,,,,espn,2026-08-01T01:26:19.198645+00:00
Belgrano (Córdoba),Ramiro Hernandes,2004-11-12,21.0,,MF,Belgrano (Córdoba),51,,,,,,,,espn,2026-08-01T01:26:19.198645+00:00
Belgrano (Córdoba),Ramiro Tulián,2008-01-19,18.0,,MF,Belgrano (Córdoba),15,,,,,,,,espn,2026-08-01T01:26:19.198645+00:00
Belgrano (Córdoba),Lucas Passerini,1994-07-16,32.0,,FW,Belgrano (Córdoba),9,,,,,,,,espn,2026-08-01T01:26:19.198645+00:00
Belgrano (Córdoba),Nicolás Fernández,1996-02-08,30.0,,FW,Belgrano (Córdoba),22,,,,,,,,espn,2026-08-01T01:26:19.198645+00:00
Belgrano (Córdoba),Juan Velazquez,2004-11-19,21.0,,FW,Belgrano (Córdoba),53,,,,,,,,espn,2026-08-01T01:26:19.198645+00:00
Belgrano (Córdoba),Jeremías Lucco,2005-12-10,20.0,,FW,Belgrano (Córdoba),42,,,,,,,,espn,2026-08-01T01:26:19.198645+00:00
Belgrano (Córdoba),Gonzalo Zelarayán,2004-04-28,22.0,,FW,Belgrano (Córdoba),30,,,,,,,,espn,2026-08-01T01:26:19.198645+00:00
Belgrano (Córdoba),Lautaro Gutierrez,2006-02-05,20.0,,FW,Belgrano (Córdoba),37,,,,,,,,espn,2026-08-01T01:26:19.198645+00:00
Belgrano (Córdoba),Agustin Melano,2004-08-26,21.0,,FW,Belgrano (Córdoba),,,,,,,,,espn,2026-08-01T01:26:19.198645+00:00
Boca Juniors,Javier García,1987-01-29,39.0,,GK,Boca Juniors,13,,,,,,,,espn,2026-08-01T01:26:19.198645+00:00
Boca Juniors,Álvaro Montero,1995-03-29,31.0,,GK,Boca Juniors,1,,,,,,,,espn,2026-08-01T01:26:19.198645+00:00
Boca Juniors,Agustín Marchesín,1988-03-16,38.0,,GK,Boca Juniors,1,,,,,,,,espn,2026-08-01T01:26:19.198645+00:00
Boca Juniors,Leandro Brey,2002-09-21,23.0,,GK,Boca Juniors,12,,,,,,,,espn,2026-08-01T01:26:19.198645+00:00
Boca Juniors,Fernando Rodríguez,2004-09-15,21.0,,GK,Boca Juniors,47,,,,,,,,espn,2026-08-01T01:26:19.198645+00:00
Boca Juniors,Jorge Figal,1994-04-03,32.0,,DF,Boca Juniors,4,,,,,,,,espn,2026-08-01T01:26:19.198645+00:00
Boca Juniors,Marcelo Weigandt,2000-01-11,26.0,,DF,Boca Juniors,23,,,,,,,,espn,2026-08-01T01:26:19.198645+00:00
Boca Juniors,Juan Barinaga,2000-10-10,25.0,,DF,Boca Juniors,24,,,,,,,,espn,2026-08-01T01:26:19.198645+00:00
Boca Juniors,Ayrton Costa,1999-07-12,27.0,,DF,Boca Juniors,32,,,,,,,,espn,2026-08-01T01:26:19.198645+00:00
Boca Juniors,Lautaro Blanco,1999-02-19,27.0,,DF,Boca Juniors,3,,,,,,,,espn,2026-08-01T01:26:19.198645+00:00
Boca Juniors,Marco Pellegrino,2002-07-18,24.0,,DF,Boca Juniors,26,,,,,,,,espn,2026-08-01T01:26:19.198645+00:00
Boca Juniors,Leandro Lozano,1998-12-19,27.0,,DF,Boca Juniors,17,,,,,,,,espn,2026-08-01T01:26:19.198645+00:00
Boca Juniors,Lautaro Di Lollo,2004-03-10,22.0,,DF,Boca Juniors,2,,,,,,,,espn,2026-08-01T01:26:19.198645+00:00
Boca Juniors,Dylan Gorosito,2006-02-03,20.0,,DF,Boca Juniors,24,,,,,,,,espn,2026-08-01T01:26:19.198645+00:00
Boca Juniors,Facundo Herrera,2006-07-11,20.0,,DF,Boca Juniors,42,,,,,,,,espn,2026-08-01T01:26:19.198645+00:00
Boca Juniors,Matías Satas,2008-02-28,18.0,,DF,Boca Juniors,46,,,,,,,,espn,2026-08-01T01:26:19.198645+00:00
Boca Juniors,Gian Paoli,2005-10-01,20.0,,DF,Boca Juniors,51,,,,,,,,espn,2026-08-01T01:26:19.198645+00:00
Boca Juniors,Baltazar Blum Macías,,,,DF,Boca Juniors,48,,,,,,,,espn,2026-08-01T01:26:19.198645+00:00
Boca Juniors,Camilo Rey,2006-03-10,20.0,,MF,Boca Juniors,23,,,,,,,,espn,2026-08-01T01:26:19.198645+00:00
Boca Juniors,Rodrigo Battaglia,1991-07-12,35.0,,MF,Boca Juniors,6,,,,,,,,espn,2026-08-01T01:26:19.198645+00:00
Boca Juniors,Leandro Paredes,1994-06-29,32.0,,MF,Boca Juniors,5,,,,,,,,espn,2026-08-01T01:26:19.198645+00:00
Boca Juniors,Carlos Palacios,2000-07-20,26.0,,MF,Boca Juniors,7,,,,,,,,espn,2026-08-01T01:26:19.198645+00:00
Boca Juniors,Santiago Ascacibar,1997-02-25,29.0,,MF,Boca Juniors,25,,,,,,,,espn,2026-08-01T01:26:19.198645+00:00
Boca Juniors,Tomás Belmonte,1998-05-27,28.0,,MF,Boca Juniors,8,,,,,,,,espn,2026-08-01T01:26:19.198645+00:00
Boca Juniors,Malcom Braida,1997-05-17,29.0,,MF,Boca Juniors,27,,,,,,,,espn,2026-08-01T01:26:19.198645+00:00
Boca Juniors,William Alarcón,2000-11-29,25.0,,MF,Boca Juniors,15,,,,,,,,espn,2026-08-01T01:26:19.198645+00:00
Boca Juniors,Alan Velasco,2002-07-27,24.0,,MF,Boca Juniors,20,,,,,,,,espn,2026-08-01T01:26:19.198645+00:00
Boca Juniors,Kevin Zenón,2001-07-30,25.0,,MF,Boca Juniors,21,,,,,,,,espn,2026-08-01T01:26:19.198645+00:00
Boca Juniors,Milton Delgado,2005-06-16,21.0,,MF,Boca Juniors,18,,,,,,,,espn,2026-08-01T01:26:19.198645+00:00
Boca Juniors,Dante Gonzalez,2006-11-15,19.0,,MF,Boca Juniors,50,,,,,,,,espn,2026-08-01T01:26:19.198645+00:00
Boca Juniors,Tomás Aranda,2007-05-09,19.0,,MF,Boca Juniors,10,,,,,,,,espn,2026-08-01T01:26:19.198645+00:00
Boca Juniors,Gonzalo Tomás Márquez,,,,MF,Boca Juniors,31,,,,,,,,espn,2026-08-01T01:26:19.198645+00:00
Boca Juniors,Lautaro Mendieta,,,,MF,Boca Juniors,33,,,,,,,,espn,2026-08-01T01:26:19.198645+00:00
Boca Juniors,Sebastián Villa,1996-05-19,30.0,,FW,Boca Juniors,22,,,,,,,,espn,2026-08-01T01:26:19.198645+00:00
Boca Juniors,Ángel Romero,1992-07-04,34.0,,FW,Boca Juniors,11,,,,,,,,espn,2026-08-01T01:26:19.198645+00:00
Boca Juniors,Adam Bareiro,1996-07-26,30.0,,FW,Boca Juniors,28,,,,,,,,espn,2026-08-01T01:26:19.198645+00:00
Boca Juniors,Miguel Merentiel,1996-02-24,30.0,,FW,Boca Juniors,16,,,,,,,,espn,2026-08-01T01:26:19.198645+00:00
Boca Juniors,Exequiel Zeballos,2002-04-24,24.0,,FW,Boca Juniors,7,,,,,,,,espn,2026-08-01T01:26:19.198645+00:00
Boca Juniors,Milton Gimenez,1996-08-12,29.0,,FW,Boca Juniors,9,,,,,,,,espn,2026-08-01T01:26:19.198645+00:00
Boca Juniors,Juan Payal,2005-06-11,21.0,,FW,Boca Juniors,34,,,,,,,,espn,2026-08-01T01:26:19.198645+00:00
Boca Juniors,Iker Zufiaurre,2005-08-07,20.0,,FW,Boca Juniors,41,,,,,,,,espn,2026-08-01T01:26:19.198645+00:00
Boca Juniors,Joaquín Ruíz,2006-07-21,20.0,,FW,Boca Juniors,53,,,,,,,,espn,2026-08-01T01:26:19.198645+00:00
Boca Juniors,Leonel Flores,2007-02-06,19.0,,FW,Boca Juniors,19,,,,,,,,espn,2026-08-01T01:26:19.198645+00:00
Boca Juniors,Joaquín Piñeyro,2008-02-22,18.0,,FW,Boca Juniors,49,,,,,,,,espn,2026-08-01T01:26:19.198645+00:00
Boca Juniors,Kevin Ferreira,2008-07-01,18.0,,FW,Boca Juniors,54,,,,,,,,espn,2026-08-01T01:26:19.198645+00:00
Boca Juniors,Gonzalo Gelini,2006-12-15,19.0,,FW,Boca Juniors,37,,,,,,,,espn,2026-08-01T01:26:19.198645+00:00
Boca Juniors,Rodrigo Bacidalupe,2007-07-22,19.0,,FW,Boca Juniors,44,,,,,,,,espn,2026-08-01T01:26:19.198645+00:00
Boca Juniors,Miguel Ventos,2005-03-22,21.0,,FW,Boca Juniors,45,,,,,,,,espn,2026-08-01T01:26:19.198645+00:00
Central Córdoba (Santiago del Estero),Alan Aguerre,1990-08-23,35.0,,GK,Central Córdoba (Santiago del Estero),1,,,,,,,,espn,2026-08-01T01:26:19.198645+00:00
Central Córdoba (Santiago del Estero),Javier Vallejos,2003-01-03,23.0,,GK,Central Córdoba (Santiago del Estero),25,,,,,,,,espn,2026-08-01T01:26:19.198645+00:00
Central Córdoba (Santiago del Estero),Máximo Álvarez,,,,GK,Central Córdoba (Santiago del Estero),12,,,,,,,,espn,2026-08-01T01:26:19.198645+00:00
Central Córdoba (Santiago del Estero),Felipe Aguilar,1993-01-20,33.0,,DF,Central Córdoba (Santiago del Estero),,,,,,,,,espn,2026-08-01T01:26:19.198645+00:00
Central Córdoba (Santiago del Estero),Santiago Moyano,1997-09-23,28.0,,DF,Central Córdoba (Santiago del Estero),33,,,,,,,,espn,2026-08-01T01:26:19.198645+00:00
Central Córdoba (Santiago del Estero),Alejandro Maciel,1997-04-22,29.0,,DF,Central Córdoba (Santiago del Estero),2,,,,,,,,espn,2026-08-01T01:26:19.198645+00:00
Central Córdoba (Santiago del Estero),Leonardo Marchi,1996-09-17,29.0,,DF,Central Córdoba (Santiago del Estero),3,,,,,,,,espn,2026-08-01T01:26:19.198645+00:00
Central Córdoba (Santiago del Estero),Facundo Mansilla,1999-02-27,27.0,,DF,Central Córdoba (Santiago del Estero),6,,,,,,,,espn,2026-08-01T01:26:19.198645+00:00
Central Córdoba (Santiago del Estero),Fernando Martínez,2000-07-27,26.0,,DF,Central Córdoba (Santiago del Estero),20,,,,,,,,espn,2026-08-01T01:26:19.198645+00:00
Central Córdoba (Santiago del Estero),Juan Pablo Pignani,2001-07-02,25.0,,DF,Central Córdoba (Santiago del Estero),42,,,,,,,,espn,2026-08-01T01:26:19.198645+00:00
Central Córdoba (Santiago del Estero),José Goméz,2000-03-06,26.0,,DF,Central Córdoba (Santiago del Estero),13,,,,,,,,espn,2026-08-01T01:26:19.198645+00:00
Central Córdoba (Santiago del Estero),Lucas Bernabéu,2004-01-07,22.0,,DF,Central Córdoba (Santiago del Estero),26,,,,,,,,espn,2026-08-01T01:26:19.198645+00:00
Central Córdoba (Santiago del Estero),Yuri Casermeiro,2002-03-12,24.0,,DF,Central Córdoba (Santiago del Estero),17,,,,,,,,espn,2026-08-01T01:26:19.198645+00:00
Central Córdoba (Santiago del Estero),Agustín Romero,2006-11-02,19.0,,DF,Central Córdoba (Santiago del Estero),24,,,,,,,,espn,2026-08-01T01:26:19.198645+00:00
Central Córdoba (Santiago del Estero),Matías Vera,1995-11-20,30.0,,MF,Central Córdoba (Santiago del Estero),22,,,,,,,,espn,2026-08-01T01:26:19.198645+00:00
Central Córdoba (Santiago del Estero),Fernando Juárez,1998-08-23,27.0,,MF,Central Córdoba (Santiago del Estero),8,,,,,,,,espn,2026-08-01T01:26:19.198645+00:00
Central Córdoba (Santiago del Estero),Lucas González,1997-10-18,28.0,,FW,Central Córdoba (Santiago del Estero),18,,,,,,,,espn,2026-08-01T01:26:19.198645+00:00
Central Córdoba (Santiago del Estero),Marco Iacobellis,1999-12-27,26.0,,MF,Central Córdoba (Santiago del Estero),10,,,,,,,,espn,2026-08-01T01:26:19.198645+00:00
Central Córdoba (Santiago del Estero),Thiago Cravero,2002-10-03,23.0,,MF,Central Córdoba (Santiago del Estero),5,,,,,,,,espn,2026-08-01T01:26:19.198645+00:00
Central Córdoba (Santiago del Estero),Juan Cardozo,2004-02-24,22.0,,MF,Central Córdoba (Santiago del Estero),55,,,,,,,,espn,2026-08-01T01:26:19.198645+00:00
Central Córdoba (Santiago del Estero),Federico Rodriguez,2008-12-09,17.0,,MF,Central Córdoba (Santiago del Estero),30,,,,,,,,espn,2026-08-01T01:26:19.198645+00:00
Central Córdoba (Santiago del Estero),Michael Santos,1993-03-13,33.0,,FW,Central Córdoba (Santiago del Estero),27,,,,,,,,espn,2026-08-01T01:26:19.198645+00:00
Central Córdoba (Santiago del Estero),Horacio Tijanovich,1996-02-28,30.0,,FW,Central Córdoba (Santiago del Estero),11,,,,,,,,espn,2026-08-01T01:26:19.198645+00:00
Central Córdoba (Santiago del Estero),Diego Barrera,2004-06-22,22.0,,FW,Central Córdoba (Santiago del Estero),7,,,,,,,,espn,2026-08-01T01:26:19.198645+00:00
Central Córdoba (Santiago del Estero),Lucas Varaldo,2002-02-24,24.0,,FW,Central Córdoba (Santiago del Estero),9,,,,,,,,espn,2026-08-01T01:26:19.198645+00:00
Central Córdoba (Santiago del Estero),Ezequiel Naya,2001-08-04,24.0,,FW,Central Córdoba (Santiago del Estero),19,,,,,,,,espn,2026-08-01T01:26:19.198645+00:00
Central Córdoba (Santiago del Estero),Joaquín Flores,2005-05-28,21.0,,FW,Central Córdoba (Santiago del Estero),29,,,,,,,,espn,2026-08-01T01:26:19.198645+00:00
Central Córdoba (Santiago del Estero),Bautista Gerez,2007-01-13,19.0,,FW,Central Córdoba (Santiago del Estero),39,,,,,,,,espn,2026-08-01T01:26:19.198645+00:00
Central Córdoba (Santiago del Estero),Alan Laprida,2004-09-30,21.0,,FW,Central Córdoba (Santiago del Estero),37,,,,,,,,espn,2026-08-01T01:26:19.198645+00:00
Central Córdoba (Santiago del Estero),Martín Francisco Cuitiño,,,,FW,Central Córdoba (Santiago del Estero),47,,,,,,,,espn,2026-08-01T01:26:19.198645+00:00
Defensa y Justicia,Lautaro Amade,1999-12-21,26.0,,GK,Defensa y Justicia,36,,,,,,,,espn,2026-08-01T01:26:19.198645+00:00
Defensa y Justicia,Matias Borgogno,1998-08-21,27.0,,GK,Defensa y Justicia,1,,,,,,,,espn,2026-08-01T01:26:19.198645+00:00
Defensa y Justicia,Damián Fernández,2001-01-02,25.0,,DF,Defensa y Justicia,29,,,,,,,,espn,2026-08-01T01:26:19.198645+00:00
Defensa y Justicia,Emiliano Amor,1995-05-16,31.0,,DF,Defensa y Justicia,6,,,,,,,,espn,2026-08-01T01:26:19.198645+00:00
Defensa y Justicia,Fernando Román,1998-11-20,27.0,,DF,Defensa y Justicia,3,,,,,,,,espn,2026-08-01T01:26:19.198645+00:00
Defensa y Justicia,Héctor Martínez,1998-01-21,28.0,,DF,Defensa y Justicia,21,,,,,,,,espn,2026-08-01T01:26:19.198645+00:00
Defensa y Justicia,Dario Cáceres,1998-01-26,28.0,,DF,Defensa y Justicia,26,,,,,,,,espn,2026-08-01T01:26:19.198645+00:00
Defensa y Justicia,Lucas Souto,1998-10-11,27.0,,DF,Defensa y Justicia,33,,,,,,,,espn,2026-08-01T01:26:19.198645+00:00
Defensa y Justicia,Esteban Lucero,2005-07-29,21.0,,DF,Defensa y Justicia,2,,,,,,,,espn,2026-08-01T01:26:19.198645+00:00
Defensa y Justicia,Nazareno Roselli,2006-08-09,19.0,,DF,Defensa y Justicia,32,,,,,,,,espn,2026-08-01T01:26:19.198645+00:00
Defensa y Justicia,Mateo López,2007-12-08,18.0,,DF,Defensa y Justicia,13,,,,,,,,espn,2026-08-01T01:26:19.198645+00:00
Defensa y Justicia,Valentín Loza,2007-02-12,19.0,,DF,Defensa y Justicia,28,,,,,,,,espn,2026-08-01T01:26:19.198645+00:00
Defensa y Justicia,Julián López,2000-01-08,26.0,,MF,Defensa y Justicia,55,,,,,,,,espn,2026-08-01T01:26:19.198645+00:00
Defensa y Justicia,Éver Banega,1988-06-29,38.0,,MF,Defensa y Justicia,11,,,,,,,,espn,2026-08-01T01:26:19.198645+00:00
Defensa y Justicia,Rubén Botta,1990-01-31,36.0,,MF,Defensa y Justicia,20,,,,,,,,espn,2026-08-01T01:26:19.198645+00:00
Defensa y Justicia,César Pérez,2002-11-29,23.0,,MF,Defensa y Justicia,8,,,,,,,,espn,2026-08-01T01:26:19.198645+00:00
Defensa y Justicia,Domingo Blanco,1995-04-22,31.0,,MF,Defensa y Justicia,27,,,,,,,,espn,2026-08-01T01:26:19.198645+00:00
Defensa y Justicia,Máximo Rodríguez,2005-02-05,21.0,,MF,Defensa y Justicia,40,,,,,,,,espn,2026-08-01T01:26:19.198645+00:00
Defensa y Justicia,Santiago Sosa,1999-05-03,27.0,,MF,Defensa y Justicia,15,,,,,,,,espn,2026-08-01T01:26:19.198645+00:00
Defensa y Justicia,Santiago Toloza,2002-10-28,23.0,,MF,Defensa y Justicia,18,,,,,,,,espn,2026-08-01T01:26:19.198645+00:00
Defensa y Justicia,Aaron Molinas,2000-08-02,25.0,,MF,Defensa y Justicia,10,,,,,,,,espn,2026-08-01T01:26:19.198645+00:00
Defensa y Justicia,Ayrton Portillo,2000-08-18,25.0,,MF,Defensa y Justicia,16,,,,,,,,espn,2026-08-01T01:26:19.198645+00:00
Defensa y Justicia,Nicolás Palavecino,2003-03-29,23.0,,MF,Defensa y Justicia,,,,,,,,,espn,2026-08-01T01:26:19.198645+00:00
Defensa y Justicia,Mateo Aguiar,2007-03-18,19.0,,MF,Defensa y Justicia,23,,,,,,,,espn,2026-08-01T01:26:19.198645+00:00
Defensa y Justicia,Máximo Jonás Cabrera,,,,MF,Defensa y Justicia,44,,,,,,,,espn,2026-08-01T01:26:19.198645+00:00
Defensa y Justicia,Leandro Miguel Fernandez,1991-03-12,35.0,,FW,Defensa y Justicia,9,,,,,,,,espn,2026-08-01T01:26:19.198645+00:00
Defensa y Justicia,David Barbona,1995-02-22,31.0,,FW,Defensa y Justicia,19,,,,,,,,espn,2026-08-01T01:26:19.198645+00:00
Defensa y Justicia,Facundo Altamira,2001-08-03,24.0,,FW,Defensa y Justicia,25,,,,,,,,espn,2026-08-01T01:26:19.198645+00:00
Defensa y Justicia,Juan Gutiérrez,2002-02-04,24.0,,FW,Defensa y Justicia,24,,,,,,,,espn,2026-08-01T01:26:19.198645+00:00
Defensa y Justicia,Agustin Hausch,2003-05-21,23.0,,FW,Defensa y Justicia,17,,,,,,,,espn,2026-08-01T01:26:19.198645+00:00
Defensa y Justicia,David Fernández,2006-01-05,20.0,,FW,Defensa y Justicia,30,,,,,,,,espn,2026-08-01T01:26:19.198645+00:00
Defensa y Justicia,Alan Coria,2007-06-18,19.0,,FW,Defensa y Justicia,31,,,,,,,,espn,2026-08-01T01:26:19.198645+00:00
Defensa y Justicia,Ramiro Gagliardi,,,,FW,Defensa y Justicia,41,,,,,,,,espn,2026-08-01T01:26:19.198645+00:00
Defensa y Justicia,Emiliano Cantero,,,,FW,Defensa y Justicia,43,,,,,,,,espn,2026-08-01T01:26:19.198645+00:00
Defensa y Justicia,Thiago Lionel Martínez,,,,FW,Defensa y Justicia,45,,,,,,,,espn,2026-08-01T01:26:19.198645+00:00
Deportivo Riestra,Ignacio Arce,1992-04-08,34.0,,GK,Deportivo Riestra,1,,,,,,,,espn,2026-08-01T01:26:19.198645+00:00
Deportivo Riestra,Iván López,1996-02-17,30.0,,GK,Deportivo Riestra,12,,,,,,,,espn,2026-08-01T01:26:19.198645+00:00
Deportivo Riestra,Marino Arzamendia,1998-01-19,28.0,,GK,Deportivo Riestra,23,,,,,,,,espn,2026-08-01T01:26:19.198645+00:00
Deportivo Riestra,Carlos Quintana,1988-02-11,38.0,,DF,Deportivo Riestra,2,,,,,,,,espn,2026-08-01T01:26:19.198645+00:00
Deportivo Riestra,Yaison Murillo,1993-11-15,32.0,,DF,Deportivo Riestra,4,,,,,,,,espn,2026-08-01T01:26:19.198645+00:00
Deportivo Riestra,Juan Cruz Randazzo,1994-10-11,31.0,,DF,Deportivo Riestra,19,,,,,,,,espn,2026-08-01T01:26:19.198645+00:00
Deportivo Riestra,Eric Tovo,1992-03-06,34.0,,DF,Deportivo Riestra,3,,,,,,,,espn,2026-08-01T01:26:19.198645+00:00
Deportivo Riestra,Pedro Ramirez,2000-04-04,26.0,,DF,Deportivo Riestra,5,,,,,,,,espn,2026-08-01T01:26:19.198645+00:00
Deportivo Riestra,Cristian Paz,1995-04-24,31.0,,DF,Deportivo Riestra,22,,,,,,,,espn,2026-08-01T01:26:19.198645+00:00
Deportivo Riestra,Nicolás Sansotre,1993-09-08,32.0,,DF,Deportivo Riestra,15,,,,,,,,espn,2026-08-01T01:26:19.198645+00:00
Deportivo Riestra,Jonathan Goitia,1994-02-08,32.0,,DF,Deportivo Riestra,27,,,,,,,,espn,2026-08-01T01:26:19.198645+00:00
Deportivo Riestra,Mariano Bracamonte,1999-04-24,27.0,,DF,Deportivo Riestra,36,,,,,,,,espn,2026-08-01T01:26:19.198645+00:00
Deportivo Riestra,Rodrigo Gallo,2000-11-04,25.0,,DF,Deportivo Riestra,13,,,,,,,,espn,2026-08-01T01:26:19.198645+00:00
Deportivo Riestra,Ignacio Gariglio,1998-04-25,28.0,,DF,Deportivo Riestra,6,,,,,,,,espn,2026-08-01T01:26:19.198645+00:00
Deportivo Riestra,Facundo Miño,1999-10-16,26.0,,DF,Deportivo Riestra,24,,,,,,,,espn,2026-08-01T01:26:19.198645+00:00
Deportivo Riestra,Manuel Aiello,2004-06-05,22.0,,DF,Deportivo Riestra,17,,,,,,,,espn,2026-08-01T01:26:19.198645+00:00
Deportivo Riestra,Matías García,1995-11-11,30.0,,MF,Deportivo Riestra,20,,,,,,,,espn,2026-08-01T01:26:19.198645+00:00
Deportivo Riestra,Milton Céliz,1992-07-25,34.0,,MF,Deportivo Riestra,8,,,,,,,,espn,2026-08-01T01:26:19.198645+00:00
Deportivo Riestra,Brian Sánchez,1993-06-11,33.0,,MF,Deportivo Riestra,10,,,,,,,,espn,2026-08-01T01:26:19.198645+00:00
Deportivo Riestra,Nicólas Watson,1998-05-22,28.0,,MF,Deportivo Riestra,16,,,,,,,,espn,2026-08-01T01:26:19.198645+00:00
Deportivo Riestra,Ángel Almada,2000-09-21,25.0,,MF,Deportivo Riestra,,,,,,,,,espn,2026-08-01T01:26:19.198645+00:00
Deportivo Riestra,Pablo Monje,1997-02-06,29.0,,MF,Deportivo Riestra,14,,,,,,,,espn,2026-08-01T01:26:19.198645+00:00
Deportivo Riestra,Benjamín Pérez,2006-06-03,20.0,,MF,Deportivo Riestra,45,,,,,,,,espn,2026-08-01T01:26:19.198645+00:00
Deportivo Riestra,Gabriel Obredor,1997-01-06,29.0,,MF,Deportivo Riestra,40,,,,,,,,espn,2026-08-01T01:26:19.198645+00:00
Deportivo Riestra,Thiago Lauro,2005-05-24,21.0,,MF,Deportivo Riestra,20,,,,,,,,espn,2026-08-01T01:26:19.198645+00:00
Deportivo Riestra,Alexander Díaz,2000-03-22,26.0,,FW,Deportivo Riestra,11,,,,,,,,espn,2026-08-01T01:26:19.198645+00:00
Deportivo Riestra,Miguel Graneros,1996-04-28,30.0,,FW,Deportivo Riestra,29,,,,,,,,espn,2026-08-01T01:26:19.198645+00:00
Deportivo Riestra,Nicolás Benegas,1996-03-01,30.0,,FW,Deportivo Riestra,9,,,,,,,,espn,2026-08-01T01:26:19.198645+00:00
Deportivo Riestra,Gonzalo Flores,2002-02-22,24.0,,FW,Deportivo Riestra,32,,,,,,,,espn,2026-08-01T01:26:19.198645+00:00
Deportivo Riestra,Antony Alonso,1998-05-11,28.0,,FW,Deportivo Riestra,7,,,,,,,,espn,2026-08-01T01:26:19.198645+00:00
Deportivo Riestra,Ángel Stringa,1996-04-06,30.0,,FW,Deportivo Riestra,35,,,,,,,,espn,2026-08-01T01:26:19.198645+00:00
Deportivo Riestra,Tomás González,2003-05-18,23.0,,FW,Deportivo Riestra,21,,,,,,,,espn,2026-08-01T01:26:19.198645+00:00
Deportivo Riestra,Mauro Smarra,1999-04-30,27.0,,FW,Deportivo Riestra,31,,,,,,,,espn,2026-08-01T01:26:19.198645+00:00
Deportivo Riestra,Lautaro Duarte,2005-03-20,21.0,,FW,Deportivo Riestra,34,,,,,,,,espn,2026-08-01T01:26:19.198645+00:00
Estudiantes de La Plata,Fernando Muslera,1986-06-16,40.0,,GK,Estudiantes de La Plata,16,,,,,,,,espn,2026-08-01T01:26:19.198645+00:00
Estudiantes de La Plata,Fabricio Iacovich,2002-01-29,24.0,,GK,Estudiantes de La Plata,1,,,,,,,,espn,2026-08-01T01:26:19.198645+00:00
Estudiantes de La Plata,Rodrigo Borzone,2004-10-21,21.0,,GK,Estudiantes de La Plata,12,,,,,,,,espn,2026-08-01T01:26:19.198645+00:00
Estudiantes de La Plata,Tiziano Van Der Tuin,2005-12-19,20.0,,GK,Estudiantes de La Plata,30,,,,,,,,espn,2026-08-01T01:26:19.198645+00:00
Estudiantes de La Plata,Ramiro Funes Mori,1991-03-05,35.0,,DF,Estudiantes de La Plata,26,,,,,,,,espn,2026-08-01T01:26:19.198645+00:00
Estudiantes de La Plata,Leandro González Pírez,1992-02-26,34.0,,DF,Estudiantes de La Plata,14,,,,,,,,espn,2026-08-01T01:26:19.198645+00:00
Estudiantes de La Plata,Joaquín Pereyra,1998-12-01,27.0,,DF,Estudiantes de La Plata,36,,,,,,,,espn,2026-08-01T01:26:19.198645+00:00
Estudiantes de La Plata,Santiago Arzamendia,1998-05-05,28.0,,DF,Estudiantes de La Plata,15,,,,,,,,espn,2026-08-01T01:26:19.198645+00:00
Estudiantes de La Plata,Eric Meza,1999-04-08,27.0,,DF,Estudiantes de La Plata,20,,,,,,,,espn,2026-08-01T01:26:19.198645+00:00
Estudiantes de La Plata,Gastón Benedetti,2001-03-29,25.0,,DF,Estudiantes de La Plata,13,,,,,,,,espn,2026-08-01T01:26:19.198645+00:00
Estudiantes de La Plata,Eros Mancuso,1999-04-17,27.0,,DF,Estudiantes de La Plata,40,,,,,,,,espn,2026-08-01T01:26:19.198645+00:00
Estudiantes de La Plata,Santiago Núñez,2000-04-29,26.0,,DF,Estudiantes de La Plata,4,,,,,,,,espn,2026-08-01T01:26:19.198645+00:00
Estudiantes de La Plata,Valente Pierani,2006-02-22,20.0,,DF,Estudiantes de La Plata,35,,,,,,,,espn,2026-08-01T01:26:19.198645+00:00
Estudiantes de La Plata,Faustino Messina,2006-05-04,20.0,,DF,Estudiantes de La Plata,33,,,,,,,,espn,2026-08-01T01:26:19.198645+00:00
Estudiantes de La Plata,Matías Magdaleno,2007-02-06,19.0,,DF,Estudiantes de La Plata,37,,,,,,,,espn,2026-08-01T01:26:19.198645+00:00
Estudiantes de La Plata,Máximo Desábato,2005-06-06,21.0,,DF,Estudiantes de La Plata,3,,,,,,,,espn,2026-08-01T01:26:19.198645+00:00
Estudiantes de La Plata,Tomás Palacios,2003-04-28,23.0,,DF,Estudiantes de La Plata,24,,,,,,,,espn,2026-08-01T01:26:19.198645+00:00
Estudiantes de La Plata,Jorge Georgieff,2006-11-22,19.0,,DF,Estudiantes de La Plata,45,,,,,,,,espn,2026-08-01T01:26:19.198645+00:00
Estudiantes de La Plata,José Sosa,1985-06-19,41.0,,MF,Estudiantes de La Plata,7,,,,,,,,espn,2026-08-01T01:26:19.198645+00:00
Estudiantes de La Plata,Alexis Castro,1994-10-18,31.0,,MF,Estudiantes de La Plata,22,,,,,,,,espn,2026-08-01T01:26:19.198645+00:00
Estudiantes de La Plata,Ezequiel Piovi,1992-08-20,33.0,,MF,Estudiantes de La Plata,21,,,,,,,,espn,2026-08-01T01:26:19.198645+00:00
Estudiantes de La Plata,Gabriel Neves,1997-08-11,28.0,,MF,Estudiantes de La Plata,8,,,,,,,,espn,2026-08-01T01:26:19.198645+00:00
Estudiantes de La Plata,Facundo Farías,2002-08-28,23.0,,MF,Estudiantes de La Plata,11,,,,,,,,espn,2026-08-01T01:26:19.198645+00:00
Estudiantes de La Plata,Tiago Palacios,2001-03-28,25.0,,MF,Estudiantes de La Plata,10,,,,,,,,espn,2026-08-01T01:26:19.198645+00:00
Estudiantes de La Plata,Bautista Kociubinski,2001-04-26,25.0,,MF,Estudiantes de La Plata,,,,,,,,,espn,2026-08-01T01:26:19.198645+00:00
Estudiantes de La Plata,Alexis Castillo Manyoma,2003-01-30,23.0,,MF,Estudiantes de La Plata,,,,,,,,,espn,2026-08-01T01:26:19.198645+00:00
Estudiantes de La Plata,Thiago González,2007-05-16,19.0,,MF,Estudiantes de La Plata,34,,,,,,,,espn,2026-08-01T01:26:19.198645+00:00
Estudiantes de La Plata,Axel Atum,2006-01-02,20.0,,MF,Estudiantes de La Plata,,,,,,,,,espn,2026-08-01T01:26:19.198645+00:00
Estudiantes de La Plata,Lucas Cornejo,2005-03-01,21.0,,MF,Estudiantes de La Plata,39,,,,,,,,espn,2026-08-01T01:26:19.198645+00:00
Estudiantes de La Plata,Franco Basualdo,2007-02-05,19.0,,MF,Estudiantes de La Plata,38,,,,,,,,espn,2026-08-01T01:26:19.198645+00:00
Estudiantes de La Plata,Leonardo Naser,2005-02-07,21.0,,MF,Estudiantes de La Plata,42,,,,,,,,espn,2026-08-01T01:26:19.198645+00:00
Estudiantes de La Plata,Bautista Molinari,2006-08-29,19.0,,MF,Estudiantes de La Plata,51,,,,,,,,espn,2026-08-01T01:26:19.198645+00:00
Estudiantes de La Plata,Ciro Spalletta,2005-06-22,21.0,,MF,Estudiantes de La Plata,25,,,,,,,,espn,2026-08-01T01:26:19.198645+00:00
Estudiantes de La Plata,Benjamín Maliani,2006-03-01,20.0,,MF,Estudiantes de La Plata,46,,,,,,,,espn,2026-08-01T01:26:19.198645+00:00
Estudiantes de La Plata,Agustín Traina,2007-01-20,19.0,,MF,Estudiantes de La Plata,50,,,,,,,,espn,2026-08-01T01:26:19.198645+00:00
Estudiantes de La Plata,Guido Carrillo,1991-05-25,35.0,,FW,Estudiantes de La Plata,9,,,,,,,,espn,2026-08-01T01:26:19.198645+00:00
Estudiantes de La Plata,Lucas Alario,1992-10-08,33.0,,FW,Estudiantes de La Plata,27,,,,,,,,espn,2026-08-01T01:26:19.198645+00:00
Estudiantes de La Plata,Edwin Cetre,1998-01-01,28.0,,FW,Estudiantes de La Plata,18,,,,,,,,espn,2026-08-01T01:26:19.198645+00:00
Estudiantes de La Plata,Adolfo Gaich,1999-02-26,27.0,,FW,Estudiantes de La Plata,19,,,,,,,,espn,2026-08-01T01:26:19.198645+00:00
Estudiantes de La Plata,Mauro Méndez,1999-01-17,27.0,,FW,Estudiantes de La Plata,,,,,,,,,espn,2026-08-01T01:26:19.198645+00:00
Estudiantes de La Plata,Brian Aguirre,2003-01-06,23.0,,FW,Estudiantes de La Plata,28,,,,,,,,espn,2026-08-01T01:26:19.198645+00:00
Estudiantes de La Plata,Fabricio Pérez,2005-12-07,20.0,,FW,Estudiantes de La Plata,29,,,,,,,,espn,2026-08-01T01:26:19.198645+00:00
Estudiantes de La Plata,Joaquín Tobio Burgos,2004-12-14,21.0,,FW,Estudiantes de La Plata,17,,,,,,,,espn,2026-08-01T01:26:19.198645+00:00
Estudiantes de La Plata,Benjamín Sagues,2007-01-22,19.0,,FW,Estudiantes de La Plata,41,,,,,,,,espn,2026-08-01T01:26:19.198645+00:00
Estudiantes de La Plata,Franco Dominguez,2007-07-07,19.0,,FW,Estudiantes de La Plata,23,,,,,,,,espn,2026-08-01T01:26:19.198645+00:00
Estudiantes de La Plata,Santino Crego,2008-09-25,17.0,,FW,Estudiantes de La Plata,43,,,,,,,,espn,2026-08-01T01:26:19.198645+00:00
Estudiantes de La Plata,Juan Fernández Soler,2006-08-11,19.0,,FW,Estudiantes de La Plata,44,,,,,,,,espn,2026-08-01T01:26:19.198645+00:00
Estudiantes de La Plata,Enzo Sanabria,2007-04-10,19.0,,FW,Estudiantes de La Plata,47,,,,,,,,espn,2026-08-01T01:26:19.198645+00:00
Estudiantes de La Plata,Thiago Serrano,2006-01-29,20.0,,FW,Estudiantes de La Plata,48,,,,,,,,espn,2026-08-01T01:26:19.198645+00:00
Estudiantes de La Plata,Francisco Silvetti,2008-05-27,18.0,,FW,Estudiantes de La Plata,49,,,,,,,,espn,2026-08-01T01:26:19.198645+00:00
Estudiantes de Río Cuarto,Lucas Bruera,1997-10-19,28.0,,GK,Estudiantes de Río Cuarto,1,,,,,,,,espn,2026-08-01T01:26:19.198645+00:00
Estudiantes de Río Cuarto,Agustín Lastra,2001-01-02,25.0,,GK,Estudiantes de Río Cuarto,43,,,,,,,,espn,2026-08-01T01:26:19.198645+00:00
Estudiantes de Río Cuarto,Francisco Gualtieri,2003-03-17,23.0,,GK,Estudiantes de Río Cuarto,12,,,,,,,,espn,2026-08-01T01:26:19.198645+00:00
Estudiantes de Río Cuarto,Sergio Ojeda,1992-01-04,34.0,,DF,Estudiantes de Río Cuarto,30,,,,,,,,espn,2026-08-01T01:26:19.198645+00:00
Estudiantes de Río Cuarto,Facundo Cobos,1993-02-19,33.0,,DF,Estudiantes de Río Cuarto,28,,,,,,,,espn,2026-08-01T01:26:19.198645+00:00
Estudiantes de Río Cuarto,Raúl Lozano,1997-09-02,28.0,,DF,Estudiantes de Río Cuarto,45,,,,,,,,espn,2026-08-01T01:26:19.198645+00:00
Estudiantes de Río Cuarto,Matías Ruiz Díaz,1996-09-09,29.0,,DF,Estudiantes de Río Cuarto,21,,,,,,,,espn,2026-08-01T01:26:19.198645+00:00
Estudiantes de Río Cuarto,Juan Antonini,1999-03-04,27.0,,DF,Estudiantes de Río Cuarto,6,,,,,,,,espn,2026-08-01T01:26:19.198645+00:00
Estudiantes de Río Cuarto,Alejandro Cabrera,1992-09-30,33.0,,DF,Estudiantes de Río Cuarto,5,,,,,,,,espn,2026-08-01T01:26:19.198645+00:00
Estudiantes de Río Cuarto,Gonzalo Maffini,1993-01-17,33.0,,DF,Estudiantes de Río Cuarto,2,,,,,,,,espn,2026-08-01T01:26:19.198645+00:00
Estudiantes de Río Cuarto,Fernando Rodríguez,2000-10-05,25.0,,DF,Estudiantes de Río Cuarto,23,,,,,,,,espn,2026-08-01T01:26:19.198645+00:00
Estudiantes de Río Cuarto,Gonzalo Gonzalez,2003-04-15,23.0,,DF,Estudiantes de Río Cuarto,14,,,,,,,,espn,2026-08-01T01:26:19.198645+00:00
Estudiantes de Río Cuarto,Agustin Quiroga,2002-04-06,24.0,,DF,Estudiantes de Río Cuarto,29,,,,,,,,espn,2026-08-01T01:26:19.198645+00:00
Estudiantes de Río Cuarto,Tomás Olmos,2005-01-22,21.0,,DF,Estudiantes de Río Cuarto,25,,,,,,,,espn,2026-08-01T01:26:19.198645+00:00
Estudiantes de Río Cuarto,Matías Valenti,2002-09-03,23.0,,DF,Estudiantes de Río Cuarto,31,,,,,,,,espn,2026-08-01T01:26:19.198645+00:00
Estudiantes de Río Cuarto,Jeremías Ramponi,2005-03-21,21.0,,DF,Estudiantes de Río Cuarto,24,,,,,,,,espn,2026-08-01T01:26:19.198645+00:00
Estudiantes de Río Cuarto,Matias Pagliaricci,2001-05-22,25.0,,DF,Estudiantes de Río Cuarto,86,,,,,,,,espn,2026-08-01T01:26:19.198645+00:00
Estudiantes de Río Cuarto,Francisco Romero,1999-03-08,27.0,,MF,Estudiantes de Río Cuarto,13,,,,,,,,espn,2026-08-01T01:26:19.198645+00:00
Estudiantes de Río Cuarto,Gabriel Alanís,1994-03-16,32.0,,MF,Estudiantes de Río Cuarto,17,,,,,,,,espn,2026-08-01T01:26:19.198645+00:00
Estudiantes de Río Cuarto,Nicolás Talpone,1996-04-09,30.0,,MF,Estudiantes de Río Cuarto,19,,,,,,,,espn,2026-08-01T01:26:19.198645+00:00
Estudiantes de Río Cuarto,Francesco Lo Celso,2000-03-05,26.0,,MF,Estudiantes de Río Cuarto,40,,,,,,,,espn,2026-08-01T01:26:19.198645+00:00
Estudiantes de Río Cuarto,Ibrahim Hesar,1993-11-15,32.0,,MF,Estudiantes de Río Cuarto,77,,,,,,,,espn,2026-08-01T01:26:19.198645+00:00
Estudiantes de Río Cuarto,Siro Rosané,2000-06-07,26.0,,MF,Estudiantes de Río Cuarto,8,,,,,,,,espn,2026-08-01T01:26:19.198645+00:00
Estudiantes de Río Cuarto,Ezequiel Forclaz,2003-04-03,23.0,,MF,Estudiantes de Río Cuarto,26,,,,,,,,espn,2026-08-01T01:26:19.198645+00:00
Estudiantes de Río Cuarto,Tomás González,1998-11-01,27.0,,MF,Estudiantes de Río Cuarto,10,,,,,,,,espn,2026-08-01T01:26:19.198645+00:00
Estudiantes de Río Cuarto,Lautaro Cepeha,2004-10-20,21.0,,MF,Estudiantes de Río Cuarto,15,,,,,,,,espn,2026-08-01T01:26:19.198645+00:00
Estudiantes de Río Cuarto,Juan Garro,1992-11-24,33.0,,FW,Estudiantes de Río Cuarto,27,,,,,,,,espn,2026-08-01T01:26:19.198645+00:00
Estudiantes de Río Cuarto,Yeison Murillo,1997-04-08,29.0,,FW,Estudiantes de Río Cuarto,16,,,,,,,,espn,2026-08-01T01:26:19.198645+00:00
Estudiantes de Río Cuarto,Javier Ferreira,1992-02-15,34.0,,FW,Estudiantes de Río Cuarto,9,,,,,,,,espn,2026-08-01T01:26:19.198645+00:00
Estudiantes de Río Cuarto,Ramón Ábila,1989-10-14,36.0,,FW,Estudiantes de Río Cuarto,50,,,,,,,,espn,2026-08-01T01:26:19.198645+00:00
Estudiantes de Río Cuarto,Mauro Molina,1999-07-29,27.0,,FW,Estudiantes de Río Cuarto,29,,,,,,,,espn,2026-08-01T01:26:19.198645+00:00
Estudiantes de Río Cuarto,Mateo Bajamich,1999-08-03,26.0,,FW,Estudiantes de Río Cuarto,32,,,,,,,,espn,2026-08-01T01:26:19.198645+00:00
Estudiantes de Río Cuarto,Mauro Valiente,2000-01-26,26.0,,FW,Estudiantes de Río Cuarto,22,,,,,,,,espn,2026-08-01T01:26:19.198645+00:00
Estudiantes de Río Cuarto,Martín Garnerone,1998-09-29,27.0,,FW,Estudiantes de Río Cuarto,11,,,,,,,,espn,2026-08-01T01:26:19.198645+00:00
Estudiantes de Río Cuarto,Francisco Galván,1999-07-16,27.0,,FW,Estudiantes de Río Cuarto,99,,,,,,,,espn,2026-08-01T01:26:19.198645+00:00
Estudiantes de Río Cuarto,Valentin Fenoglio,2003-09-26,22.0,,FW,Estudiantes de Río Cuarto,4,,,,,,,,espn,2026-08-01T01:26:19.198645+00:00
Estudiantes de Río Cuarto,Benjamin Moyano,2006-01-13,20.0,,FW,Estudiantes de Río Cuarto,35,,,,,,,,espn,2026-08-01T01:26:19.198645+00:00
Gimnasia (Mendoza),César Rigamonti,1987-04-07,39.0,,GK,Gimnasia (Mendoza),23,,,,,,,,espn,2026-08-01T01:26:19.198645+00:00
Gimnasia (Mendoza),Lautaro Petruchi,1998-09-01,27.0,,GK,Gimnasia (Mendoza),31,,,,,,,,espn,2026-08-01T01:26:19.198645+00:00
Gimnasia (Mendoza),Ezequiel Muñoz,1990-10-08,35.0,,DF,Gimnasia (Mendoza),4,,,,,,,,espn,2026-08-01T01:26:19.198645+00:00
Gimnasia (Mendoza),Juan Franco,2002-01-02,24.0,,DF,Gimnasia (Mendoza),22,,,,,,,,espn,2026-08-01T01:26:19.198645+00:00
Gimnasia (Mendoza),Imanol Gonzalez,1998-01-06,28.0,,DF,Gimnasia (Mendoza),6,,,,,,,,espn,2026-08-01T01:26:19.198645+00:00
Gimnasia (Mendoza),Diego Mondino,1994-11-14,31.0,,DF,Gimnasia (Mendoza),2,,,,,,,,espn,2026-08-01T01:26:19.198645+00:00
Gimnasia (Mendoza),Germán Guiffrey,1997-12-31,28.0,,DF,Gimnasia (Mendoza),16,,,,,,,,espn,2026-08-01T01:26:19.198645+00:00
Gimnasia (Mendoza),Franco Saavedra,2003-10-02,22.0,,DF,Gimnasia (Mendoza),24,,,,,,,,espn,2026-08-01T01:26:19.198645+00:00
Gimnasia (Mendoza),Ismael Cortez,2000-06-26,26.0,,DF,Gimnasia (Mendoza),36,,,,,,,,espn,2026-08-01T01:26:19.198645+00:00
Gimnasia (Mendoza),Luciano Paredes,2002-09-09,23.0,,DF,Gimnasia (Mendoza),32,,,,,,,,espn,2026-08-01T01:26:19.198645+00:00
Gimnasia (Mendoza),Martín Úbeda,2004-06-06,22.0,,DF,Gimnasia (Mendoza),25,,,,,,,,espn,2026-08-01T01:26:19.198645+00:00
Gimnasia (Mendoza),Gerónimo Patritti,2003-01-14,23.0,,DF,Gimnasia (Mendoza),41,,,,,,,,espn,2026-08-01T01:26:19.198645+00:00
Gimnasia (Mendoza),Fermín Antonini,1997-07-02,29.0,,MF,Gimnasia (Mendoza),21,,,,,,,,espn,2026-08-01T01:26:19.198645+00:00
Gimnasia (Mendoza),Tomás Ortiz,2000-03-10,26.0,,MF,Gimnasia (Mendoza),20,,,,,,,,espn,2026-08-01T01:26:19.198645+00:00
Gimnasia (Mendoza),Ulises Sánchez,1998-06-26,28.0,,MF,Gimnasia (Mendoza),15,,,,,,,,espn,2026-08-01T01:26:19.198645+00:00
Gimnasia (Mendoza),Esteban Fernández,2002-01-06,24.0,,MF,Gimnasia (Mendoza),30,,,,,,,,espn,2026-08-01T01:26:19.198645+00:00
Gimnasia (Mendoza),Facundo Lencioni,2001-02-14,25.0,,MF,Gimnasia (Mendoza),26,,,,,,,,espn,2026-08-01T01:26:19.198645+00:00
Gimnasia (Mendoza),Matías Recalde,1997-07-09,29.0,,MF,Gimnasia (Mendoza),3,,,,,,,,espn,2026-08-01T01:26:19.198645+00:00
Gimnasia (Mendoza),Tomas O'Connor,2004-03-25,22.0,,MF,Gimnasia (Mendoza),28,,,,,,,,espn,2026-08-01T01:26:19.198645+00:00
Gimnasia (Mendoza),Nahuel Barboza,1999-09-16,26.0,,MF,Gimnasia (Mendoza),5,,,,,,,,espn,2026-08-01T01:26:19.198645+00:00
Gimnasia (Mendoza),Julián Ceballos,2004-09-13,21.0,,MF,Gimnasia (Mendoza),19,,,,,,,,espn,2026-08-01T01:26:19.198645+00:00
Gimnasia (Mendoza),Lautaro Carrera,2003-05-30,23.0,,MF,Gimnasia (Mendoza),42,,,,,,,,espn,2026-08-01T01:26:19.198645+00:00
Gimnasia (Mendoza),Santiago Rodríguez,2000-01-08,26.0,,MF,Gimnasia (Mendoza),11,,,,,,,,espn,2026-08-01T01:26:19.198645+00:00
Gimnasia (Mendoza),Brian Andrada,1997-06-22,29.0,,FW,Gimnasia (Mendoza),33,,,,,,,,espn,2026-08-01T01:26:19.198645+00:00
Gimnasia (Mendoza),Blas Armoa,2000-02-03,26.0,,FW,Gimnasia (Mendoza),27,,,,,,,,espn,2026-08-01T01:26:19.198645+00:00
Gimnasia (Mendoza),Nicolás Romano,1999-11-05,26.0,,FW,Gimnasia (Mendoza),10,,,,,,,,espn,2026-08-01T01:26:19.198645+00:00
Gimnasia (Mendoza),Luciano Cingolani,2001-04-06,25.0,,FW,Gimnasia (Mendoza),7,,,,,,,,espn,2026-08-01T01:26:19.198645+00:00
Gimnasia (Mendoza),Brian Nicolas Ferreyra,1996-11-11,29.0,,FW,Gimnasia (Mendoza),9,,,,,,,,espn,2026-08-01T01:26:19.198645+00:00
Gimnasia (Mendoza),Ignacio Charparin,1999-06-21,27.0,,FW,Gimnasia (Mendoza),17,,,,,,,,espn,2026-08-01T01:26:19.198645+00:00
Gimnasia (Mendoza),Agustín Módica,2003-01-12,23.0,,FW,Gimnasia (Mendoza),29,,,,,,,,espn,2026-08-01T01:26:19.198645+00:00
Gimnasia (Mendoza),Valentino Simoni,2004-04-30,22.0,,FW,Gimnasia (Mendoza),35,,,,,,,,espn,2026-08-01T01:26:19.198645+00:00
Gimnasia La Plata,Nelson Insfran,1995-05-24,31.0,,GK,Gimnasia La Plata,23,,,,,,,,espn,2026-08-01T01:26:19.198645+00:00
Gimnasia La Plata,Harlen Castillo,1993-08-17,32.0,,GK,Gimnasia La Plata,15,,,,,,,,espn,2026-08-01T01:26:19.198645+00:00
Gimnasia La Plata,Julián Kadijevic,2004-01-27,22.0,,GK,Gimnasia La Plata,27,,,,,,,,espn,2026-08-01T01:26:19.198645+00:00
Gimnasia La Plata,Patricio Schroeder,2007-01-31,19.0,,GK,Gimnasia La Plata,12,,,,,,,,espn,2026-08-01T01:26:19.198645+00:00
Gimnasia La Plata,Máximo Cabrera,2006-08-27,19.0,,GK,Gimnasia La Plata,1,,,,,,,,espn,2026-08-01T01:26:19.198645+00:00
Gimnasia La Plata,Enzo Martínez,1998-04-29,28.0,,DF,Gimnasia La Plata,21,,,,,,,,espn,2026-08-01T01:26:19.198645+00:00
Gimnasia La Plata,Germán Conti,1994-06-03,32.0,,DF,Gimnasia La Plata,13,,,,,,,,espn,2026-08-01T01:26:19.198645+00:00
Gimnasia La Plata,Pedro Silva Torrejón,1997-01-25,29.0,,DF,Gimnasia La Plata,24,,,,,,,,espn,2026-08-01T01:26:19.198645+00:00
Gimnasia La Plata,Matías Melluso,1998-06-09,28.0,,DF,Gimnasia La Plata,22,,,,,,,,espn,2026-08-01T01:26:19.198645+00:00
Gimnasia La Plata,Renzo Giampaoli,2000-01-07,26.0,,DF,Gimnasia La Plata,4,,,,,,,,espn,2026-08-01T01:26:19.198645+00:00
Gimnasia La Plata,Gonzalo Errecalde,2000-03-30,26.0,,DF,Gimnasia La Plata,14,,,,,,,,espn,2026-08-01T01:26:19.198645+00:00
Gimnasia La Plata,Diego Mastrángelo,2002-11-07,23.0,,DF,Gimnasia La Plata,6,,,,,,,,espn,2026-08-01T01:26:19.198645+00:00
Gimnasia La Plata,Bautista Barros Schelotto,2000-01-13,26.0,,DF,Gimnasia La Plata,31,,,,,,,,espn,2026-08-01T01:26:19.198645+00:00
Gimnasia La Plata,Juan Cortazzo,2005-10-18,20.0,,DF,Gimnasia La Plata,35,,,,,,,,espn,2026-08-01T01:26:19.198645+00:00
Gimnasia La Plata,Fabricio Corbalan,2003-09-29,22.0,,DF,Gimnasia La Plata,,,,,,,,,espn,2026-08-01T01:26:19.198645+00:00
Gimnasia La Plata,Alejo Gelsomino,2005-05-15,21.0,,DF,Gimnasia La Plata,15,,,,,,,,espn,2026-08-01T01:26:19.198645+00:00
Gimnasia La Plata,Mariano Ojeda,,,,DF,Gimnasia La Plata,43,,,,,,,,espn,2026-08-01T01:26:19.198645+00:00
Gimnasia La Plata,Jeremías Ezequiel Langa,,,,DF,Gimnasia La Plata,37,,,,,,,,espn,2026-08-01T01:26:19.198645+00:00
Gimnasia La Plata,Ignacio Fernández,1990-01-12,36.0,,MF,Gimnasia La Plata,8,,,,,,,,espn,2026-08-01T01:26:19.198645+00:00
Gimnasia La Plata,Augusto Max,1992-08-10,33.0,,MF,Gimnasia La Plata,16,,,,,,,,espn,2026-08-01T01:26:19.198645+00:00
Gimnasia La Plata,Santiago Villarreal,2005-11-20,20.0,,MF,Gimnasia La Plata,42,,,,,,,,espn,2026-08-01T01:26:19.198645+00:00
Gimnasia La Plata,Leandro Mamut,2003-12-31,22.0,,MF,Gimnasia La Plata,,,,,,,,,espn,2026-08-01T01:26:19.198645+00:00
Gimnasia La Plata,Ignacio Miramon,2003-06-12,23.0,,MF,Gimnasia La Plata,5,,,,,,,,espn,2026-08-01T01:26:19.198645+00:00
Gimnasia La Plata,Mateo Seoane,2004-02-09,22.0,,MF,Gimnasia La Plata,18,,,,,,,,espn,2026-08-01T01:26:19.198645+00:00
Gimnasia La Plata,Alexis Steimbach,2002-07-25,24.0,,MF,Gimnasia La Plata,25,,,,,,,,espn,2026-08-01T01:26:19.198645+00:00
Gimnasia La Plata,Juan Perez,2004-07-25,22.0,,MF,Gimnasia La Plata,20,,,,,,,,espn,2026-08-01T01:26:19.198645+00:00
Gimnasia La Plata,Nicolas Schelotto,2006-09-22,19.0,,MF,Gimnasia La Plata,10,,,,,,,,espn,2026-08-01T01:26:19.198645+00:00
Gimnasia La Plata,Jeremias Merlo,2006-06-20,20.0,,MF,Gimnasia La Plata,11,,,,,,,,espn,2026-08-01T01:26:19.198645+00:00
Gimnasia La Plata,Facundo Di Biasi,2005-06-22,21.0,,MF,Gimnasia La Plata,39,,,,,,,,espn,2026-08-01T01:26:19.198645+00:00
Gimnasia La Plata,Pablo Aguiar,2006-03-18,20.0,,MF,Gimnasia La Plata,33,,,,,,,,espn,2026-08-01T01:26:19.198645+00:00
Gimnasia La Plata,Marcelo Torres,1997-11-06,28.0,,FW,Gimnasia La Plata,32,,,,,,,,espn,2026-08-01T01:26:19.198645+00:00
Gimnasia La Plata,Lucas Janson,1994-08-16,31.0,,FW,Gimnasia La Plata,17,,,,,,,,espn,2026-08-01T01:26:19.198645+00:00
Gimnasia La Plata,Maximiliano Zalazar,2001-03-08,25.0,,FW,Gimnasia La Plata,43,,,,,,,,espn,2026-08-01T01:26:19.198645+00:00
Gimnasia La Plata,Manuel Panaro,2002-12-28,23.0,,FW,Gimnasia La Plata,7,,,,,,,,espn,2026-08-01T01:26:19.198645+00:00
Gimnasia La Plata,Ivo Mammini,2003-04-15,23.0,,FW,Gimnasia La Plata,9,,,,,,,,espn,2026-08-01T01:26:19.198645+00:00
Gimnasia La Plata,Franco Torres,1999-05-25,27.0,,FW,Gimnasia La Plata,26,,,,,,,,espn,2026-08-01T01:26:19.198645+00:00
Gimnasia La Plata,Agustín Auzmendi,1997-02-01,29.0,,FW,Gimnasia La Plata,29,,,,,,,,espn,2026-08-01T01:26:19.198645+00:00
Gimnasia La Plata,Jorge De Asís,2006-01-29,20.0,,FW,Gimnasia La Plata,30,,,,,,,,espn,2026-08-01T01:26:19.198645+00:00
Huracán,Hernán Galíndez,1987-03-30,39.0,,GK,Huracán,1,,,,,,,,espn,2026-08-01T01:26:19.198645+00:00
Huracán,Sebastián Meza,2000-03-14,26.0,,GK,Huracán,32,,,,,,,,espn,2026-08-01T01:26:19.198645+00:00
Huracán,Nazareno Durán,2004-05-10,22.0,,GK,Huracán,27,,,,,,,,espn,2026-08-01T01:26:19.198645+00:00
Huracán,Hugo Nervo,1991-01-06,35.0,,DF,Huracán,21,,,,,,,,espn,2026-08-01T01:26:19.198645+00:00
Huracán,Nehuén Paz,1993-04-28,33.0,,DF,Huracán,30,,,,,,,,espn,2026-08-01T01:26:19.198645+00:00
Huracán,Lucas Carrizo,1997-05-20,29.0,,DF,Huracán,3,,,,,,,,espn,2026-08-01T01:26:19.198645+00:00
Huracán,Lucas Blondel,1996-09-14,29.0,,DF,Huracán,2,,,,,,,,espn,2026-08-01T01:26:19.198645+00:00
Huracán,Fabio Pereyra,1990-01-31,36.0,,DF,Huracán,6,,,,,,,,espn,2026-08-01T01:26:19.198645+00:00
Huracán,Federico Vera,1998-03-24,28.0,,DF,Huracán,4,,,,,,,,espn,2026-08-01T01:26:19.198645+00:00
Huracán,Cesar Ibañez,1999-06-17,27.0,,DF,Huracán,25,,,,,,,,espn,2026-08-01T01:26:19.198645+00:00
Huracán,Daniel Zabala,2003-01-17,23.0,,DF,Huracán,22,,,,,,,,espn,2026-08-01T01:26:19.198645+00:00
Huracán,Leandro Lescano,2003-03-03,23.0,,DF,Huracán,19,,,,,,,,espn,2026-08-01T01:26:19.198645+00:00
Huracán,Ignacio Campo,2005-03-30,21.0,,DF,Huracán,34,,,,,,,,espn,2026-08-01T01:26:19.198645+00:00
Huracán,Máximo Palazzo,2005-06-06,21.0,,DF,Huracán,35,,,,,,,,espn,2026-08-01T01:26:19.198645+00:00
Huracán,Leonardo Gil,1991-05-31,35.0,,MF,Huracán,8,,,,,,,,espn,2026-08-01T01:26:19.198645+00:00
Huracán,Óscar Romero,1992-07-04,34.0,,MF,Huracán,10,,,,,,,,espn,2026-08-01T01:26:19.198645+00:00
Huracán,Emmanuel Ojeda,1997-11-05,28.0,,MF,Huracán,20,,,,,,,,espn,2026-08-01T01:26:19.198645+00:00
Huracán,Facundo Waller,1997-04-09,29.0,,MF,Huracán,15,,,,,,,,espn,2026-08-01T01:26:19.198645+00:00
Huracán,Silvio Martínez,1997-07-12,29.0,,MF,Huracán,14,,,,,,,,espn,2026-08-01T01:26:19.198645+00:00
Huracán,Luca Babino,2005-08-30,20.0,,MF,Huracán,28,,,,,,,,espn,2026-08-01T01:26:19.198645+00:00
Huracán,Thaiel Peralta,2008-09-21,17.0,,MF,Huracán,23,,,,,,,,espn,2026-08-01T01:26:19.198645+00:00
Huracán,Facundo Kalinger,2005-01-30,21.0,,MF,Huracán,52,,,,,,,,espn,2026-08-01T01:26:19.198645+00:00
Huracán,Santino Raynelli,,,,MF,Huracán,48,,,,,,,,espn,2026-08-01T01:26:19.198645+00:00
Huracán,Leonardo Sequeira,1995-04-26,31.0,,FW,Huracán,26,,,,,,,,espn,2026-08-01T01:26:19.198645+00:00
Huracán,Jordy Caicedo,1997-11-18,28.0,,FW,Huracán,9,,,,,,,,espn,2026-08-01T01:26:19.198645+00:00
Huracán,Juan Bisanz,2001-08-28,24.0,,FW,Huracán,17,,,,,,,,espn,2026-08-01T01:26:19.198645+00:00
Huracán,Oscar Cortés,2003-12-03,22.0,,FW,Huracán,7,,,,,,,,espn,2026-08-01T01:26:19.198645+00:00
Huracán,Lautaro Mora,2005-02-25,21.0,,FW,Huracán,41,,,,,,,,espn,2026-08-01T01:26:19.198645+00:00
Huracán,Tomás Natanael Uribe Sanders,,,,FW,Huracán,49,,,,,,,,espn,2026-08-01T01:26:19.198645+00:00
Independiente,Rodrigo Rey,1991-03-08,35.0,,GK,Independiente,33,,,,,,,,espn,2026-08-01T01:26:19.198645+00:00
Independiente,Joaquín Blázquez,2001-01-28,25.0,,GK,Independiente,1,,,,,,,,espn,2026-08-01T01:26:19.198645+00:00
Independiente,Lucas Lavagnino,2004-08-22,21.0,,GK,Independiente,35,,,,,,,,espn,2026-08-01T01:26:19.198645+00:00
Independiente,Santiago Arias,1992-01-13,34.0,,DF,Independiente,4,,,,,,,,espn,2026-08-01T01:26:19.198645+00:00
Independiente,Leonardo Godoy,1995-04-28,31.0,,DF,Independiente,29,,,,,,,,espn,2026-08-01T01:26:19.198645+00:00
Independiente,Sebastián Valdez,1995-11-06,30.0,,MF,Independiente,36,,,,,,,,espn,2026-08-01T01:26:19.198645+00:00
Independiente,Juan Fedorco,2000-11-28,25.0,,DF,Independiente,13,,,,,,,,espn,2026-08-01T01:26:19.198645+00:00
Independiente,Kevin Lomónaco,2002-01-08,24.0,,DF,Independiente,26,,,,,,,,espn,2026-08-01T01:26:19.198645+00:00
Independiente,Facundo Zabala,1999-01-02,27.0,,DF,Independiente,22,,,,,,,,espn,2026-08-01T01:26:19.198645+00:00
Independiente,Jonathan De Irastorza,2005-08-05,20.0,,DF,Independiente,39,,,,,,,,espn,2026-08-01T01:26:19.198645+00:00
Independiente,Gonzalo Bordón,2005-06-23,21.0,,DF,Independiente,31,,,,,,,,espn,2026-08-01T01:26:19.198645+00:00
Independiente,Juan Migue Arrayago,,,,DF,Independiente,35,,,,,,,,espn,2026-08-01T01:26:19.198645+00:00
Independiente,Iván Marcone,1990-06-03,36.0,,MF,Independiente,23,,,,,,,,espn,2026-08-01T01:26:19.198645+00:00
Independiente,Rodrigo Fernández,2007-01-24,19.0,,FW,Independiente,5,,,,,,,,espn,2026-08-01T01:26:19.198645+00:00
Independiente,Luciano Cabral,1995-04-26,31.0,,MF,Independiente,10,,,,,,,,espn,2026-08-01T01:26:19.198645+00:00
Independiente,Mateo Pérez,2006-01-24,20.0,,MF,Independiente,16,,,,,,,,espn,2026-08-01T01:26:19.198645+00:00
Independiente,Ruben Martinez,2004-06-14,22.0,,MF,Independiente,,,,,,,,,espn,2026-08-01T01:26:19.198645+00:00
Independiente,Tomás Parmo,2008-01-08,18.0,,MF,Independiente,30,,,,,,,,espn,2026-08-01T01:26:19.198645+00:00
Independiente,Lautaro Millán,2005-08-16,20.0,,MF,Independiente,8,,,,,,,,espn,2026-08-01T01:26:19.198645+00:00
Independiente,Joel Medina,2007-07-07,19.0,,MF,Independiente,37,,,,,,,,espn,2026-08-01T01:26:19.198645+00:00
Independiente,Josias Palais,2006-04-11,20.0,,MF,Independiente,24,,,,,,,,espn,2026-08-01T01:26:19.198645+00:00
Independiente,Facundo Lionel Cruz,,,,MF,Independiente,20,,,,,,,,espn,2026-08-01T01:26:19.198645+00:00
Independiente,Maximiliano Meza,1992-12-15,33.0,,FW,Independiente,,,,,,,,,espn,2026-08-01T01:26:19.198645+00:00
Independiente,Ignacio Pussetto,1995-12-21,30.0,,FW,Independiente,25,,,,,,,,espn,2026-08-01T01:26:19.198645+00:00
Independiente,Gabriel Ávalos,1990-10-12,35.0,,FW,Independiente,9,,,,,,,,espn,2026-08-01T01:26:19.198645+00:00
Independiente,Maximiliano Gutiérrez,2004-05-03,22.0,,FW,Independiente,28,,,,,,,,espn,2026-08-01T01:26:19.198645+00:00
Independiente,Santiago Montiel,2003-04-27,23.0,,DF,Independiente,7,,,,,,,,espn,2026-08-01T01:26:19.198645+00:00
Independiente,Matías Abaldo,2004-04-03,22.0,,FW,Independiente,,,,,,,,,espn,2026-08-01T01:26:19.198645+00:00
Independiente,Facundo Valdéz,2006-04-10,20.0,,FW,Independiente,43,,,,,,,,espn,2026-08-01T01:26:19.198645+00:00
Independiente,Simón Bodnar,2007-08-22,18.0,,FW,Independiente,51,,,,,,,,espn,2026-08-01T01:26:19.198645+00:00
Independiente,Felipe Tempone,2006-02-03,20.0,,FW,Independiente,34,,,,,,,,espn,2026-08-01T01:26:19.198645+00:00
Independiente Rivadavia,Ramiro Macagno,1997-03-18,29.0,,GK,Independiente Rivadavia,12,,,,,,,,espn,2026-08-01T01:26:19.198645+00:00
Independiente Rivadavia,Emmanuel Gómez Riga,2001-09-14,24.0,,GK,Independiente Rivadavia,21,,,,,,,,espn,2026-08-01T01:26:19.198645+00:00
Independiente Rivadavia,Nicolás Bolcato,2004-05-06,22.0,,GK,Independiente Rivadavia,30,,,,,,,,espn,2026-08-01T01:26:19.198645+00:00
Independiente Rivadavia,Fernando Bravo,2006-07-12,20.0,,GK,Independiente Rivadavia,,,,,,,,,espn,2026-08-01T01:26:19.198645+00:00
Independiente Rivadavia,Kevin Pagliaroli,2008-01-07,18.0,,GK,Independiente Rivadavia,,,,,,,,,espn,2026-08-01T01:26:19.198645+00:00
Independiente Rivadavia,Alexander Lucero,2008-05-18,18.0,,DF,Independiente Rivadavia,,,,,,,,,espn,2026-08-01T01:26:19.198645+00:00
Independiente Rivadavia,Ezequiel Bonifacio,1994-05-09,32.0,,DF,Independiente Rivadavia,36,,,,,,,,espn,2026-08-01T01:26:19.198645+00:00
Independiente Rivadavia,Luciano Gómez,1996-03-22,30.0,,DF,Independiente Rivadavia,14,,,,,,,,espn,2026-08-01T01:26:19.198645+00:00
Independiente Rivadavia,Juan Manuel Elordi,1994-08-21,31.0,,DF,Independiente Rivadavia,3,,,,,,,,espn,2026-08-01T01:26:19.198645+00:00
Independiente Rivadavia,Ivan Villalba,1995-01-19,31.0,,DF,Independiente Rivadavia,40,,,,,,,,espn,2026-08-01T01:26:19.198645+00:00
Independiente Rivadavia,Sheyko Studer,2002-11-12,23.0,,DF,Independiente Rivadavia,42,,,,,,,,espn,2026-08-01T01:26:19.198645+00:00
Independiente Rivadavia,Alejo Osella,2000-09-30,25.0,,DF,Independiente Rivadavia,13,,,,,,,,espn,2026-08-01T01:26:19.198645+00:00
Independiente Rivadavia,Leonard Costa,1998-08-24,27.0,,DF,Independiente Rivadavia,2,,,,,,,,espn,2026-08-01T01:26:19.198645+00:00
Independiente Rivadavia,Luciano Suárez,2004-02-23,22.0,,DF,Independiente Rivadavia,49,,,,,,,,espn,2026-08-01T01:26:19.198645+00:00
Independiente Rivadavia,Santiago Cena,2005-03-16,21.0,,DF,Independiente Rivadavia,6,,,,,,,,espn,2026-08-01T01:26:19.198645+00:00
Independiente Rivadavia,Matías Salvo,2004-11-11,21.0,,DF,Independiente Rivadavia,55,,,,,,,,espn,2026-08-01T01:26:19.198645+00:00
Independiente Rivadavia,Amaro Maya,2006-10-23,19.0,,DF,Independiente Rivadavia,,,,,,,,,espn,2026-08-01T01:26:19.198645+00:00
Independiente Rivadavia,Tiago Sosa,2008-01-22,18.0,,DF,Independiente Rivadavia,,,,,,,,,espn,2026-08-01T01:26:19.198645+00:00
Independiente Rivadavia,Matías Fernández,2001-06-23,25.0,,MF,Independiente Rivadavia,10,,,,,,,,espn,2026-08-01T01:26:19.198645+00:00
Independiente Rivadavia,Luis Sequeira,2003-01-08,23.0,,MF,Independiente Rivadavia,77,,,,,,,,espn,2026-08-01T01:26:19.198645+00:00
Independiente Rivadavia,José Florentín,1996-07-05,30.0,,MF,Independiente Rivadavia,25,,,,,,,,espn,2026-08-01T01:26:19.198645+00:00
Independiente Rivadavia,Kevin Vázquez,2001-03-19,25.0,,MF,Independiente Rivadavia,32,,,,,,,,espn,2026-08-01T01:26:19.198645+00:00
Independiente Rivadavia,Sebastian Muñoz,2007-01-29,19.0,,MF,Independiente Rivadavia,,,,,,,,,espn,2026-08-01T01:26:19.198645+00:00
Independiente Rivadavia,Leonel Bucca,1999-03-20,27.0,,MF,Independiente Rivadavia,8,,,,,,,,espn,2026-08-01T01:26:19.198645+00:00
Independiente Rivadavia,Diego Crego,1997-06-19,29.0,,MF,Independiente Rivadavia,27,,,,,,,,espn,2026-08-01T01:26:19.198645+00:00
Independiente Rivadavia,Tomás Bottari,2001-04-26,25.0,,MF,Independiente Rivadavia,5,,,,,,,,espn,2026-08-01T01:26:19.198645+00:00
Independiente Rivadavia,Stefano Moreyra,2001-09-19,24.0,,MF,Independiente Rivadavia,34,,,,,,,,espn,2026-08-01T01:26:19.198645+00:00
Independiente Rivadavia,Gonzalo Rios,1999-01-27,27.0,,MF,Independiente Rivadavia,11,,,,,,,,espn,2026-08-01T01:26:19.198645+00:00
Independiente Rivadavia,Alessandro Riep,2003-07-03,23.0,,MF,Independiente Rivadavia,20,,,,,,,,espn,2026-08-01T01:26:19.198645+00:00
Independiente Rivadavia,Alex Aguado,2003-05-27,23.0,,MF,Independiente Rivadavia,,,,,,,,,espn,2026-08-01T01:26:19.198645+00:00
Independiente Rivadavia,Tobías Ganduglia,2005-04-24,21.0,,MF,Independiente Rivadavia,,,,,,,,,espn,2026-08-01T01:26:19.198645+00:00
Independiente Rivadavia,Facundo Ortiz,2006-03-03,20.0,,MF,Independiente Rivadavia,47,,,,,,,,espn,2026-08-01T01:26:19.198645+00:00
Independiente Rivadavia,Tomas Arias,2005-03-16,21.0,,MF,Independiente Rivadavia,,,,,,,,,espn,2026-08-01T01:26:19.198645+00:00
Independiente Rivadavia,Agustín Domínguez,2006-12-17,19.0,,MF,Independiente Rivadavia,,,,,,,,,espn,2026-08-01T01:26:19.198645+00:00
Independiente Rivadavia,Benjamín Olivarez,2006-09-24,19.0,,MF,Independiente Rivadavia,,,,,,,,,espn,2026-08-01T01:26:19.198645+00:00
Independiente Rivadavia,Agustín Rognoni,2006-12-15,19.0,,MF,Independiente Rivadavia,,,,,,,,,espn,2026-08-01T01:26:19.198645+00:00
Independiente Rivadavia,Julian Reyna,2006-11-26,19.0,,MF,Independiente Rivadavia,,,,,,,,,espn,2026-08-01T01:26:19.198645+00:00
Independiente Rivadavia,Victorio Ramis,1994-07-07,32.0,,FW,Independiente Rivadavia,7,,,,,,,,espn,2026-08-01T01:26:19.198645+00:00
Independiente Rivadavia,Alex Arce,1995-06-16,31.0,,FW,Independiente Rivadavia,9,,,,,,,,espn,2026-08-01T01:26:19.198645+00:00
Independiente Rivadavia,Fabrizio Sartori Prieto,2002-07-15,24.0,,FW,Independiente Rivadavia,43,,,,,,,,espn,2026-08-01T01:26:19.198645+00:00
Independiente Rivadavia,Rodrigo Atencio,2002-06-30,24.0,,FW,Independiente Rivadavia,19,,,,,,,,espn,2026-08-01T01:26:19.198645+00:00
Independiente Rivadavia,Lautaro Torres,2008-04-04,18.0,,FW,Independiente Rivadavia,,,,,,,,,espn,2026-08-01T01:26:19.198645+00:00
Independiente Rivadavia,Luciano Sábato,2008-05-26,18.0,,FW,Independiente Rivadavia,45,,,,,,,,espn,2026-08-01T01:26:19.198645+00:00
Independiente Rivadavia,Axel Leiva,2005-10-16,20.0,,FW,Independiente Rivadavia,,,,,,,,,espn,2026-08-01T01:26:19.198645+00:00
Independiente Rivadavia,Román Ruíz,2006-07-03,20.0,,FW,Independiente Rivadavia,,,,,,,,,espn,2026-08-01T01:26:19.198645+00:00
Independiente Rivadavia,Juan Dadín,,,,FW,Independiente Rivadavia,,,,,,,,,espn,2026-08-01T01:26:19.198645+00:00
Instituto (Córdoba),Marcos Ledesma,1996-09-15,29.0,,GK,Instituto (Córdoba),29,,,,,,,,espn,2026-08-01T01:26:19.198645+00:00
Instituto (Córdoba),Emanuel Sittaro,1999-10-15,26.0,,GK,Instituto (Córdoba),35,,,,,,,,espn,2026-08-01T01:26:19.198645+00:00
Instituto (Córdoba),Raúl Maldonado,2001-12-05,24.0,,GK,Instituto (Córdoba),16,,,,,,,,espn,2026-08-01T01:26:19.198645+00:00
Instituto (Córdoba),Diego Sosa,1997-07-28,29.0,,DF,Instituto (Córdoba),3,,,,,,,,espn,2026-08-01T01:26:19.198645+00:00
Instituto (Córdoba),Jonathan Galván,1992-06-25,34.0,,DF,Instituto (Córdoba),30,,,,,,,,espn,2026-08-01T01:26:19.198645+00:00
Instituto (Córdoba),Fernando Alarcón,1994-06-16,32.0,,DF,Instituto (Córdoba),6,,,,,,,,espn,2026-08-01T01:26:19.198645+00:00
Instituto (Córdoba),Leonel Mosevich,1997-02-04,29.0,,DF,Instituto (Córdoba),26,,,,,,,,espn,2026-08-01T01:26:19.198645+00:00
Instituto (Córdoba),Hernán De La Fuente,1997-01-07,29.0,,DF,Instituto (Córdoba),2,,,,,,,,espn,2026-08-01T01:26:19.198645+00:00
Instituto (Córdoba),Iván Erquiaga,1999-03-26,27.0,,DF,Instituto (Córdoba),33,,,,,,,,espn,2026-08-01T01:26:19.198645+00:00
Instituto (Córdoba),Agustín Bravo,2001-05-11,25.0,,DF,Instituto (Córdoba),32,,,,,,,,espn,2026-08-01T01:26:19.198645+00:00
Instituto (Córdoba),Juan Meli,2000-09-01,25.0,,DF,Instituto (Córdoba),23,,,,,,,,espn,2026-08-01T01:26:19.198645+00:00
Instituto (Córdoba),Giuliano Cerato,1998-06-10,28.0,,DF,Instituto (Córdoba),44,,,,,,,,espn,2026-08-01T01:26:19.198645+00:00
Instituto (Córdoba),Agustín Massaccesi,2002-09-17,23.0,,DF,Instituto (Córdoba),22,,,,,,,,espn,2026-08-01T01:26:19.198645+00:00
Instituto (Córdoba),Genaro Ordóñez,2007-08-06,18.0,,DF,Instituto (Córdoba),70,,,,,,,,espn,2026-08-01T01:26:19.198645+00:00
Instituto (Córdoba),Alex Luna,2004-03-31,22.0,,MF,Instituto (Córdoba),10,,,,,,,,espn,2026-08-01T01:26:19.198645+00:00
Instituto (Córdoba),Juan Mendez,1997-04-28,29.0,,MF,Instituto (Córdoba),13,,,,,,,,espn,2026-08-01T01:26:19.198645+00:00
Instituto (Córdoba),Jhon Córdoba,1993-05-11,33.0,,FW,Instituto (Córdoba),20,,,,,,,,espn,2026-08-01T01:26:19.198645+00:00
Instituto (Córdoba),Gustavo Abregú,1997-07-04,29.0,,MF,Instituto (Córdoba),55,,,,,,,,espn,2026-08-01T01:26:19.198645+00:00
Instituto (Córdoba),Franco Moyano,1997-09-13,28.0,,MF,Instituto (Córdoba),5,,,,,,,,espn,2026-08-01T01:26:19.198645+00:00
Instituto (Córdoba),Jonás Acevedo,1997-02-06,29.0,,MF,Instituto (Córdoba),8,,,,,,,,espn,2026-08-01T01:26:19.198645+00:00
Instituto (Córdoba),Gastón Lodico,1998-05-28,28.0,,MF,Instituto (Córdoba),19,,,,,,,,espn,2026-08-01T01:26:19.198645+00:00
Instituto (Córdoba),Wilder Viera,2002-03-04,24.0,,MF,Instituto (Córdoba),,,,,,,,,espn,2026-08-01T01:26:19.198645+00:00
Instituto (Córdoba),Matías Gallardo,2003-11-23,22.0,,MF,Instituto (Córdoba),15,,,,,,,,espn,2026-08-01T01:26:19.198645+00:00
Instituto (Córdoba),Jeremías Lázaro,2004-06-28,22.0,,MF,Instituto (Córdoba),21,,,,,,,,espn,2026-08-01T01:26:19.198645+00:00
Instituto (Córdoba),Ignacio Rossi,2003-06-06,23.0,,MF,Instituto (Córdoba),27,,,,,,,,espn,2026-08-01T01:26:19.198645+00:00
Instituto (Córdoba),Joaquín Medina,2005-03-23,21.0,,MF,Instituto (Córdoba),61,,,,,,,,espn,2026-08-01T01:26:19.198645+00:00
Instituto (Córdoba),Pedro Baster,,,,MF,Instituto (Córdoba),90,,,,,,,,espn,2026-08-01T01:26:19.198645+00:00
Instituto (Córdoba),Augusto Coronel,,,,MF,Instituto (Córdoba),27,,,,,,,,espn,2026-08-01T01:26:19.198645+00:00
Instituto (Córdoba),Matias Tissera,1996-09-06,29.0,,FW,Instituto (Córdoba),17,,,,,,,,espn,2026-08-01T01:26:19.198645+00:00
Instituto (Córdoba),Nicolás Guerra,1999-01-09,27.0,,FW,Instituto (Córdoba),7,,,,,,,,espn,2026-08-01T01:26:19.198645+00:00
Instituto (Córdoba),Facundo Suárez,1994-07-01,32.0,,FW,Instituto (Córdoba),9,,,,,,,,espn,2026-08-01T01:26:19.198645+00:00
Instituto (Córdoba),Matias Fonseca,2001-03-12,25.0,,FW,Instituto (Córdoba),11,,,,,,,,espn,2026-08-01T01:26:19.198645+00:00
Instituto (Córdoba),Lorenzo Albarracín,2007-02-17,19.0,,FW,Instituto (Córdoba),25,,,,,,,,espn,2026-08-01T01:26:19.198645+00:00
Instituto (Córdoba),Luca Rafaelli,2008-08-21,17.0,,FW,Instituto (Córdoba),72,,,,,,,,espn,2026-08-01T01:26:19.198645+00:00
Lanús,Nahuel Losada,1993-04-17,33.0,,GK,Lanús,26,,,,,,,,espn,2026-08-01T01:26:19.198645+00:00
Lanús,Franco Petroli,1998-06-11,28.0,,GK,Lanús,1,,,,,,,,espn,2026-08-01T01:26:19.198645+00:00
Lanús,Evaristo Dieguiz,2005-10-25,20.0,,GK,Lanús,12,,,,,,,,espn,2026-08-01T01:26:19.198645+00:00
Lanús,Martín Díaz,2007-03-14,19.0,,GK,Lanús,31,,,,,,,,espn,2026-08-01T01:26:19.198645+00:00
Lanús,Tomás Silva,2007-08-30,18.0,,GK,Lanús,45,,,,,,,,espn,2026-08-01T01:26:19.198645+00:00
Lanús,Gonzalo Pérez,2001-01-04,25.0,,DF,Lanús,4,,,,,,,,espn,2026-08-01T01:26:19.198645+00:00
Lanús,Carlos Izquierdoz,1988-11-03,37.0,,DF,Lanús,24,,,,,,,,espn,2026-08-01T01:26:19.198645+00:00
Lanús,Luciano Romero,2006-01-03,20.0,,DF,Lanús,2,,,,,,,,espn,2026-08-01T01:26:19.198645+00:00
Lanús,José Canale,1996-07-20,30.0,,DF,Lanús,13,,,,,,,,espn,2026-08-01T01:26:19.198645+00:00
Lanús,Tomás López,2007-08-14,18.0,,DF,Lanús,40,,,,,,,,espn,2026-08-01T01:26:19.198645+00:00
Lanús,Tomás Guidara,1996-03-13,30.0,,DF,Lanús,33,,,,,,,,espn,2026-08-01T01:26:19.198645+00:00
Lanús,Nicolás Morgantini,1994-09-11,31.0,,DF,Lanús,3,,,,,,,,espn,2026-08-01T01:26:19.198645+00:00
Lanús,Sasha Marcich,1998-05-29,28.0,,DF,Lanús,6,,,,,,,,espn,2026-08-01T01:26:19.198645+00:00
Lanús,Ronaldo de Jesus,2001-04-21,25.0,,DF,Lanús,35,,,,,,,,espn,2026-08-01T01:26:19.198645+00:00
Lanús,Sebastián Leiva,2006-09-04,19.0,,DF,Lanús,42,,,,,,,,espn,2026-08-01T01:26:19.198645+00:00
Lanús,Óctavio Ontívero,2006-01-10,20.0,,DF,Lanús,28,,,,,,,,espn,2026-08-01T01:26:19.198645+00:00
Lanús,Facunda Sánchez,2005-08-07,20.0,,DF,Lanús,27,,,,,,,,espn,2026-08-01T01:26:19.198645+00:00
Lanús,Tobías Quiroz,2005-03-23,21.0,,DF,Lanús,32,,,,,,,,espn,2026-08-01T01:26:19.198645+00:00
Lanús,Mateo Ramírez,2007-05-11,19.0,,DF,Lanús,14,,,,,,,,espn,2026-08-01T01:26:19.198645+00:00
Lanús,Elian Acosta,2007-05-29,19.0,,DF,Lanús,34,,,,,,,,espn,2026-08-01T01:26:19.198645+00:00
Lanús,Elías Prieto,2007-06-20,19.0,,DF,Lanús,46,,,,,,,,espn,2026-08-01T01:26:19.198645+00:00
Lanús,Gabriel Aguirre,2007-03-25,19.0,,DF,Lanús,49,,,,,,,,espn,2026-08-01T01:26:19.198645+00:00
Lanús,Juan Mujica,2007-06-15,19.0,,MF,Lanús,47,,,,,,,,espn,2026-08-01T01:26:19.198645+00:00
Lanús,Felipe Peña,2001-04-05,25.0,,MF,Lanús,5,,,,,,,,espn,2026-08-01T01:26:19.198645+00:00
Lanús,Eduardo Salvio,1990-07-13,36.0,,MF,Lanús,11,,,,,,,,espn,2026-08-01T01:26:19.198645+00:00
Lanús,Matias Sepulveda,2006-05-19,20.0,,FW,Lanús,16,,,,,,,,espn,2026-08-01T01:26:19.198645+00:00
Lanús,Ramiro Carrera,1993-10-24,32.0,,MF,Lanús,23,,,,,,,,espn,2026-08-01T01:26:19.198645+00:00
Lanús,Raúl Loaiza,1994-06-08,32.0,,MF,Lanús,15,,,,,,,,espn,2026-08-01T01:26:19.198645+00:00
Lanús,Marcelino Moreno,1995-06-25,31.0,,MF,Lanús,10,,,,,,,,espn,2026-08-01T01:26:19.198645+00:00
Lanús,Agustín Cardozo,1997-05-30,29.0,,MF,Lanús,30,,,,,,,,espn,2026-08-01T01:26:19.198645+00:00
Lanús,Franco Watson,2002-07-25,24.0,,MF,Lanús,8,,,,,,,,espn,2026-08-01T01:26:19.198645+00:00
Lanús,Ian López,2007-02-13,19.0,,MF,Lanús,48,,,,,,,,espn,2026-08-01T01:26:19.198645+00:00
Lanús,Mariano Gerez,2006-01-19,20.0,,MF,Lanús,36,,,,,,,,espn,2026-08-01T01:26:19.198645+00:00
Lanús,Thiago Laplace,2006-04-03,20.0,,MF,Lanús,39,,,,,,,,espn,2026-08-01T01:26:19.198645+00:00
Lanús,Agustín Medina,2006-10-24,19.0,,MF,Lanús,17,,,,,,,,espn,2026-08-01T01:26:19.198645+00:00
Lanús,Ragnheidur Jónsdóttir,2006-01-14,20.0,,DF,Lanús,,,,,,,,,espn,2026-08-01T01:26:19.198645+00:00
Lanús,Tiago Domínguez,2009-03-01,17.0,,MF,Lanús,50,,,,,,,,espn,2026-08-01T01:26:19.198645+00:00
Lanús,Walter Bou,1993-08-25,32.0,,FW,Lanús,9,,,,,,,,espn,2026-08-01T01:26:19.198645+00:00
Lanús,Alexis Duarte,2007-04-19,19.0,,FW,Lanús,21,,,,,,,,espn,2026-08-01T01:26:19.198645+00:00
Lanús,Allan Wlk,2003-03-01,23.0,,FW,Lanús,20,,,,,,,,espn,2026-08-01T01:26:19.198645+00:00
Lanús,Lucas Besozzi,2003-01-22,23.0,,FW,Lanús,77,,,,,,,,espn,2026-08-01T01:26:19.198645+00:00
Lanús,Mateo Peralta,2007-06-25,19.0,,FW,Lanús,44,,,,,,,,espn,2026-08-01T01:26:19.198645+00:00
Lanús,Dylan Aquino,2005-06-04,21.0,,FW,Lanús,25,,,,,,,,espn,2026-08-01T01:26:19.198645+00:00
Lanús,Benjamín Acosta,2006-02-08,20.0,,FW,Lanús,38,,,,,,,,espn,2026-08-01T01:26:19.198645+00:00
Lanús,Thiago Balbuena,2006-03-16,20.0,,FW,Lanús,41,,,,,,,,espn,2026-08-01T01:26:19.198645+00:00
Lanús,Jeremías Chavero,2006-05-30,20.0,,FW,Lanús,18,,,,,,,,espn,2026-08-01T01:26:19.198645+00:00
Lanús,Thomás De Martis,2008-06-26,18.0,,FW,Lanús,37,,,,,,,,espn,2026-08-01T01:26:19.198645+00:00
Lanús,Yoshan Valois,2004-10-04,21.0,,FW,Lanús,19,,,,,,,,espn,2026-08-01T01:26:19.198645+00:00
Lanús,Gonzalo Lobos,2007-02-03,19.0,,FW,Lanús,43,,,,,,,,espn,2026-08-01T01:26:19.198645+00:00
Lanús,Dante Blanco,2008-02-29,18.0,,FW,Lanús,29,,,,,,,,espn,2026-08-01T01:26:19.198645+00:00
Newell's Old Boys,Gabriel Arias,1987-09-13,38.0,,GK,Newell's Old Boys,21,,,,,,,,espn,2026-08-01T01:26:19.198645+00:00
Newell's Old Boys,Josué Reinatti,2003-06-02,23.0,,GK,Newell's Old Boys,30,,,,,,,,espn,2026-08-01T01:26:19.198645+00:00
Newell's Old Boys,Rodrigo Herrera,2000-08-02,25.0,,DF,Newell's Old Boys,26,,,,,,,,espn,2026-08-01T01:26:19.198645+00:00
Newell's Old Boys,Lautaro Giannetti,1993-11-13,32.0,,DF,Newell's Old Boys,17,,,,,,,,espn,2026-08-01T01:26:19.198645+00:00
Newell's Old Boys,Franco Escobar,1995-02-21,31.0,,DF,Newell's Old Boys,24,,,,,,,,espn,2026-08-01T01:26:19.198645+00:00
Newell's Old Boys,Saúl Salcedo,1997-08-29,28.0,,DF,Newell's Old Boys,15,,,,,,,,espn,2026-08-01T01:26:19.198645+00:00
Newell's Old Boys,Martín Ortega,1999-08-20,26.0,,DF,Newell's Old Boys,6,,,,,,,,espn,2026-08-01T01:26:19.198645+00:00
Newell's Old Boys,Armando Méndez,1996-03-31,30.0,,DF,Newell's Old Boys,14,,,,,,,,espn,2026-08-01T01:26:19.198645+00:00
Newell's Old Boys,Oscar Salómon,1999-03-22,27.0,,DF,Newell's Old Boys,22,,,,,,,,espn,2026-08-01T01:26:19.198645+00:00
Newell's Old Boys,Nicolas Goitea,1997-06-11,29.0,,DF,Newell's Old Boys,23,,,,,,,,espn,2026-08-01T01:26:19.198645+00:00
Newell's Old Boys,Martín Luciano,2003-08-12,22.0,,DF,Newell's Old Boys,3,,,,,,,,espn,2026-08-01T01:26:19.198645+00:00
Newell's Old Boys,Ivan Glavinovich,2001-10-27,24.0,,DF,Newell's Old Boys,2,,,,,,,,espn,2026-08-01T01:26:19.198645+00:00
Newell's Old Boys,Bruno Cabrera,1997-04-28,29.0,,DF,Newell's Old Boys,25,,,,,,,,espn,2026-08-01T01:26:19.198645+00:00
Newell's Old Boys,Alejo Montero,1998-05-05,28.0,,MF,Newell's Old Boys,4,,,,,,,,espn,2026-08-01T01:26:19.198645+00:00
Newell's Old Boys,Alan Soñora,1998-08-03,27.0,,MF,Newell's Old Boys,15,,,,,,,,espn,2026-08-01T01:26:19.198645+00:00
Newell's Old Boys,Marcelo Esponda,2003-01-14,23.0,,MF,Newell's Old Boys,29,,,,,,,,espn,2026-08-01T01:26:19.198645+00:00
Newell's Old Boys,David Sotelo,2003-07-30,23.0,,MF,Newell's Old Boys,8,,,,,,,,espn,2026-08-01T01:26:19.198645+00:00
Newell's Old Boys,Valentino Acuña,2006-01-27,20.0,,MF,Newell's Old Boys,10,,,,,,,,espn,2026-08-01T01:26:19.198645+00:00
Newell's Old Boys,Fabricio Tirado,2004-09-18,21.0,,MF,Newell's Old Boys,,,,,,,,,espn,2026-08-01T01:26:19.198645+00:00
Newell's Old Boys,Luca Regiardo,2006-10-23,19.0,,MF,Newell's Old Boys,5,,,,,,,,espn,2026-08-01T01:26:19.198645+00:00
Newell's Old Boys,Jerónimo Mattar,2008-08-07,17.0,,MF,Newell's Old Boys,19,,,,,,,,espn,2026-08-01T01:26:19.198645+00:00
Newell's Old Boys,Blas Benedetto,2006-03-17,20.0,,MF,Newell's Old Boys,35,,,,,,,,espn,2026-08-01T01:26:19.198645+00:00
Newell's Old Boys,Mateo Villalba,,,,MF,Newell's Old Boys,37,,,,,,,,espn,2026-08-01T01:26:19.198645+00:00
Newell's Old Boys,Tomás Viola,,,,MF,Newell's Old Boys,34,,,,,,,,espn,2026-08-01T01:26:19.198645+00:00
Newell's Old Boys,Juan Ramírez,1997-02-01,29.0,,FW,Newell's Old Boys,99,,,,,,,,espn,2026-08-01T01:26:19.198645+00:00
Newell's Old Boys,Walter Mazzantti,1996-09-05,29.0,,FW,Newell's Old Boys,7,,,,,,,,espn,2026-08-01T01:26:19.198645+00:00
Newell's Old Boys,Matías Cóccaro,1997-11-15,28.0,,FW,Newell's Old Boys,9,,,,,,,,espn,2026-08-01T01:26:19.198645+00:00
Newell's Old Boys,Lautaro Rios,2006-09-22,19.0,,FW,Newell's Old Boys,39,,,,,,,,espn,2026-08-01T01:26:19.198645+00:00
Newell's Old Boys,Walter Núñez,2003-02-13,23.0,,FW,Newell's Old Boys,33,,,,,,,,espn,2026-08-01T01:26:19.198645+00:00
Newell's Old Boys,Jeronimo Russo,2005-05-30,21.0,,FW,Newell's Old Boys,28,,,,,,,,espn,2026-08-01T01:26:19.198645+00:00
Newell's Old Boys,Facundo Gauch,2007-01-20,19.0,,FW,Newell's Old Boys,20,,,,,,,,espn,2026-08-01T01:26:19.198645+00:00
Newell's Old Boys,Francisco Scarpeccio,2006-01-22,20.0,,FW,Newell's Old Boys,36,,,,,,,,espn,2026-08-01T01:26:19.198645+00:00
Platense,Brian Bustos,1996-08-22,29.0,,GK,Platense,1,,,,,,,,espn,2026-08-01T01:26:19.198645+00:00
Platense,Juan Pablo Cozzani,1998-10-09,27.0,,GK,Platense,30,,,,,,,,espn,2026-08-01T01:26:19.198645+00:00
Platense,Nicolás Sumavil,1999-11-20,26.0,,GK,Platense,22,,,,,,,,espn,2026-08-01T01:26:19.198645+00:00
Platense,Joaquín Giudice,2006-02-06,20.0,,GK,Platense,36,,,,,,,,espn,2026-08-01T01:26:19.198645+00:00
Platense,Santino Cambiasso,2007-04-17,19.0,,GK,Platense,37,,,,,,,,espn,2026-08-01T01:26:19.198645+00:00
Platense,Ignacio Vázquez,1997-05-15,29.0,,DF,Platense,13,,,,,,,,espn,2026-08-01T01:26:19.198645+00:00
Platense,Víctor Cuesta,1988-11-19,37.0,,DF,Platense,31,,,,,,,,espn,2026-08-01T01:26:19.198645+00:00
Platense,Gonzalo Goñi,1998-08-16,27.0,,DF,Platense,42,,,,,,,,espn,2026-08-01T01:26:19.198645+00:00
Platense,Agustín Lagos,2001-10-09,24.0,,DF,Platense,4,,,,,,,,espn,2026-08-01T01:26:19.198645+00:00
Platense,Juan Ignacio Saborido,1998-04-25,28.0,,DF,Platense,25,,,,,,,,espn,2026-08-01T01:26:19.198645+00:00
Platense,Tomas Silva,2003-03-08,23.0,,DF,Platense,3,,,,,,,,espn,2026-08-01T01:26:19.198645+00:00
Platense,Santiago Quirós,2009-11-16,16.0,,MF,Platense,32,,,,,,,,espn,2026-08-01T01:26:19.198645+00:00
Platense,Eugenio Raggio,2001-08-31,24.0,,DF,Platense,6,,,,,,,,espn,2026-08-01T01:26:19.198645+00:00
Platense,Mateo Mendia,2004-02-03,22.0,,DF,Platense,34,,,,,,,,espn,2026-08-01T01:26:19.198645+00:00
Platense,Celías Ingenthron,2008-06-28,18.0,,DF,Platense,38,,,,,,,,espn,2026-08-01T01:26:19.198645+00:00
Platense,Agustín Maglione,2006-01-09,20.0,,DF,Platense,44,,,,,,,,espn,2026-08-01T01:26:19.198645+00:00
Platense,Lucas Testa,2006-04-06,20.0,,DF,Platense,46,,,,,,,,espn,2026-08-01T01:26:19.198645+00:00
Platense,Thiago Currado,2006-11-04,19.0,,DF,Platense,41,,,,,,,,espn,2026-08-01T01:26:19.198645+00:00
Platense,Ivan Gomez,1997-02-28,29.0,,MF,Platense,5,,,,,,,,espn,2026-08-01T01:26:19.198645+00:00
Platense,Leonardo Heredia,1996-01-11,30.0,,MF,Platense,23,,,,,,,,espn,2026-08-01T01:26:19.198645+00:00
Platense,Pablo Ferreira,2004-10-23,21.0,,MF,Platense,26,,,,,,,,espn,2026-08-01T01:26:19.198645+00:00
Platense,Martín Barrios,1999-01-24,27.0,,MF,Platense,24,,,,,,,,espn,2026-08-01T01:26:19.198645+00:00
Platense,Agustín Funes,2004-01-27,22.0,,MF,Platense,48,,,,,,,,espn,2026-08-01T01:26:19.198645+00:00
Platense,Franco Zapiola,2001-02-19,25.0,,MF,Platense,10,,,,,,,,espn,2026-08-01T01:26:19.198645+00:00
Platense,Maximiliano Amarfil,2001-03-11,25.0,,MF,Platense,15,,,,,,,,espn,2026-08-01T01:26:19.198645+00:00
Platense,Franco Minerva,2006-01-31,20.0,,MF,Platense,29,,,,,,,,espn,2026-08-01T01:26:19.198645+00:00
Platense,Santiago Dalmasso,2004-06-18,22.0,,MF,Platense,27,,,,,,,,espn,2026-08-01T01:26:19.198645+00:00
Platense,Felipe Bussio,2004-06-16,22.0,,MF,Platense,17,,,,,,,,espn,2026-08-01T01:26:19.198645+00:00
Platense,Demian Troya,2005-03-22,21.0,,MF,Platense,35,,,,,,,,espn,2026-08-01T01:26:19.198645+00:00
Platense,Santiago Bouhet,2006-01-10,20.0,,MF,Platense,49,,,,,,,,espn,2026-08-01T01:26:19.198645+00:00
Platense,Salvador Rixner,2006-04-06,20.0,,MF,Platense,50,,,,,,,,espn,2026-08-01T01:26:19.198645+00:00
Platense,Nico López,1993-10-01,32.0,,FW,Platense,11,,,,,,,,espn,2026-08-01T01:26:19.198645+00:00
Platense,Alejandro Vera,2007-04-19,19.0,,FW,Platense,55,,,,,,,,espn,2026-08-01T01:26:19.198645+00:00
Platense,Augusto Lotti,1996-06-10,30.0,,FW,Platense,21,,,,,,,,espn,2026-08-01T01:26:19.198645+00:00
Platense,Guido Mainero,1995-03-23,31.0,,FW,Platense,7,,,,,,,,espn,2026-08-01T01:26:19.198645+00:00
Platense,Bautista Merlini,1995-07-04,31.0,,FW,Platense,18,,,,,,,,espn,2026-08-01T01:26:19.198645+00:00
Platense,Tomás Giménez,2007-03-27,19.0,,FW,Platense,45,,,,,,,,espn,2026-08-01T01:26:19.198645+00:00
Platense,Juan Gauto,2004-06-02,22.0,,FW,Platense,33,,,,,,,,espn,2026-08-01T01:26:19.198645+00:00
Platense,Gonzalo Lencina,1997-10-18,28.0,,FW,Platense,99,,,,,,,,espn,2026-08-01T01:26:19.198645+00:00
Platense,Héctor Bobadilla,2001-06-08,25.0,,FW,Platense,19,,,,,,,,espn,2026-08-01T01:26:19.198645+00:00
Platense,Nicolas Retamar,1999-02-06,27.0,,FW,Platense,43,,,,,,,,espn,2026-08-01T01:26:19.198645+00:00
Platense,Manuel Tucker,2004-10-31,21.0,,FW,Platense,28,,,,,,,,espn,2026-08-01T01:26:19.198645+00:00
Platense,Tomás Nasif,2004-01-02,22.0,,FW,Platense,9,,,,,,,,espn,2026-08-01T01:26:19.198645+00:00
Platense,Lucas Zelaya,2005-07-06,21.0,,FW,Platense,51,,,,,,,,espn,2026-08-01T01:26:19.198645+00:00
Platense,Matías Ramírez,2007-05-20,19.0,,FW,Platense,52,,,,,,,,espn,2026-08-01T01:26:19.198645+00:00
Platense,Luca Bastilla,2005-04-24,21.0,,FW,Platense,53,,,,,,,,espn,2026-08-01T01:26:19.198645+00:00
Platense,Fausto San Pedro,2008-02-23,18.0,,FW,Platense,54,,,,,,,,espn,2026-08-01T01:26:19.198645+00:00
Platense,Axel Guzmán,2006-04-30,20.0,,FW,Platense,56,,,,,,,,espn,2026-08-01T01:26:19.198645+00:00
Racing Club,Facundo Cambeses,1997-04-09,29.0,,GK,Racing Club,25,,,,,,,,espn,2026-08-01T01:26:19.198645+00:00
Racing Club,Matías Tagliamonte,1998-02-19,28.0,,GK,Racing Club,30,,,,,,,,espn,2026-08-01T01:26:19.198645+00:00
Racing Club,Francisco Gómez,2004-04-06,22.0,,GK,Racing Club,1,,,,,,,,espn,2026-08-01T01:26:19.198645+00:00
Racing Club,Thiago De Bellis,2005-02-01,21.0,,GK,Racing Club,12,,,,,,,,espn,2026-08-01T01:26:19.198645+00:00
Racing Club,Marcos Rojo,1990-03-20,36.0,,DF,Racing Club,6,,,,,,,,espn,2026-08-01T01:26:19.198645+00:00
Racing Club,Agustín García Basso,1992-03-26,34.0,,DF,Racing Club,2,,,,,,,,espn,2026-08-01T01:26:19.198645+00:00
Racing Club,Pacha Espino,1992-01-05,34.0,,DF,Racing Club,18,,,,,,,,espn,2026-08-01T01:26:19.198645+00:00
Racing Club,Nazareno Colombo,1999-03-20,27.0,,DF,Racing Club,23,,,,,,,,espn,2026-08-01T01:26:19.198645+00:00
Racing Club,Marco Di Cesare,2002-01-30,24.0,,DF,Racing Club,3,,,,,,,,espn,2026-08-01T01:26:19.198645+00:00
Racing Club,Gastón Martirena,2000-01-05,26.0,,DF,Racing Club,15,,,,,,,,espn,2026-08-01T01:26:19.198645+00:00
Racing Club,Ezequiel Cannavo,2002-06-12,24.0,,DF,Racing Club,4,,,,,,,,espn,2026-08-01T01:26:19.198645+00:00
Racing Club,Tobías Rubio,2004-07-27,22.0,,DF,Racing Club,34,,,,,,,,espn,2026-08-01T01:26:19.198645+00:00
Racing Club,Gonzalo Escudero,2007-04-01,19.0,,DF,Racing Club,43,,,,,,,,espn,2026-08-01T01:26:19.198645+00:00
Racing Club,Mateo Martínez,2008-04-27,18.0,,DF,Racing Club,38,,,,,,,,espn,2026-08-01T01:26:19.198645+00:00
Racing Club,Alejandro Tello,2008-02-08,18.0,,MF,Racing Club,46,,,,,,,,espn,2026-08-01T01:26:19.198645+00:00
Racing Club,Gonzalo Sosa,2005-03-05,21.0,,MF,Racing Club,44,,,,,,,,espn,2026-08-01T01:26:19.198645+00:00
Racing Club,Matías Kranevitter,1993-05-21,33.0,,MF,Racing Club,5,,,,,,,,espn,2026-08-01T01:26:19.198645+00:00
Racing Club,Matías Zaracho,1998-03-10,28.0,,MF,Racing Club,11,,,,,,,,espn,2026-08-01T01:26:19.198645+00:00
Racing Club,Matko Miljevic,2001-05-09,25.0,,MF,Racing Club,10,,,,,,,,espn,2026-08-01T01:26:19.198645+00:00
Racing Club,Diego Ortegoza,1997-04-19,29.0,,MF,Racing Club,16,,,,,,,,espn,2026-08-01T01:26:19.198645+00:00
Racing Club,Adrián Fernández,2001-05-20,25.0,,MF,Racing Club,24,,,,,,,,espn,2026-08-01T01:26:19.198645+00:00
Racing Club,Ignacio Agustin Rodríguez,2002-02-22,24.0,,MF,Racing Club,19,,,,,,,,espn,2026-08-01T01:26:19.198645+00:00
Racing Club,Baltasar Rodríguez,2003-07-09,23.0,,MF,Racing Club,20,,,,,,,,espn,2026-08-01T01:26:19.198645+00:00
Racing Club,Alan Forneris,2005-01-28,21.0,,MF,Racing Club,8,,,,,,,,espn,2026-08-01T01:26:19.198645+00:00
Racing Club,Santino Benjamín Aguirre,,,,MF,Racing Club,37,,,,,,,,espn,2026-08-01T01:26:19.198645+00:00
Racing Club,Adrián Martínez,1992-07-07,34.0,,FW,Racing Club,9,,,,,,,,espn,2026-08-01T01:26:19.198645+00:00
Racing Club,Duván Vergara,1996-09-09,29.0,,FW,Racing Club,7,,,,,,,,espn,2026-08-01T01:26:19.198645+00:00
Racing Club,Tomás Conechny,1998-03-30,28.0,,FW,Racing Club,17,,,,,,,,espn,2026-08-01T01:26:19.198645+00:00
Racing Club,Lautaro Díaz,1998-05-21,28.0,,FW,Racing Club,32,,,,,,,,espn,2026-08-01T01:26:19.198645+00:00
Racing Club,Santiago Solari,1998-01-19,28.0,,FW,Racing Club,28,,,,,,,,espn,2026-08-01T01:26:19.198645+00:00
Racing Club,Valentin Carboni,2005-03-05,21.0,,FW,Racing Club,21,,,,,,,,espn,2026-08-01T01:26:19.198645+00:00
Racing Club,Elías Torres,2001-03-02,25.0,,FW,Racing Club,22,,,,,,,,espn,2026-08-01T01:26:19.198645+00:00
Racing Club,Tomás Pérez,2005-08-26,20.0,,MF,Racing Club,58,,,,,,,,espn,2026-08-01T01:26:19.198645+00:00
River Plate,Ezequiel Centuríon,1997-05-20,29.0,,GK,River Plate,33,,,,,,,,espn,2026-08-01T01:26:19.198645+00:00
River Plate,Santiago Beltrán,2004-10-04,21.0,,GK,River Plate,41,,,,,,,,espn,2026-08-01T01:26:19.198645+00:00
River Plate,Jeremías Martinet,2005-08-30,20.0,,GK,River Plate,,,,,,,,,espn,2026-08-01T01:26:19.198645+00:00
River Plate,Franco Jaroszewicz,2006-12-06,19.0,,GK,River Plate,42,,,,,,,,espn,2026-08-01T01:26:19.198645+00:00
River Plate,Nicolás Otamendi,1988-02-12,38.0,,DF,River Plate,30,,,,,,,,espn,2026-08-01T01:26:19.198645+00:00
River Plate,Germán Pezzella,1991-06-27,35.0,,DF,River Plate,20,,,,,,,,espn,2026-08-01T01:26:19.198645+00:00
River Plate,Marcos Acuña,1991-10-28,34.0,,DF,River Plate,21,,,,,,,,espn,2026-08-01T01:26:19.198645+00:00
River Plate,Juan Carlos Portillo,1991-12-26,34.0,,MF,River Plate,5,,,,,,,,espn,2026-08-01T01:26:19.198645+00:00
River Plate,Giovanni González,1994-09-20,31.0,,DF,River Plate,20,,,,,,,,espn,2026-08-01T01:26:19.198645+00:00
River Plate,Lucas Martínez Quarta,1996-05-10,30.0,,DF,River Plate,28,,,,,,,,espn,2026-08-01T01:26:19.198645+00:00
River Plate,Gonzalo Montiel,1997-01-01,29.0,,DF,River Plate,29,,,,,,,,espn,2026-08-01T01:26:19.198645+00:00
River Plate,Fabricio Bustos,1996-04-28,30.0,,DF,River Plate,16,,,,,,,,espn,2026-08-01T01:26:19.198645+00:00
River Plate,Matías Viña,1997-11-09,28.0,,DF,River Plate,18,,,,,,,,espn,2026-08-01T01:26:19.198645+00:00
River Plate,Brian Gutiérrez,2003-06-17,23.0,,MF,River Plate,51,,,,,,,,espn,2026-08-01T01:26:19.198645+00:00
River Plate,Ulises Giménez,2006-01-01,20.0,,DF,River Plate,36,,,,,,,,espn,2026-08-01T01:26:19.198645+00:00
River Plate,Tobías Palacio,2006-11-11,19.0,,DF,River Plate,2,,,,,,,,espn,2026-08-01T01:26:19.198645+00:00
River Plate,Lautaruo Rivero,2003-11-01,22.0,,DF,River Plate,13,,,,,,,,espn,2026-08-01T01:26:19.198645+00:00
River Plate,Lucas Obregón,2006-02-11,20.0,,DF,River Plate,40,,,,,,,,espn,2026-08-01T01:26:19.198645+00:00
River Plate,Facundo González,2006-04-03,20.0,,DF,River Plate,31,,,,,,,,espn,2026-08-01T01:26:19.198645+00:00
River Plate,Ángel Susano,2007-01-31,19.0,,DF,River Plate,48,,,,,,,,espn,2026-08-01T01:26:19.198645+00:00
River Plate,Lucas Flores,2007-03-06,19.0,,DF,River Plate,46,,,,,,,,espn,2026-08-01T01:26:19.198645+00:00
River Plate,Thiago Salvatierra,2008-05-05,18.0,,DF,River Plate,53,,,,,,,,espn,2026-08-01T01:26:19.198645+00:00
River Plate,Juan Meza,2008-03-14,18.0,,MF,River Plate,24,,,,,,,,espn,2026-08-01T01:26:19.198645+00:00
River Plate,Mauro Arambarri,1995-09-30,30.0,,MF,River Plate,8,,,,,,,,espn,2026-08-01T01:26:19.198645+00:00
River Plate,Giuliano Galoppo,1999-06-18,27.0,,MF,River Plate,34,,,,,,,,espn,2026-08-01T01:26:19.198645+00:00
River Plate,Fausto Vera,2000-03-26,26.0,,MF,River Plate,15,,,,,,,,espn,2026-08-01T01:26:19.198645+00:00
River Plate,Lucas Beltrán,2001-03-29,25.0,,MF,River Plate,18,,,,,,,,espn,2026-08-01T01:26:19.198645+00:00
River Plate,Aníbal Moreno,1999-05-13,27.0,,MF,River Plate,6,,,,,,,,espn,2026-08-01T01:26:19.198645+00:00
River Plate,Matías Galarza,2002-02-11,24.0,,MF,River Plate,,,,,,,,,espn,2026-08-01T01:26:19.198645+00:00
River Plate,Tomás Galván,2000-04-11,26.0,,MF,River Plate,26,,,,,,,,espn,2026-08-01T01:26:19.198645+00:00
River Plate,Kevin Castaño,2000-09-29,25.0,,MF,River Plate,22,,,,,,,,espn,2026-08-01T01:26:19.198645+00:00
River Plate,Kendry Páez,2007-05-04,19.0,,MF,River Plate,19,,,,,,,,espn,2026-08-01T01:26:19.198645+00:00
River Plate,Santiago Lencina,2005-09-04,20.0,,MF,River Plate,39,,,,,,,,espn,2026-08-01T01:26:19.198645+00:00
River Plate,Thiago Acosta,2005-02-25,21.0,,MF,River Plate,37,,,,,,,,espn,2026-08-01T01:26:19.198645+00:00
River Plate,Santiago Espíndola,2008-03-17,18.0,,MF,River Plate,27,,,,,,,,espn,2026-08-01T01:26:19.198645+00:00
River Plate,Jonathan Spiff,2007-02-23,19.0,,MF,River Plate,52,,,,,,,,espn,2026-08-01T01:26:19.198645+00:00
River Plate,Lucas Silva,2007-02-26,19.0,,MF,River Plate,44,,,,,,,,espn,2026-08-01T01:26:19.198645+00:00
River Plate,Ignacio Zaballa,2006-04-25,20.0,,MF,River Plate,49,,,,,,,,espn,2026-08-01T01:26:19.198645+00:00
River Plate,Valentín Lucero,2006-04-01,20.0,,MF,River Plate,43,,,,,,,,espn,2026-08-01T01:26:19.198645+00:00
River Plate,Maximiliano Soria,2007-05-12,19.0,,MF,River Plate,45,,,,,,,,espn,2026-08-01T01:26:19.198645+00:00
River Plate,Sebastián Driussi,1996-02-09,30.0,,FW,River Plate,9,,,,,,,,espn,2026-08-01T01:26:19.198645+00:00
River Plate,Ángel Correa,1995-03-09,31.0,,FW,River Plate,10,,,,,,,,espn,2026-08-01T01:26:19.198645+00:00
River Plate,Rafael Borré,1995-09-15,30.0,,FW,River Plate,19,,,,,,,,espn,2026-08-01T01:26:19.198645+00:00
River Plate,Maximiliano Salas,1997-12-01,28.0,,FW,River Plate,7,,,,,,,,espn,2026-08-01T01:26:19.198645+00:00
River Plate,Facundo Colidio,2000-01-04,26.0,,FW,River Plate,11,,,,,,,,espn,2026-08-01T01:26:19.198645+00:00
River Plate,Agustín Ruberto,2006-01-14,20.0,,FW,River Plate,32,,,,,,,,espn,2026-08-01T01:26:19.198645+00:00
River Plate,Ian Subiabre,2007-01-01,19.0,,FW,River Plate,38,,,,,,,,espn,2026-08-01T01:26:19.198645+00:00
River Plate,Alex Woiski,2006-03-17,20.0,,FW,River Plate,50,,,,,,,,espn,2026-08-01T01:26:19.198645+00:00
River Plate,Felipe Esquivel,2008-05-12,18.0,,FW,River Plate,47,,,,,,,,espn,2026-08-01T01:26:19.198645+00:00
River Plate,Joaquin Freitas,2006-02-12,20.0,,FW,River Plate,35,,,,,,,,espn,2026-08-01T01:26:19.198645+00:00
River Plate,Lautaro Pereyra,2008-03-28,18.0,,FW,River Plate,25,,,,,,,,espn,2026-08-01T01:26:19.198645+00:00
River Plate,Tobias Goytia,2009-04-14,17.0,,FW,River Plate,,,,,,,,,espn,2026-08-01T01:26:19.198645+00:00
Rosario Central,Leonardo Sosa,2007-04-18,19.0,,GK,Rosario Central,48,,,,,,,,espn,2026-08-01T01:26:19.198645+00:00
Rosario Central,Axel Werner,1996-02-28,30.0,,GK,Rosario Central,1,,,,,,,,espn,2026-08-01T01:26:19.198645+00:00
Rosario Central,Jeremias Ledesma,1993-02-13,33.0,,GK,Rosario Central,23,,,,,,,,espn,2026-08-01T01:26:19.198645+00:00
Rosario Central,Damian Fernandez,2003-04-28,23.0,,GK,Rosario Central,38,,,,,,,,espn,2026-08-01T01:26:19.198645+00:00
Rosario Central,Ezequiel Zapata,2007-08-20,18.0,,GK,Rosario Central,12,,,,,,,,espn,2026-08-01T01:26:19.198645+00:00
Rosario Central,Juan Komar,1996-08-13,29.0,,DF,Rosario Central,6,,,,,,,,espn,2026-08-01T01:26:19.198645+00:00
Rosario Central,Alexis Soto,1993-10-20,32.0,,DF,Rosario Central,33,,,,,,,,espn,2026-08-01T01:26:19.198645+00:00
Rosario Central,Facundo Mallo,1995-01-16,31.0,,DF,Rosario Central,15,,,,,,,,espn,2026-08-01T01:26:19.198645+00:00
Rosario Central,Emanuel Coronel,1997-02-01,29.0,,DF,Rosario Central,32,,,,,,,,espn,2026-08-01T01:26:19.198645+00:00
Rosario Central,Santiago Burgos,2006-03-22,20.0,,DF,Rosario Central,21,,,,,,,,espn,2026-08-01T01:26:19.198645+00:00
Rosario Central,Sebastian Zaracho,1999-01-20,27.0,,DF,Rosario Central,2,,,,,,,,espn,2026-08-01T01:26:19.198645+00:00
Rosario Central,Gastón Ávila,2001-09-30,24.0,,DF,Rosario Central,13,,,,,,,,espn,2026-08-01T01:26:19.198645+00:00
Rosario Central,Lucas Ramos,2001-01-03,25.0,,MF,Rosario Central,35,,,,,,,,espn,2026-08-01T01:26:19.198645+00:00
Rosario Central,Agustín Sández,2001-01-16,25.0,,DF,Rosario Central,3,,,,,,,,espn,2026-08-01T01:26:19.198645+00:00
Rosario Central,Ulises Ciccioli,2003-07-02,23.0,,DF,Rosario Central,4,,,,,,,,espn,2026-08-01T01:26:19.198645+00:00
Rosario Central,Juan Giménez,2006-02-28,20.0,,MF,Rosario Central,24,,,,,,,,espn,2026-08-01T01:26:19.198645+00:00
Rosario Central,Luca Raffin,2006-01-13,20.0,,DF,Rosario Central,47,,,,,,,,espn,2026-08-01T01:26:19.198645+00:00
Rosario Central,Ignacio Ovando,2007-06-29,19.0,,DF,Rosario Central,46,,,,,,,,espn,2026-08-01T01:26:19.198645+00:00
Rosario Central,Elías Verón,2007-03-07,19.0,,DF,Rosario Central,42,,,,,,,,espn,2026-08-01T01:26:19.198645+00:00
Rosario Central,Leonardo Rios,2006-11-09,19.0,,DF,Rosario Central,41,,,,,,,,espn,2026-08-01T01:26:19.198645+00:00
Rosario Central,Marco Vicente,2007-02-14,19.0,,DF,Rosario Central,51,,,,,,,,espn,2026-08-01T01:26:19.198645+00:00
Rosario Central,Alvaro Güich,2009-03-23,17.0,,DF,Rosario Central,36,,,,,,,,espn,2026-08-01T01:26:19.198645+00:00
Rosario Central,Juan Scaglia,2009-01-30,17.0,,DF,Rosario Central,45,,,,,,,,espn,2026-08-01T01:26:19.198645+00:00
Rosario Central,Asael Oviedo,2006-04-15,20.0,,DF,Rosario Central,14,,,,,,,,espn,2026-08-01T01:26:19.198645+00:00
Rosario Central,Franco Castorani,2006-02-05,20.0,,DF,Rosario Central,52,,,,,,,,espn,2026-08-01T01:26:19.198645+00:00
Rosario Central,Ángel Di María,1988-02-14,38.0,,MF,Rosario Central,11,,,,,,,,espn,2026-08-01T01:26:19.198645+00:00
Rosario Central,Kevin Gutiérrez,2006-01-30,20.0,,MF,Rosario Central,43,,,,,,,,espn,2026-08-01T01:26:19.198645+00:00
Rosario Central,Guillermo Fernández,1991-10-11,34.0,,MF,Rosario Central,28,,,,,,,,espn,2026-08-01T01:26:19.198645+00:00
Rosario Central,Franco Cervi,1994-05-26,32.0,,MF,Rosario Central,10,,,,,,,,espn,2026-08-01T01:26:19.198645+00:00
Rosario Central,Jáminton Campaz,2000-05-24,26.0,,MF,Rosario Central,8,,,,,,,,espn,2026-08-01T01:26:19.198645+00:00
Rosario Central,Federico Navarro,2000-03-09,26.0,,MF,Rosario Central,31,,,,,,,,espn,2026-08-01T01:26:19.198645+00:00
Rosario Central,Vicente Pizarro,2002-11-05,23.0,,MF,Rosario Central,20,,,,,,,,espn,2026-08-01T01:26:19.198645+00:00
Rosario Central,Franco Ibarra,2001-04-28,25.0,,MF,Rosario Central,5,,,,,,,,espn,2026-08-01T01:26:19.198645+00:00
Rosario Central,Gaspar Duarte,2003-01-06,23.0,,MF,Rosario Central,27,,,,,,,,espn,2026-08-01T01:26:19.198645+00:00
Rosario Central,Giovanni Cantizano,2007-03-21,19.0,,MF,Rosario Central,26,,,,,,,,espn,2026-08-01T01:26:19.198645+00:00
Rosario Central,Santiago Segovia,2007-03-26,19.0,,MF,Rosario Central,19,,,,,,,,espn,2026-08-01T01:26:19.198645+00:00
Rosario Central,Ignacio Moreno,2006-02-08,20.0,,MF,Rosario Central,17,,,,,,,,espn,2026-08-01T01:26:19.198645+00:00
Rosario Central,Tomás Salteño,2005-07-22,21.0,,MF,Rosario Central,30,,,,,,,,espn,2026-08-01T01:26:19.198645+00:00
Rosario Central,Paolo Giaccone,2007-08-07,18.0,,MF,Rosario Central,44,,,,,,,,espn,2026-08-01T01:26:19.198645+00:00
Rosario Central,Bautista Cantero,2008-06-28,18.0,,MF,Rosario Central,40,,,,,,,,espn,2026-08-01T01:26:19.198645+00:00
Rosario Central,Juan Guzman,2008-03-28,18.0,,MF,Rosario Central,25,,,,,,,,espn,2026-08-01T01:26:19.198645+00:00
Rosario Central,Joaquín Espina,2006-03-28,20.0,,MF,Rosario Central,50,,,,,,,,espn,2026-08-01T01:26:19.198645+00:00
Rosario Central,Marco Ruben,1986-10-26,39.0,,FW,Rosario Central,29,,,,,,,,espn,2026-08-01T01:26:19.198645+00:00
Rosario Central,Marcelo Cabrera,1992-03-18,34.0,,FW,Rosario Central,7,,,,,,,,espn,2026-08-01T01:26:19.198645+00:00
Rosario Central,Enzo Copetti,1996-01-16,30.0,,FW,Rosario Central,22,,,,,,,,espn,2026-08-01T01:26:19.198645+00:00
Rosario Central,Tomas Badaloni,2000-05-02,26.0,,FW,Rosario Central,16,,,,,,,,espn,2026-08-01T01:26:19.198645+00:00
Rosario Central,Julián Fernández,2004-01-30,22.0,,FW,Rosario Central,18,,,,,,,,espn,2026-08-01T01:26:19.198645+00:00
Rosario Central,Fabricio Oviedo,2004-02-19,22.0,,FW,Rosario Central,39,,,,,,,,espn,2026-08-01T01:26:19.198645+00:00
Rosario Central,Thiago Ponce,2005-01-09,21.0,,FW,Rosario Central,19,,,,,,,,espn,2026-08-01T01:26:19.198645+00:00
Rosario Central,Lisandro Duarte,2007-07-21,19.0,,FW,Rosario Central,37,,,,,,,,espn,2026-08-01T01:26:19.198645+00:00
Rosario Central,Paulo Bustos,2005-06-30,21.0,,FW,Rosario Central,49,,,,,,,,espn,2026-08-01T01:26:19.198645+00:00
Rosario Central,Gino Pavoni,,,,FW,Rosario Central,54,,,,,,,,espn,2026-08-01T01:26:19.198645+00:00
Rosario Central,Valentino Felici,,,,FW,Rosario Central,53,,,,,,,,espn,2026-08-01T01:26:19.198645+00:00
San Lorenzo,José Devecchi,1995-07-09,31.0,,GK,San Lorenzo,25,,,,,,,,espn,2026-08-01T01:26:19.198645+00:00
San Lorenzo,Orlando Gill,2000-06-11,26.0,,GK,San Lorenzo,12,,,,,,,,espn,2026-08-01T01:26:19.198645+00:00
San Lorenzo,Mateo Clemente,2002-06-12,24.0,,GK,San Lorenzo,1,,,,,,,,espn,2026-08-01T01:26:19.198645+00:00
San Lorenzo,Daniel Herrera,2004-02-06,22.0,,DF,San Lorenzo,36,,,,,,,,espn,2026-08-01T01:26:19.198645+00:00
San Lorenzo,Gastón Hernández,1998-01-19,28.0,,DF,San Lorenzo,23,,,,,,,,espn,2026-08-01T01:26:19.198645+00:00
San Lorenzo,Guzmán Corujo,1996-08-02,29.0,,DF,San Lorenzo,16,,,,,,,,espn,2026-08-01T01:26:19.198645+00:00
San Lorenzo,Máximiliano Zelaya,1997-03-04,29.0,,DF,San Lorenzo,51,,,,,,,,espn,2026-08-01T01:26:19.198645+00:00
San Lorenzo,Franco Lorenzón,2001-03-19,25.0,,DF,San Lorenzo,42,,,,,,,,espn,2026-08-01T01:26:19.198645+00:00
San Lorenzo,Ezequiel Herrera,2003-01-22,23.0,,DF,San Lorenzo,32,,,,,,,,espn,2026-08-01T01:26:19.198645+00:00
San Lorenzo,Mathías De Ritis,2003-01-31,23.0,,DF,San Lorenzo,6,,,,,,,,espn,2026-08-01T01:26:19.198645+00:00
San Lorenzo,Oscar Arias,2005-01-02,21.0,,DF,San Lorenzo,30,,,,,,,,espn,2026-08-01T01:26:19.198645+00:00
San Lorenzo,Alejo Cordoba,2004-05-17,22.0,,DF,San Lorenzo,35,,,,,,,,espn,2026-08-01T01:26:19.198645+00:00
San Lorenzo,Lautaro Montenegro,2005-02-26,21.0,,DF,San Lorenzo,55,,,,,,,,espn,2026-08-01T01:26:19.198645+00:00
San Lorenzo,Ramiro Pedroza,2007-01-10,19.0,,DF,San Lorenzo,53,,,,,,,,espn,2026-08-01T01:26:19.198645+00:00
San Lorenzo,Teo Rodríguez,2005-10-12,20.0,,DF,San Lorenzo,3,,,,,,,,espn,2026-08-01T01:26:19.198645+00:00
San Lorenzo,Nicolás Blanco,2007-04-10,19.0,,DF,San Lorenzo,54,,,,,,,,espn,2026-08-01T01:26:19.198645+00:00
San Lorenzo,Nicolas Tripichio,1996-01-05,30.0,,MF,San Lorenzo,24,,,,,,,,espn,2026-08-01T01:26:19.198645+00:00
San Lorenzo,Juan Álvarez,1996-02-10,30.0,,MF,San Lorenzo,,,,,,,,,espn,2026-08-01T01:26:19.198645+00:00
San Lorenzo,Nahuel Barrios,1998-05-07,28.0,,MF,San Lorenzo,28,,,,,,,,espn,2026-08-01T01:26:19.198645+00:00
San Lorenzo,Carlos Insaurralde,1999-01-31,27.0,,MF,San Lorenzo,8,,,,,,,,espn,2026-08-01T01:26:19.198645+00:00
San Lorenzo,Gonzalo Abrego,2000-01-07,26.0,,MF,San Lorenzo,26,,,,,,,,espn,2026-08-01T01:26:19.198645+00:00
San Lorenzo,Gonzalo Alassia,2004-02-13,22.0,,MF,San Lorenzo,62,,,,,,,,espn,2026-08-01T01:26:19.198645+00:00
San Lorenzo,Francisco Perruzzi,2001-02-09,25.0,,MF,San Lorenzo,21,,,,,,,,espn,2026-08-01T01:26:19.198645+00:00
San Lorenzo,Mauricio Cardillo,2003-03-11,23.0,,MF,San Lorenzo,15,,,,,,,,espn,2026-08-01T01:26:19.198645+00:00
San Lorenzo,Uriel Ojeda,2008-03-22,18.0,,MF,San Lorenzo,39,,,,,,,,espn,2026-08-01T01:26:19.198645+00:00
San Lorenzo,Juan Rattalino,2004-06-23,22.0,,MF,San Lorenzo,13,,,,,,,,espn,2026-08-01T01:26:19.198645+00:00
San Lorenzo,Ignacio Perruzzi,2005-04-05,21.0,,MF,San Lorenzo,5,,,,,,,,espn,2026-08-01T01:26:19.198645+00:00
San Lorenzo,Facundo Gulli,2005-09-25,20.0,,MF,San Lorenzo,10,,,,,,,,espn,2026-08-01T01:26:19.198645+00:00
San Lorenzo,Ezequiel Cerutti,1992-01-17,34.0,,FW,San Lorenzo,7,,,,,,,,espn,2026-08-01T01:26:19.198645+00:00
San Lorenzo,Diego Herazo,1996-04-14,30.0,,FW,San Lorenzo,18,,,,,,,,espn,2026-08-01T01:26:19.198645+00:00
San Lorenzo,Facundo Bruera,1998-09-23,27.0,,FW,San Lorenzo,19,,,,,,,,espn,2026-08-01T01:26:19.198645+00:00
San Lorenzo,Alexis Cuello,2000-02-18,26.0,,FW,San Lorenzo,9,,,,,,,,espn,2026-08-01T01:26:19.198645+00:00
San Lorenzo,Gregorio Rodríguez,2000-01-17,26.0,,FW,San Lorenzo,17,,,,,,,,espn,2026-08-01T01:26:19.198645+00:00
San Lorenzo,Matías Reali,1997-11-14,28.0,,FW,San Lorenzo,11,,,,,,,,espn,2026-08-01T01:26:19.198645+00:00
San Lorenzo,Matías Hernández,1997-09-10,28.0,,MF,San Lorenzo,44,,,,,,,,espn,2026-08-01T01:26:19.198645+00:00
San Lorenzo,Rodrigo Auzmendi,2001-01-02,25.0,,FW,San Lorenzo,29,,,,,,,,espn,2026-08-01T01:26:19.198645+00:00
San Lorenzo,Agustín Ladstatter,2005-06-05,21.0,,FW,San Lorenzo,14,,,,,,,,espn,2026-08-01T01:26:19.198645+00:00
San Lorenzo,Branco Salinardi,2007-04-26,19.0,,FW,San Lorenzo,22,,,,,,,,espn,2026-08-01T01:26:19.198645+00:00
Sarmiento (Junín),Iván Arboleda,1996-04-21,30.0,,GK,Sarmiento (Junín),1,,,,,,,,espn,2026-08-01T01:26:19.198645+00:00
Sarmiento (Junín),Thyago Ayala,2001-09-07,24.0,,GK,Sarmiento (Junín),12,,,,,,,,espn,2026-08-01T01:26:19.198645+00:00
Sarmiento (Junín),Juan Insaurralde,1984-10-03,41.0,,DF,Sarmiento (Junín),2,,,,,,,,espn,2026-08-01T01:26:19.198645+00:00
Sarmiento (Junín),Nicolás Pasquini,1991-01-02,35.0,,DF,Sarmiento (Junín),77,,,,,,,,espn,2026-08-01T01:26:19.198645+00:00
Sarmiento (Junín),Lucas Suarez,1995-03-17,31.0,,DF,Sarmiento (Junín),3,,,,,,,,espn,2026-08-01T01:26:19.198645+00:00
Sarmiento (Junín),Joel Godoy,2005-02-20,21.0,,DF,Sarmiento (Junín),39,,,,,,,,espn,2026-08-01T01:26:19.198645+00:00
Sarmiento (Junín),Renzo Orihuela,2001-04-04,25.0,,DF,Sarmiento (Junín),44,,,,,,,,espn,2026-08-01T01:26:19.198645+00:00
Sarmiento (Junín),Gastón Arturia,1999-10-29,26.0,,DF,Sarmiento (Junín),6,,,,,,,,espn,2026-08-01T01:26:19.198645+00:00
Sarmiento (Junín),Juan Manuel Cabrera,2000-03-10,26.0,,DF,Sarmiento (Junín),4,,,,,,,,espn,2026-08-01T01:26:19.198645+00:00
Sarmiento (Junín),Thiago Santamaría,2003-04-04,23.0,,DF,Sarmiento (Junín),29,,,,,,,,espn,2026-08-01T01:26:19.198645+00:00
Sarmiento (Junín),Jeremías Vallejos,2003-03-14,23.0,,DF,Sarmiento (Junín),17,,,,,,,,espn,2026-08-01T01:26:19.198645+00:00
Sarmiento (Junín),Agustín Seyral,2005-01-31,21.0,,DF,Sarmiento (Junín),34,,,,,,,,espn,2026-08-01T01:26:19.198645+00:00
Sarmiento (Junín),Jonathan Gómez,1989-12-21,36.0,,MF,Sarmiento (Junín),11,,,,,,,,espn,2026-08-01T01:26:19.198645+00:00
Sarmiento (Junín),Mauricio Martínez,1993-02-20,33.0,,MF,Sarmiento (Junín),14,,,,,,,,espn,2026-08-01T01:26:19.198645+00:00
Sarmiento (Junín),Manuel Garcia,1999-06-11,27.0,,MF,Sarmiento (Junín),5,,,,,,,,espn,2026-08-01T01:26:19.198645+00:00
Sarmiento (Junín),Yair Arismendi,1998-04-05,28.0,,MF,Sarmiento (Junín),26,,,,,,,,espn,2026-08-01T01:26:19.198645+00:00
Sarmiento (Junín),Cristian Zabala,1998-03-04,28.0,,MF,Sarmiento (Junín),15,,,,,,,,espn,2026-08-01T01:26:19.198645+00:00
Sarmiento (Junín),Carlos Villalba,1998-07-19,28.0,,MF,Sarmiento (Junín),25,,,,,,,,espn,2026-08-01T01:26:19.198645+00:00
Sarmiento (Junín),Gabriel Díaz,2000-04-19,26.0,,MF,Sarmiento (Junín),33,,,,,,,,espn,2026-08-01T01:26:19.198645+00:00
Sarmiento (Junín),Julian Contrera,2003-05-10,23.0,,MF,Sarmiento (Junín),19,,,,,,,,espn,2026-08-01T01:26:19.198645+00:00
Sarmiento (Junín),Osmar Giménez,2007-03-25,19.0,,MF,Sarmiento (Junín),18,,,,,,,,espn,2026-08-01T01:26:19.198645+00:00
Sarmiento (Junín),Julián Mavilla,2000-04-27,26.0,,MF,Sarmiento (Junín),21,,,,,,,,espn,2026-08-01T01:26:19.198645+00:00
Sarmiento (Junín),Elián Giménez,2004-03-23,22.0,,MF,Sarmiento (Junín),23,,,,,,,,espn,2026-08-01T01:26:19.198645+00:00
Sarmiento (Junín),Jhon Rentería,2005-10-24,20.0,,MF,Sarmiento (Junín),10,,,,,,,,espn,2026-08-01T01:26:19.198645+00:00
Sarmiento (Junín),Facundo Alaggia,2005-06-01,21.0,,MF,Sarmiento (Junín),35,,,,,,,,espn,2026-08-01T01:26:19.198645+00:00
Sarmiento (Junín),Alexis González,2005-01-13,21.0,,FW,Sarmiento (Junín),32,,,,,,,,espn,2026-08-01T01:26:19.198645+00:00
Sarmiento (Junín),Diego Churín,1989-12-01,36.0,,FW,Sarmiento (Junín),9,,,,,,,,espn,2026-08-01T01:26:19.198645+00:00
Sarmiento (Junín),Jonathan Herrera,1991-09-16,34.0,,FW,Sarmiento (Junín),24,,,,,,,,espn,2026-08-01T01:26:19.198645+00:00
Sarmiento (Junín),Pablo Magnin,1990-04-25,36.0,,FW,Sarmiento (Junín),7,,,,,,,,espn,2026-08-01T01:26:19.198645+00:00
Sarmiento (Junín),Junior Marabel,1998-03-26,28.0,,FW,Sarmiento (Junín),27,,,,,,,,espn,2026-08-01T01:26:19.198645+00:00
Sarmiento (Junín),Gastón González,2001-06-27,25.0,,FW,Sarmiento (Junín),22,,,,,,,,espn,2026-08-01T01:26:19.198645+00:00
Sarmiento (Junín),Santiago Salle,2004-06-14,22.0,,FW,Sarmiento (Junín),8,,,,,,,,espn,2026-08-01T01:26:19.198645+00:00
Sarmiento (Junín),Brandon Márquez,2005-02-22,21.0,,FW,Sarmiento (Junín),40,,,,,,,,espn,2026-08-01T01:26:19.198645+00:00
Talleres (Córdoba),Gonzalo Nuccio,,,,,Talleres (Córdoba),35,,,,,,,,espn,2026-08-01T01:26:19.198645+00:00
Talleres (Córdoba),Ezequiel Unsain,1995-03-09,31.0,,GK,Talleres (Córdoba),32,,,,,,,,espn,2026-08-01T01:26:19.198645+00:00
Talleres (Córdoba),Jeremías Florentín,2006-09-01,19.0,,GK,Talleres (Córdoba),12,,,,,,,,espn,2026-08-01T01:26:19.198645+00:00
Talleres (Córdoba),Santino Barbi,2005-06-14,21.0,,GK,Talleres (Córdoba),1,,,,,,,,espn,2026-08-01T01:26:19.198645+00:00
Talleres (Córdoba),Franco Yennerich,2006-09-11,19.0,,GK,Talleres (Córdoba),40,,,,,,,,espn,2026-08-01T01:26:19.198645+00:00
Talleres (Córdoba),José Palomino,1990-01-05,36.0,,DF,Talleres (Córdoba),19,,,,,,,,espn,2026-08-01T01:26:19.198645+00:00
Talleres (Córdoba),Matías Catalán,1992-08-19,33.0,,DF,Talleres (Córdoba),4,,,,,,,,espn,2026-08-01T01:26:19.198645+00:00
Talleres (Córdoba),Gabriel Báez,1995-07-21,31.0,,DF,Talleres (Córdoba),23,,,,,,,,espn,2026-08-01T01:26:19.198645+00:00
Talleres (Córdoba),Juan Rodríguez,1994-02-28,32.0,,DF,Talleres (Córdoba),6,,,,,,,,espn,2026-08-01T01:26:19.198645+00:00
Talleres (Córdoba),Rodrigo Guth,2000-11-10,25.0,,DF,Talleres (Córdoba),14,,,,,,,,espn,2026-08-01T01:26:19.198645+00:00
Talleres (Córdoba),Alex Vigo,1999-04-28,27.0,,DF,Talleres (Córdoba),28,,,,,,,,espn,2026-08-01T01:26:19.198645+00:00
Talleres (Córdoba),Augusto Schott,2000-01-17,26.0,,DF,Talleres (Córdoba),20,,,,,,,,espn,2026-08-01T01:26:19.198645+00:00
Talleres (Córdoba),Román Riquelme,2002-05-18,24.0,,DF,Talleres (Córdoba),6,,,,,,,,espn,2026-08-01T01:26:19.198645+00:00
Talleres (Córdoba),Santiago Fernández,2005-03-30,21.0,,DF,Talleres (Córdoba),44,,,,,,,,espn,2026-08-01T01:26:19.198645+00:00
Talleres (Córdoba),Valentín Fascendini,2003-03-13,23.0,,DF,Talleres (Córdoba),13,,,,,,,,espn,2026-08-01T01:26:19.198645+00:00
Talleres (Córdoba),Alexandro Maidana,2005-07-26,21.0,,DF,Talleres (Córdoba),3,,,,,,,,espn,2026-08-01T01:26:19.198645+00:00
Talleres (Córdoba),Timoteo Chamorro,2006-02-08,20.0,,DF,Talleres (Córdoba),45,,,,,,,,espn,2026-08-01T01:26:19.198645+00:00
Talleres (Córdoba),Lucio Ferrari,2008-01-02,18.0,,DF,Talleres (Córdoba),32,,,,,,,,espn,2026-08-01T01:26:19.198645+00:00
Talleres (Córdoba),Thiago Baroni,,,,DF,Talleres (Córdoba),10,,,,,,,,espn,2026-08-01T01:26:19.198645+00:00
Talleres (Córdoba),Federico Fattori,1992-07-22,34.0,,MF,Talleres (Córdoba),8,,,,,,,,espn,2026-08-01T01:26:19.198645+00:00
Talleres (Córdoba),Franco Cristaldo,1996-08-15,29.0,,MF,Talleres (Córdoba),18,,,,,,,,espn,2026-08-01T01:26:19.198645+00:00
Talleres (Córdoba),Juan Sforza,2002-02-14,24.0,,MF,Talleres (Córdoba),13,,,,,,,,espn,2026-08-01T01:26:19.198645+00:00
Talleres (Córdoba),Mateo Caceres,2002-09-25,23.0,,MF,Talleres (Córdoba),26,,,,,,,,espn,2026-08-01T01:26:19.198645+00:00
Talleres (Córdoba),Alejandro Galarza,2002-03-04,24.0,,MF,Talleres (Córdoba),5,,,,,,,,espn,2026-08-01T01:26:19.198645+00:00
Talleres (Córdoba),Martin Rio,2001-03-14,25.0,,MF,Talleres (Córdoba),55,,,,,,,,espn,2026-08-01T01:26:19.198645+00:00
Talleres (Córdoba),Matias Gomez,2005-11-23,20.0,,MF,Talleres (Córdoba),21,,,,,,,,espn,2026-08-01T01:26:19.198645+00:00
Talleres (Córdoba),Giovanni Baroni,2009-01-21,17.0,,MF,Talleres (Córdoba),30,,,,,,,,espn,2026-08-01T01:26:19.198645+00:00
Talleres (Córdoba),Lautaro Ortiz,2008-01-16,18.0,,MF,Talleres (Córdoba),34,,,,,,,,espn,2026-08-01T01:26:19.198645+00:00
Talleres (Córdoba),Bruno Trey,,,,MF,Talleres (Córdoba),31,,,,,,,,espn,2026-08-01T01:26:19.198645+00:00
Talleres (Córdoba),Diego Valoyes,1996-09-22,29.0,,FW,Talleres (Córdoba),7,,,,,,,,espn,2026-08-01T01:26:19.198645+00:00
Talleres (Córdoba),Ronaldo Martínez,1996-04-25,30.0,,FW,Talleres (Córdoba),77,,,,,,,,espn,2026-08-01T01:26:19.198645+00:00
Talleres (Córdoba),Rick,1999-09-02,26.0,,FW,Talleres (Córdoba),37,,,,,,,,espn,2026-08-01T01:26:19.198645+00:00
Talleres (Córdoba),Valentin Depietri,2000-10-31,25.0,,FW,Talleres (Córdoba),11,,,,,,,,espn,2026-08-01T01:26:19.198645+00:00
Talleres (Córdoba),Bruno Barticciotto,2001-05-07,25.0,,FW,Talleres (Córdoba),10,,,,,,,,espn,2026-08-01T01:26:19.198645+00:00
Talleres (Córdoba),Valentín Dávila,2007-01-19,19.0,,FW,Talleres (Córdoba),49,,,,,,,,espn,2026-08-01T01:26:19.198645+00:00
Talleres (Córdoba),Ignacio Alastra,2007-10-29,18.0,,FW,Talleres (Córdoba),24,,,,,,,,espn,2026-08-01T01:26:19.198645+00:00
Talleres (Córdoba),Emiliano Chiavassa,2006-01-02,20.0,,FW,Talleres (Córdoba),36,,,,,,,,espn,2026-08-01T01:26:19.198645+00:00
Tigre,Tomas Sultani,1998-06-22,28.0,,GK,Tigre,26,,,,,,,,espn,2026-08-01T01:26:19.198645+00:00
Tigre,Felipe Zenobio,2000-05-22,26.0,,GK,Tigre,12,,,,,,,,espn,2026-08-01T01:26:19.198645+00:00
Tigre,Luka Fuster,2006-08-09,19.0,,GK,Tigre,1,,,,,,,,espn,2026-08-01T01:26:19.198645+00:00
Tigre,Máximo Leguizamón,2007-06-26,19.0,,GK,Tigre,13,,,,,,,,espn,2026-08-01T01:26:19.198645+00:00
Tigre,Juan Villalba,2006-03-15,20.0,,DF,Tigre,32,,,,,,,,espn,2026-08-01T01:26:19.198645+00:00
Tigre,Ramón Arias,1992-07-27,34.0,,DF,Tigre,42,,,,,,,,espn,2026-08-01T01:26:19.198645+00:00
Tigre,Federico Álvarez,1994-08-07,31.0,,DF,Tigre,24,,,,,,,,espn,2026-08-01T01:26:19.198645+00:00
Tigre,Guillermo Soto,1994-01-19,32.0,,DF,Tigre,17,,,,,,,,espn,2026-08-01T01:26:19.198645+00:00
Tigre,Joaquín Laso,1990-07-04,36.0,,DF,Tigre,2,,,,,,,,espn,2026-08-01T01:26:19.198645+00:00
Tigre,Nahuel Banegas,1996-10-06,29.0,,DF,Tigre,3,,,,,,,,espn,2026-08-01T01:26:19.198645+00:00
Tigre,Alan Barrionuevo,1997-01-02,29.0,,DF,Tigre,20,,,,,,,,espn,2026-08-01T01:26:19.198645+00:00
Tigre,Gonzalo Requena,2003-03-04,23.0,,DF,Tigre,23,,,,,,,,espn,2026-08-01T01:26:19.198645+00:00
Tigre,Thiago Sanchez,2005-11-25,20.0,,DF,Tigre,46,,,,,,,,espn,2026-08-01T01:26:19.198645+00:00
Tigre,Valentin Moreno,2003-02-19,23.0,,DF,Tigre,4,,,,,,,,espn,2026-08-01T01:26:19.198645+00:00
Tigre,Angelo Marchese,2004-08-02,21.0,,DF,Tigre,15,,,,,,,,espn,2026-08-01T01:26:19.198645+00:00
Tigre,Luciano Minniti,2005-09-23,20.0,,DF,Tigre,40,,,,,,,,espn,2026-08-01T01:26:19.198645+00:00
Tigre,Bautista Feversani,2008-01-12,18.0,,DF,Tigre,37,,,,,,,,espn,2026-08-01T01:26:19.198645+00:00
Tigre,Alex González,2007-02-03,19.0,,DF,Tigre,38,,,,,,,,espn,2026-08-01T01:26:19.198645+00:00
Tigre,Lucas Molas,2007-06-07,19.0,,DF,Tigre,41,,,,,,,,espn,2026-08-01T01:26:19.198645+00:00
Tigre,Román Saravia,2006-07-25,20.0,,DF,Tigre,48,,,,,,,,espn,2026-08-01T01:26:19.198645+00:00
Tigre,Fabricio Córdoba,2001-10-17,24.0,,DF,Tigre,52,,,,,,,,espn,2026-08-01T01:26:19.198645+00:00
Tigre,Gonzalo Martínez,1993-06-13,33.0,,MF,Tigre,28,,,,,,,,espn,2026-08-01T01:26:19.198645+00:00
Tigre,Marco Rivas,2008-05-15,18.0,,MF,Tigre,72,,,,,,,,espn,2026-08-01T01:26:19.198645+00:00
Tigre,Jalil Elías,1996-04-25,30.0,,MF,Tigre,30,,,,,,,,espn,2026-08-01T01:26:19.198645+00:00
Tigre,Gastón Pérez,2006-04-21,20.0,,MF,Tigre,44,,,,,,,,espn,2026-08-01T01:26:19.198645+00:00
Tigre,Hector Garay,1999-06-12,27.0,,MF,Tigre,8,,,,,,,,espn,2026-08-01T01:26:19.198645+00:00
Tigre,Sebastián Medina,2000-03-15,26.0,,MF,Tigre,21,,,,,,,,espn,2026-08-01T01:26:19.198645+00:00
Tigre,Bruno Leyes,2001-10-30,24.0,,MF,Tigre,5,,,,,,,,espn,2026-08-01T01:26:19.198645+00:00
Tigre,Simón Rivero,2003-04-16,23.0,,MF,Tigre,7,,,,,,,,espn,2026-08-01T01:26:19.198645+00:00
Tigre,Elías Cabrera,2003-02-25,23.0,,MF,Tigre,33,,,,,,,,espn,2026-08-01T01:26:19.198645+00:00
Tigre,Jabes Saralegui,2003-04-12,23.0,,MF,Tigre,10,,,,,,,,espn,2026-08-01T01:26:19.198645+00:00
Tigre,Joaquín Mosqueira,2004-11-01,21.0,,MF,Tigre,55,,,,,,,,espn,2026-08-01T01:26:19.198645+00:00
Tigre,Santiago González,2003-05-03,23.0,,MF,Tigre,27,,,,,,,,espn,2026-08-01T01:26:19.198645+00:00
Tigre,Tiago Serrago,2004-02-05,22.0,,MF,Tigre,11,,,,,,,,espn,2026-08-01T01:26:19.198645+00:00
Tigre,Sebastián Lezcano,2007-02-08,19.0,,MF,Tigre,47,,,,,,,,espn,2026-08-01T01:26:19.198645+00:00
Tigre,Nicolás Afonso,2007-02-28,19.0,,MF,Tigre,34,,,,,,,,espn,2026-08-01T01:26:19.198645+00:00
Tigre,Lucian Carracedo,2006-01-09,20.0,,MF,Tigre,36,,,,,,,,espn,2026-08-01T01:26:19.198645+00:00
Tigre,Román Pesolilla,2006-07-22,20.0,,MF,Tigre,45,,,,,,,,espn,2026-08-01T01:26:19.198645+00:00
Tigre,Alfio Oviedo,1995-12-18,30.0,,FW,Tigre,19,,,,,,,,espn,2026-08-01T01:26:19.198645+00:00
Tigre,José Romero,2003-03-25,23.0,,FW,Tigre,9,,,,,,,,espn,2026-08-01T01:26:19.198645+00:00
Tigre,Ignacio Russo,2000-12-13,25.0,,FW,Tigre,29,,,,,,,,espn,2026-08-01T01:26:19.198645+00:00
Tigre,Santiago López,2006-02-09,20.0,,FW,Tigre,22,,,,,,,,espn,2026-08-01T01:26:19.198645+00:00
Tigre,Manuel Fernández,2004-10-08,21.0,,FW,Tigre,18,,,,,,,,espn,2026-08-01T01:26:19.198645+00:00
Tigre,Ignacio Peluffo,2006-08-28,19.0,,FW,Tigre,50,,,,,,,,espn,2026-08-01T01:26:19.198645+00:00
Tigre,Jordan Andrusisen,2006-06-13,20.0,,FW,Tigre,35,,,,,,,,espn,2026-08-01T01:26:19.198645+00:00
Tigre,Benjamín Figueredo,2007-05-22,19.0,,FW,Tigre,43,,,,,,,,espn,2026-08-01T01:26:19.198645+00:00
Tigre,Brandon Leszczuk,2007-06-11,19.0,,FW,Tigre,49,,,,,,,,espn,2026-08-01T01:26:19.198645+00:00
Tigre,Santino Galesio,2008-07-24,18.0,,FW,Tigre,51,,,,,,,,espn,2026-08-01T01:26:19.198645+00:00
Unión (Santa Fe),Federico Gomes,2004-03-05,22.0,,GK,Unión (Santa Fe),28,,,,,,,,espn,2026-08-01T01:26:19.198645+00:00
Unión (Santa Fe),Matias Mansilla,1996-01-15,30.0,,GK,Unión (Santa Fe),21,,,,,,,,espn,2026-08-01T01:26:19.198645+00:00
Unión (Santa Fe),Lucas Meuli,2001-06-30,25.0,,GK,Unión (Santa Fe),40,,,,,,,,espn,2026-08-01T01:26:19.198645+00:00
Unión (Santa Fe),Bruno Pittón,1993-02-01,33.0,,DF,Unión (Santa Fe),12,,,,,,,,espn,2026-08-01T01:26:19.198645+00:00
Unión (Santa Fe),Juan Pintado,1997-07-28,29.0,,DF,Unión (Santa Fe),15,,,,,,,,espn,2026-08-01T01:26:19.198645+00:00
Unión (Santa Fe),Juan Ludueña,2003-02-11,23.0,,DF,Unión (Santa Fe),26,,,,,,,,espn,2026-08-01T01:26:19.198645+00:00
Unión (Santa Fe),Lautaro Vargas,2005-02-01,21.0,,DF,Unión (Santa Fe),35,,,,,,,,espn,2026-08-01T01:26:19.198645+00:00
Unión (Santa Fe),Mateo Aimar,2006-02-16,20.0,,DF,Unión (Santa Fe),36,,,,,,,,espn,2026-08-01T01:26:19.198645+00:00
Unión (Santa Fe),Maizon Rodríguez,2003-05-22,23.0,,DF,Unión (Santa Fe),2,,,,,,,,espn,2026-08-01T01:26:19.198645+00:00
Unión (Santa Fe),Tomás Fagioli,2005-08-22,20.0,,DF,Unión (Santa Fe),44,,,,,,,,espn,2026-08-01T01:26:19.198645+00:00
Unión (Santa Fe),Ignacio Isla,,,,DF,Unión (Santa Fe),33,,,,,,,,espn,2026-08-01T01:26:19.198645+00:00
Unión (Santa Fe),Nazareno Garcia Fazzi,,,,DF,Unión (Santa Fe),32,,,,,,,,espn,2026-08-01T01:26:19.198645+00:00
Unión (Santa Fe),Lucas Santiago,,,,DF,Unión (Santa Fe),18,,,,,,,,espn,2026-08-01T01:26:19.198645+00:00
Unión (Santa Fe),Augusto Solari,1992-01-03,34.0,,MF,Unión (Santa Fe),23,,,,,,,,espn,2026-08-01T01:26:19.198645+00:00
Unión (Santa Fe),Lucas Menossi,1992-07-11,34.0,,MF,Unión (Santa Fe),5,,,,,,,,espn,2026-08-01T01:26:19.198645+00:00
Unión (Santa Fe),Franco Fragapane,1993-02-06,33.0,,MF,Unión (Santa Fe),7,,,,,,,,espn,2026-08-01T01:26:19.198645+00:00
Unión (Santa Fe),Víctor Malcorra,1987-07-24,39.0,,MF,Unión (Santa Fe),,,,,,,,,espn,2026-08-01T01:26:19.198645+00:00
Unión (Santa Fe),Braian Cuello,1997-09-30,28.0,,MF,Unión (Santa Fe),22,,,,,,,,espn,2026-08-01T01:26:19.198645+00:00
Unión (Santa Fe),Mauro Luna Diale,1999-04-26,27.0,,MF,Unión (Santa Fe),,,,,,,,,espn,2026-08-01T01:26:19.198645+00:00
Unión (Santa Fe),Julián Palacios,1999-02-04,27.0,,MF,Unión (Santa Fe),20,,,,,,,,espn,2026-08-01T01:26:19.198645+00:00
Unión (Santa Fe),Santino Vera,2006-04-11,20.0,,MF,Unión (Santa Fe),29,,,,,,,,espn,2026-08-01T01:26:19.198645+00:00
Unión (Santa Fe),Emilio Giaccone,2005-01-14,21.0,,MF,Unión (Santa Fe),43,,,,,,,,espn,2026-08-01T01:26:19.198645+00:00
Unión (Santa Fe),Santiago Grella,2005-03-16,21.0,,MF,Unión (Santa Fe),46,,,,,,,,espn,2026-08-01T01:26:19.198645+00:00
Unión (Santa Fe),Mateo Peresutti,,,,MF,Unión (Santa Fe),34,,,,,,,,espn,2026-08-01T01:26:19.198645+00:00
Unión (Santa Fe),Lucas Cacciabue,,,,MF,Unión (Santa Fe),16,,,,,,,,espn,2026-08-01T01:26:19.198645+00:00
Unión (Santa Fe),Marcelo Estigarribia,1995-04-10,31.0,,FW,Unión (Santa Fe),19,,,,,,,,espn,2026-08-01T01:26:19.198645+00:00
Unión (Santa Fe),Cristian Tarragona,1991-04-09,35.0,,FW,Unión (Santa Fe),25,,,,,,,,espn,2026-08-01T01:26:19.198645+00:00
Unión (Santa Fe),Eric Ramírez,1996-09-21,29.0,,FW,Unión (Santa Fe),,,,,,,,,espn,2026-08-01T01:26:19.198645+00:00
Unión (Santa Fe),Agustin Colazo,2000-11-15,25.0,,FW,Unión (Santa Fe),9,,,,,,,,espn,2026-08-01T01:26:19.198645+00:00
Unión (Santa Fe),Ricardo Solbes,2006-07-08,20.0,,FW,Unión (Santa Fe),45,,,,,,,,espn,2026-08-01T01:26:19.198645+00:00
Unión (Santa Fe),José Vanetta,2001-11-28,24.0,,FW,Unión (Santa Fe),,,,,,,,,espn,2026-08-01T01:26:19.198645+00:00
Unión (Santa Fe),Misael Aguirre,2007-10-29,18.0,,FW,Unión (Santa Fe),31,,,,,,,,espn,2026-08-01T01:26:19.198645+00:00
Unión (Santa Fe),Valentín Jesús Cerrudo,,,,FW,Unión (Santa Fe),38,,,,,,,,espn,2026-08-01T01:26:19.198645+00:00
Vélez Sarsfield,Tomás Marchiori,1995-06-20,31.0,,GK,Vélez Sarsfield,1,,,,,,,,espn,2026-08-01T01:26:19.198645+00:00
Vélez Sarsfield,Agustín Cortez,2007-03-15,19.0,,GK,Vélez Sarsfield,42,,,,,,,,espn,2026-08-01T01:26:19.198645+00:00
Vélez Sarsfield,Álvaro Busso,2006-10-11,19.0,,GK,Vélez Sarsfield,34,,,,,,,,espn,2026-08-01T01:26:19.198645+00:00
Vélez Sarsfield,Emanuel Mammana,1996-02-10,30.0,,DF,Vélez Sarsfield,2,,,,,,,,espn,2026-08-01T01:26:19.198645+00:00
Vélez Sarsfield,Lisandro Magallán,1993-09-27,32.0,,DF,Vélez Sarsfield,16,,,,,,,,espn,2026-08-01T01:26:19.198645+00:00
Vélez Sarsfield,Elias Gomez,1994-06-09,32.0,,DF,Vélez Sarsfield,3,,,,,,,,espn,2026-08-01T01:26:19.198645+00:00
Vélez Sarsfield,Joaquín García,2001-08-20,24.0,,DF,Vélez Sarsfield,4,,,,,,,,espn,2026-08-01T01:26:19.198645+00:00
Vélez Sarsfield,Jano Gordon,2004-06-16,22.0,,DF,Vélez Sarsfield,21,,,,,,,,espn,2026-08-01T01:26:19.198645+00:00
Vélez Sarsfield,Thiago Silveor,2006-04-18,20.0,,DF,Vélez Sarsfield,32,,,,,,,,espn,2026-08-01T01:26:19.198645+00:00
Vélez Sarsfield,Leo Cristaldo,2009-01-12,17.0,,DF,Vélez Sarsfield,19,,,,,,,,espn,2026-08-01T01:26:19.198645+00:00
Vélez Sarsfield,Demian Domínguez,2006-01-14,20.0,,DF,Vélez Sarsfield,49,,,,,,,,espn,2026-08-01T01:26:19.198645+00:00
Vélez Sarsfield,Simon Escobar,2009-07-17,17.0,,DF,Vélez Sarsfield,18,,,,,,,,espn,2026-08-01T01:26:19.198645+00:00
Vélez Sarsfield,Alexis Pereyra,2007-02-03,19.0,,DF,Vélez Sarsfield,47,,,,,,,,espn,2026-08-01T01:26:19.198645+00:00
Vélez Sarsfield,Diego Valdés,1994-01-30,32.0,,MF,Vélez Sarsfield,10,,,,,,,,espn,2026-08-01T01:26:19.198645+00:00
Vélez Sarsfield,Manuel Lanzini,1993-02-15,33.0,,MF,Vélez Sarsfield,22,,,,,,,,espn,2026-08-01T01:26:19.198645+00:00
Vélez Sarsfield,Rodrigo Aliendro,1991-02-16,35.0,,MF,Vélez Sarsfield,29,,,,,,,,espn,2026-08-01T01:26:19.198645+00:00
Vélez Sarsfield,Claudio Baeza,1993-12-23,32.0,,MF,Vélez Sarsfield,5,,,,,,,,espn,2026-08-01T01:26:19.198645+00:00
Vélez Sarsfield,Lucas Robertone,1997-03-18,29.0,,MF,Vélez Sarsfield,8,,,,,,,,espn,2026-08-01T01:26:19.198645+00:00
Vélez Sarsfield,Maximiliano Porcel,2006-01-02,20.0,,MF,Vélez Sarsfield,,,,,,,,,espn,2026-08-01T01:26:19.198645+00:00
Vélez Sarsfield,Luca Feler,2008-01-26,18.0,,MF,Vélez Sarsfield,48,,,,,,,,espn,2026-08-01T01:26:19.198645+00:00
Vélez Sarsfield,Matías Pellegrini,2000-03-11,26.0,,FW,Vélez Sarsfield,11,,,,,,,,espn,2026-08-01T01:26:19.198645+00:00
Vélez Sarsfield,Florián Monzón,2001-01-03,25.0,,FW,Vélez Sarsfield,23,,,,,,,,espn,2026-08-01T01:26:19.198645+00:00
Vélez Sarsfield,Álex Verón,2008-10-24,17.0,,FW,Vélez Sarsfield,17,,,,,,,,espn,2026-08-01T01:26:19.198645+00:00
Vélez Sarsfield,Dilan Godoy,2006-02-05,20.0,,FW,Vélez Sarsfield,15,,,,,,,,espn,2026-08-01T01:26:19.198645+00:00
Vélez Sarsfield,Tobías Andrada,2007-02-02,19.0,,FW,Vélez Sarsfield,50,,,,,,,,espn,2026-08-01T01:26:19.198645+00:00
Vélez Sarsfield,Matías Arias,2007-05-08,19.0,,FW,Vélez Sarsfield,35,,,,,,,,espn,2026-08-01T01:26:19.198645+00:00
Vélez Sarsfield,Thiago Aguirre,2009-02-14,17.0,,FW,Vélez Sarsfield,39,,,,,,,,espn,2026-08-01T01:26:19.198645+00:00
Vélez Sarsfield,Juan Policella,2009-08-03,16.0,,FW,Vélez Sarsfield,37,,,,,,,,espn,2026-08-01T01:26:19.198645+00:00
Vélez Sarsfield,Lautaro Piola,,,,FW,Vélez Sarsfield,30,,,,,,,,espn,2026-08-01T01:26:19.198645+00:00
